"date Y-m-d m:s";gas adc;LPG PPM;Theoretical Warmup;Warmup End;Curve: Power-law (9)
2026-08-08 12:31:12;218.33;17.741742077470786;218;;
2026-08-08 12:31:42;210.88;17.62819466155868;217.6974192643182;;
2026-08-08 12:32:12;207.27;17.62819466155868;217.39581883869062;;
2026-08-08 12:32:42;208.97;17.62819466155868;217.0951963808813;;
2026-08-08 12:33:12;209.28;17.62819466155868;216.79554955225478;;
2026-08-08 12:33:42;209.66;17.62819466155868;216.496876017774;;209.66
2026-08-08 12:34:12;204.97;17.62819466155868;216.19917344599753;;
2026-08-08 12:34:42;200.16;17.62819466155868;215.90243950907717;;
2026-08-08 12:35:12;195.58;17.62819466155868;215.60667188275562;;
2026-08-08 12:35:42;196;17.62819466155868;215.31186824636399;;
2026-08-08 12:36:12;197.58;17.62819466155868;215.0180262828191;;
2026-08-08 12:36:42;195.69;17.62819466155868;214.7251436786214;;
2026-08-08 12:37:12;194.13;17.62819466155868;214.4332181238521;;
2026-08-08 12:37:42;193.42;17.62819466155868;214.14224731217112;;
2026-08-08 12:38:12;195.72;17.62819466155868;213.85222894081426;;
2026-08-08 12:38:42;198.75;17.62819466155868;213.56316071059084;;
2026-08-08 12:39:12;198.75;17.62819466155868;213.27504032588143;;
2026-08-08 12:39:42;200.05;17.62819466155868;212.98786549463512;;
2026-08-08 12:40:12;200.28;17.62819466155868;212.70163392836722;;
2026-08-08 12:40:42;200.27;17.62819466155868;212.41634334215667;;
2026-08-08 12:41:12;199.38;17.62819466155868;212.13199145464364;;
2026-08-08 12:41:42;200.52;17.62819466155868;211.84857598802716;;
2026-08-08 12:42:12;205.61;17.62819466155868;211.56609466806242;;
2026-08-08 12:42:42;205.80;17.62819466155868;211.2845452240584;;
2026-08-08 12:43:12;203.91;17.62819466155868;211.0039253888756;;
2026-08-08 12:43:42;203.83;17.62819466155868;210.72423289892322;;
2026-08-08 12:44:12;200.58;17.62819466155868;210.44546549415696;;
2026-08-08 12:44:42;200.69;17.62819466155868;210.1676209180764;;
2026-08-08 12:45:12;201.13;17.62819466155868;209.8906969177226;;
2026-08-08 12:45:42;202.78;17.62819466155868;209.61469124367565;;
2026-08-08 12:46:12;201.66;17.62819466155868;209.33960165005203;;
2026-08-08 12:46:42;201.46;17.62819466155868;209.06542589450243;;
2026-08-08 12:47:12;201.39;17.62819466155868;208.79216173820896;;
2026-08-08 12:47:43;201.80;17.62819466155868;208.51980694588286;;
2026-08-08 12:48:13;200.30;17.62819466155868;208.2483592857621;;
2026-08-08 12:48:43;200.22;17.62819466155868;207.97781652960862;;
2026-08-08 12:49:13;197.61;17.62819466155868;207.7081764527061;;
2026-08-08 12:49:43;195.57;17.62819466155868;207.4394368338575;;
2026-08-08 12:50:13;193;17.62819466155868;207.17159545538232;;
2026-08-08 12:50:43;190.86;17.62819466155868;206.90465010311448;;
2026-08-08 12:51:13;190.41;17.62819466155868;206.63859856639957;;
2026-08-08 12:51:43;188.47;17.62819466155868;206.37343863809235;;
2026-08-08 12:52:13;188.28;17.62819466155868;206.10916811455465;;
2026-08-08 12:52:43;188.02;17.62819466155868;205.84578479565238;;
2026-08-08 12:53:13;186.96;17.62819466155868;205.58328648475347;;
2026-08-08 12:53:43;188.46;17.62819466155868;205.32167098872515;;
2026-08-08 12:54:13;187.72;17.62819466155868;205.06093611793145;;
2026-08-08 12:54:43;185.52;17.62819466155868;204.801079686231;;
2026-08-08 12:55:13;183.61;17.62819466155868;204.5420995109742;;
2026-08-08 12:55:43;181.28;17.62819466155868;204.28399341300093;;
2026-08-08 12:56:13;180.22;17.62819466155868;204.0267592166381;;
2026-08-08 12:56:43;179.46;17.62819466155868;203.77039474969703;;
2026-08-08 12:57:13;179.63;17.62819466155868;203.5148978434711;;
2026-08-08 12:57:43;179.67;17.62819466155868;203.26026633273318;;
2026-08-08 12:58:13;177.63;17.62819466155868;203.00649805573306;;
2026-08-08 12:58:43;176.11;17.62819466155868;202.75359085419538;;
2026-08-08 12:59:13;175.44;17.62819466155868;202.5015425733165;;
2026-08-08 12:59:43;174.77;17.62819466155868;202.2503510617626;;
2026-08-08 13:00:13;174.38;17.62819466155868;202.00001417166683;;
2026-08-08 13:00:43;174.44;17.62819466155868;201.750529758627;;
2026-08-08 13:01:13;173.66;17.62819466155868;201.5018956817031;;
2026-08-08 13:01:43;171.86;17.62819466155868;201.25410980341462;;
2026-08-08 13:02:13;172.02;17.62819466155868;201.00716998973832;;
2026-08-08 13:02:43;173.17;17.62819466155868;200.76107411010557;;
2026-08-08 13:03:13;178.60;17.62819466155868;200.51582003739992;;
2026-08-08 13:03:43;180.08;17.62819466155868;200.27140564795468;;
2026-08-08 13:04:14;178.99;17.62819466155868;200.02782882155023;;
2026-08-08 13:04:44;179.27;17.62819466155868;199.78508744141172;;
2026-08-08 13:05:14;179.66;17.62819466155868;199.54317939420656;;
2026-08-08 13:05:44;180.17;17.62819466155868;199.30210257004182;;
2026-08-08 13:06:14;181.02;17.62819466155868;199.06185486246193;;
2026-08-08 13:06:44;183.08;17.62819466155868;198.8224341684459;;
2026-08-08 13:07:14;184.85;17.62819466155868;198.5838383884051;;
2026-08-08 13:07:44;184.63;17.62819466155868;198.34606542618064;;
2026-08-08 13:08:14;184.25;17.62819466155868;198.10911318904095;;
2026-08-08 13:08:44;183.41;17.62819466155868;197.87297958767917;;
2026-08-08 13:09:14;182.36;17.62819466155868;197.63766253621077;;
2026-08-08 13:09:44;180.83;17.62819466155868;197.40315995217094;;
2026-08-08 13:10:14;180.19;17.62819466155868;197.1694697565123;;
2026-08-08 13:10:44;179.33;17.62819466155868;196.9365898736022;;
2026-08-08 13:11:14;178.33;17.62819466155868;196.70451823122028;;
2026-08-08 13:11:44;177.13;17.62819466155868;196.47325276055602;;
2026-08-08 13:12:14;175.80;17.62819466155868;196.24279139620623;;
2026-08-08 13:12:44;175.78;17.62819466155868;196.0131320761725;;
2026-08-08 13:13:14;175.92;17.62819466155868;195.78427274185879;;
2026-08-08 13:13:44;175.75;17.62819466155868;195.55621133806883;;
2026-08-08 13:14:14;175.13;17.62819466155868;195.32894581300377;;
2026-08-08 13:14:44;175.42;17.62819466155868;195.10247411825952;;
2026-08-08 13:15:14;175.85;17.62819466155868;194.87679420882432;;
2026-08-08 13:15:44;175.94;17.62819466155868;194.6519040430763;;
2026-08-08 13:16:14;176.66;17.62819466155868;194.42780158278086;;
2026-08-08 13:16:44;178.38;17.62819466155868;194.20448479308828;;
2026-08-08 13:17:14;180.61;17.62819466155868;193.98195164253113;;
2026-08-08 13:17:44;182.75;17.62819466155868;193.76020010302187;;
2026-08-08 13:18:14;180.30;17.62819466155868;193.53922814985023;;
2026-08-08 13:18:44;181.32;17.62819466155868;193.3190337616808;;
2026-08-08 13:19:14;181.92;17.62819466155868;193.0996149205505;;
2026-08-08 13:19:44;181.49;17.62819466155868;192.88096961186605;;
2026-08-08 13:20:15;182.03;17.62819466155868;192.6630958244015;;
2026-08-08 13:20:45;180.38;17.62819466155868;192.44599155029573;;
2026-08-08 13:21:15;182.49;17.62819466155868;192.22965478504992;;
2026-08-08 13:21:45;183.11;17.62819466155868;192.0140835275251;;
2026-08-08 13:22:15;183.33;17.62819466155868;191.79927577993948;;
2026-08-08 13:22:45;181.77;17.62819466155868;191.58522954786616;;
2026-08-08 13:23:15;180.69;17.62819466155868;191.37194284023062;;
2026-08-08 13:23:45;180.38;17.62819466155868;191.15941366930787;;
2026-08-08 13:24:15;180.38;17.62819466155868;190.94764005072045;;
2026-08-08 13:24:45;179.80;17.62819466155868;190.73662000343555;;
2026-08-08 13:25:15;182.17;17.62819466155868;190.52635154976258;;
2026-08-08 13:25:45;183.77;17.62819466155868;190.3168327153508;;
2026-08-08 13:26:15;185.30;17.62819466155868;190.1080615291867;;
2026-08-08 13:26:45;186.88;17.62819466155868;189.90003602359138;;
2026-08-08 13:27:15;186.83;17.62819466155868;189.69275423421837;;
2026-08-08 13:27:45;186.41;17.62819466155868;189.48621420005068;;
2026-08-08 13:28:15;186.30;17.62819466155868;189.28041396339876;;
2026-08-08 13:28:45;185.50;17.62819466155868;189.07535156989758;;
2026-08-08 13:29:15;183.97;17.62819466155868;188.8710250685043;;
2026-08-08 13:29:45;183.32;17.62819466155868;188.66743251149586;;
2026-08-08 13:30:15;182.61;17.62819466155868;188.46457195446627;;
2026-08-08 13:30:45;181.72;17.62819466155868;188.26244145632418;;
2026-08-08 13:31:15;180.83;17.62819466155868;188.0610390792904;;
2026-08-08 13:31:45;179.52;17.62819466155868;187.8603628888953;;
2026-08-08 13:32:15;178.75;17.62819466155868;187.66041095397645;;
2026-08-08 13:32:45;178.46;17.62819466155868;187.4611813466759;;
2026-08-08 13:33:15;178.25;17.62819466155868;187.26267214243776;;
2026-08-08 13:33:45;177.72;17.62819466155868;187.06488142000583;;
2026-08-08 13:34:15;176.94;17.62819466155868;186.8678072614208;;
2026-08-08 13:34:45;177;17.62819466155868;186.67144775201794;;
2026-08-08 13:35:15;176.97;17.62819466155868;186.47580098042454;;
2026-08-08 13:35:45;174.63;17.62819466155868;186.28086503855727;;
2026-08-08 13:36:15;172.74;17.62819466155868;186.08663802161993;;
2026-08-08 13:36:46;172.46;17.62819466155868;185.8931180281006;;
2026-08-08 13:37:16;172.50;17.62819466155868;185.7003031597694;;
2026-08-08 13:37:46;172.08;17.62819466155868;185.5081915216758;;
2026-08-08 13:38:16;172.05;17.62819466155868;185.31678122214615;;
2026-08-08 13:38:46;172.11;17.62819466155868;185.12607037278124;;
2026-08-08 13:39:16;171.94;17.62819466155868;184.9360570884536;;
2026-08-08 13:39:46;171.41;17.62819466155868;184.74673948730512;;
2026-08-08 13:40:16;170.42;17.62819466155868;184.55811569074456;;
2026-08-08 13:40:46;170.69;17.62819466155868;184.3701838234448;;
2026-08-08 13:41:16;169.86;17.62819466155868;184.18294201334064;;
2026-08-08 13:41:46;169.35;17.62819466155868;183.996388391626;;
2026-08-08 13:42:16;169.13;17.62819466155868;183.81052109275151;;
2026-08-08 13:42:46;169.17;17.62819466155868;183.62533825442205;;
2026-08-08 13:43:16;169.77;17.62819466155868;183.44083801759407;;
2026-08-08 13:43:46;170.38;17.62819466155868;183.25701852647325;;
2026-08-08 13:44:16;172.05;17.62819466155868;183.07387792851176;;
2026-08-08 13:44:46;172.16;17.62819466155868;182.89141437440588;;
2026-08-08 13:45:16;172.11;17.62819466155868;182.70962601809353;;
2026-08-08 13:45:46;172;17.62819466155868;182.5285110167515;;
2026-08-08 13:46:16;172.02;17.62819466155868;182.34806753079312;;
2026-08-08 13:46:46;170.27;17.62819466155868;182.16829372386582;;
2026-08-08 13:47:16;170.08;17.62819466155868;181.98918776284825;;
2026-08-08 13:47:46;170.33;17.62819466155868;181.81074781784807;;
2026-08-08 13:48:16;169.83;17.62819466155868;181.63297206219934;;
2026-08-08 13:48:46;169.11;17.62819466155868;181.45585867245995;;
2026-08-08 13:49:16;169.10;17.62819466155868;181.2794058284091;;
2026-08-08 13:49:46;168.61;17.62819466155868;181.10361171304464;;
2026-08-08 13:50:16;168.63;17.62819466155868;180.92847451258092;;
2026-08-08 13:50:46;167.58;17.62819466155868;180.75399241644578;;
2026-08-08 13:51:16;167.11;17.62819466155868;180.58016361727832;;
2026-08-08 13:51:46;167.02;17.62819466155868;180.40698631092636;;
2026-08-08 13:52:16;166.86;17.62819466155868;180.23445869644377;;
2026-08-08 13:52:46;166.22;17.62819466155868;180.0625789760879;;
2026-08-08 13:53:17;165.49;17.62819466155868;179.89134535531738;;
2026-08-08 13:53:47;165.33;17.62819466155868;179.7207560427891;;
2026-08-08 13:54:17;165.02;17.62819466155868;179.5508092503561;;
2026-08-08 13:54:47;164.97;17.62819466155868;179.38150319306476;;
2026-08-08 13:55:17;164.61;17.62819466155868;179.2128360891524;;
2026-08-08 13:55:47;164.33;17.62819466155868;179.04480616004471;;
2026-08-08 13:56:17;164.33;17.62819466155868;178.87741163035312;;
2026-08-08 13:56:47;164.11;17.62819466155868;178.71065072787246;;
2026-08-08 13:57:17;163.94;17.62819466155868;178.54452168357824;;
2026-08-08 13:57:47;164.02;17.62819466155868;178.37902273162413;;
2026-08-08 13:58:17;164;17.62819466155868;178.21415210933958;;
2026-08-08 13:58:47;164.02;17.62819466155868;178.04990805722707;;
2026-08-08 13:59:17;164.19;17.62819466155868;177.88628881895968;;
2026-08-08 13:59:47;164.10;17.62819466155868;177.72329264137855;;
2026-08-08 14:00:17;164.03;17.62819466155868;177.56091777449032;;
2026-08-08 14:00:47;163.94;17.62819466155868;177.39916247146456;;
2026-08-08 14:01:17;163.89;17.62819466155868;177.23802498863125;;
2026-08-08 14:01:47;163.64;17.62819466155868;177.07750358547833;;
2026-08-08 14:02:17;163.38;17.62819466155868;176.91759652464887;;
2026-08-08 14:02:47;163.22;17.62819466155868;176.7583020719389;;
2026-08-08 14:03:17;163.16;17.62819466155868;176.59961849629462;;
2026-08-08 14:03:47;162.97;17.62819466155868;176.44154406980994;;
2026-08-08 14:04:17;162.83;17.62819466155868;176.28407706772379;;
2026-08-08 14:04:47;162.78;17.62819466155868;176.1272157684179;;
2026-08-08 14:05:17;162.88;17.62819466155868;175.97095845341389;;
2026-08-08 14:05:47;162.83;17.62819466155868;175.81530340737086;;
2026-08-08 14:06:17;162.88;17.62819466155868;175.66024891808306;;
2026-08-08 14:06:47;163.07;17.62819466155868;175.50579327647688;;
2026-08-08 14:07:17;163.14;17.62819466155868;175.35193477660877;;
2026-08-08 14:07:47;162.97;17.62819466155868;175.19867171566236;;
2026-08-08 14:08:17;163.02;17.62819466155868;175.04600239394608;;
2026-08-08 14:08:47;162.91;17.62819466155868;174.89392511489055;;
2026-08-08 14:09:17;162.97;17.62819466155868;174.742438185046;;
2026-08-08 14:09:48;162.89;17.62819466155868;174.5915399140799;;
2026-08-08 14:10:18;162.63;17.62819466155868;174.44122861477405;;
2026-08-08 14:10:48;162.57;17.62819466155868;174.2915026030224;;
2026-08-08 14:11:18;162.28;17.62819466155868;174.14236019782825;;
2026-08-08 14:11:48;162.30;17.62819466155868;173.99379972130185;;
2026-08-08 14:12:18;161.42;17.62819466155868;173.8458194986577;;
2026-08-08 14:12:48;160.91;17.62819466155868;173.6984178582122;;
2026-08-08 14:13:18;160.89;17.62819466155868;173.55159313138077;;
2026-08-08 14:13:48;161;17.62819466155868;173.4053436526757;;
2026-08-08 14:14:18;161.66;17.62819466155868;173.25966775970323;;
2026-08-08 14:14:48;161.91;17.62819466155868;173.11456379316127;;
2026-08-08 14:15:18;161.49;17.62819466155868;172.97003009683658;;
2026-08-08 14:15:48;161.25;17.62819466155868;172.82606501760242;;
2026-08-08 14:16:18;161.41;17.62819466155868;172.68266690541597;;
2026-08-08 14:16:48;161.30;17.62819466155868;172.53983411331566;;
2026-08-08 14:17:18;161.03;17.62819466155868;172.39756499741867;;
2026-08-08 14:17:48;160.82;17.62819466155868;172.2558579169184;;
2026-08-08 14:18:18;160.69;17.62819466155868;172.11471123408182;;
2026-08-08 14:18:48;160.78;17.62819466155868;171.97412331424707;;
2026-08-08 14:19:18;160.78;17.62819466155868;171.8340925258207;;
2026-08-08 14:19:48;160.77;17.62819466155868;171.69461724027525;;
2026-08-08 14:20:18;160.74;17.62819466155868;171.55569583214665;;
2026-08-08 14:20:48;160.91;17.62819466155868;171.41732667903162;;
2026-08-08 14:21:18;160.91;17.62819466155868;171.27950816158514;;
2026-08-08 14:21:48;161.05;17.62819466155868;171.14223866351787;;
2026-08-08 14:22:18;161.16;17.62819466155868;171.00551657159357;;
2026-08-08 14:22:48;161.19;17.62819466155868;170.86934027562663;;
2026-08-08 14:23:18;160.80;17.62819466155868;170.73370816847938;;
2026-08-08 14:23:48;160.78;17.62819466155868;170.59861864605952;;
2026-08-08 14:24:18;161.05;17.62819466155868;170.46407010731772;;
2026-08-08 14:24:48;161.02;17.62819466155868;170.33006095424486;;
2026-08-08 14:25:18;161.13;17.62819466155868;170.19658959186953;;
2026-08-08 14:25:48;161.30;17.62819466155868;170.06365442825552;;
2026-08-08 14:26:19;161.19;17.62819466155868;169.93125387449916;;
2026-08-08 14:26:49;161.50;17.62819466155868;169.79938634472683;;
2026-08-08 14:27:19;161.41;17.62819466155868;169.66805025609224;;
2026-08-08 14:27:49;161.22;17.62819466155868;169.53724402877413;;
2026-08-08 14:28:19;160.99;17.62819466155868;169.4069660859734;;
2026-08-08 14:28:49;160.97;17.62819466155868;169.27721485391075;;
2026-08-08 14:29:19;160.86;17.62819466155868;169.14798876182402;;
2026-08-08 14:29:49;160.74;17.62819466155868;169.01928624196555;;
2026-08-08 14:30:19;160.77;17.62819466155868;168.89110572959976;;
2026-08-08 14:30:49;160.72;17.62819466155868;168.7634456630005;;
2026-08-08 14:31:19;160.61;17.62819466155868;168.63630448344844;;
2026-08-08 14:31:49;160.63;17.62819466155868;168.5096806352285;;
2026-08-08 14:32:19;160.66;17.62819466155868;168.38357256562742;;
2026-08-08 14:32:49;160.66;17.62819466155868;168.25797872493087;;
2026-08-08 14:33:19;160.53;17.62819466155868;168.13289756642126;;
2026-08-08 14:33:49;160.64;17.62819466155868;168.0083275463748;;
2026-08-08 14:34:19;160.78;17.62819466155868;167.88426712405928;;
2026-08-08 14:34:49;160.85;17.62819466155868;167.7607147617311;;
2026-08-08 14:35:19;160.75;17.62819466155868;167.63766892463298;;
2026-08-08 14:35:49;160.74;17.62819466155868;167.51512808099136;;
2026-08-08 14:36:19;160.61;17.62819466155868;167.39309070201364;;
2026-08-08 14:36:49;160.42;17.62819466155868;167.2715552618857;;
2026-08-08 14:37:19;160.61;17.62819466155868;167.15052023776948;;
2026-08-08 14:37:49;160.63;17.62819466155868;167.02998410980007;;
2026-08-08 14:38:19;160.52;17.62819466155868;166.90994536108337;;
2026-08-08 14:38:49;160.47;17.62819466155868;166.79040247769348;;
2026-08-08 14:39:19;160.50;17.62819466155868;166.67135394867;;
2026-08-08 14:39:49;160.47;17.62819466155868;166.55279826601554;;
2026-08-08 14:40:19;160.41;17.62819466155868;166.43473392469315;;
2026-08-08 14:40:49;160.52;17.62819466155868;166.3171594226237;;
2026-08-08 14:41:19;160.36;17.62819466155868;166.20007326068318;;
2026-08-08 14:41:49;160.47;17.62819466155868;166.08347394270035;;
2026-08-08 14:42:19;160.49;17.62819466155868;165.96735997545403;;
2026-08-08 14:42:50;160.38;17.62819466155868;165.85172986867042;;
2026-08-08 14:43:20;160.21;17.62819466155868;165.73658213502063;;
2026-08-08 14:43:50;160.08;17.62819466155868;165.6219152901181;;
2026-08-08 14:44:20;159.88;17.62819466155868;165.50772785251593;;
2026-08-08 14:44:50;159.97;17.62819466155868;165.39401834370437;;
2026-08-08 14:45:20;159.86;17.62819466155868;165.28078528810815;;
2026-08-08 14:45:50;160.05;17.62819466155868;165.16802721308395;;
2026-08-08 14:46:20;160;17.62819466155868;165.0557426489178;;
2026-08-08 14:46:50;159.88;17.62819466155868;164.94393012882242;;
2026-08-08 14:47:20;159.96;17.62819466155868;164.83258818893478;;
2026-08-08 14:47:50;160.10;17.62819466155868;164.72171536831328;;
2026-08-08 14:48:20;160.05;17.62819466155868;164.61131020893538;;
2026-08-08 14:48:50;159.92;17.62819466155868;164.5013712556949;;
2026-08-08 14:49:20;160.02;17.62819466155868;164.39189705639936;;
2026-08-08 14:49:50;160.22;17.62819466155868;164.28288616176752;;
2026-08-08 14:50:20;160.22;17.62819466155868;164.1743371254267;;
2026-08-08 14:50:50;159.92;17.62819466155868;164.06624850391023;;
2026-08-08 14:51:20;159.83;17.62819466155868;163.95861885665477;;
2026-08-08 14:51:50;159.33;17.62819466155868;163.85144674599783;;
2026-08-08 14:52:20;159.44;17.62819466155868;163.74473073717505;;
2026-08-08 14:52:50;159.33;17.62819466155868;163.63846939831768;;
2026-08-08 14:53:20;159.38;17.62819466155868;163.53266130044997;;
2026-08-08 14:53:50;159.27;17.62819466155868;163.42730501748656;;
2026-08-08 14:54:20;159.38;17.62819466155868;163.3223991262298;;
2026-08-08 14:54:50;159.24;17.62819466155868;163.21794220636738;;
2026-08-08 14:55:20;159.47;17.62819466155868;163.1139328404694;;
2026-08-08 14:55:50;159.36;17.62819466155868;163.01036961398603;;
2026-08-08 14:56:20;158.99;17.62819466155868;162.9072511152448;;
2026-08-08 14:56:50;159.08;17.62819466155868;162.80457593544804;;
2026-08-08 14:57:20;159.03;17.62819466155868;162.70234266867016;;
2026-08-08 14:57:50;159.08;17.62819466155868;162.6005499118552;;
2026-08-08 14:58:20;159.03;17.62819466155868;162.49919626481417;;
2026-08-08 14:58:50;159.41;17.62819466155868;162.39828033022235;;
2026-08-08 14:59:21;158.27;17.62819466155868;162.29780071361682;;
2026-08-08 14:59:51;158.19;17.62819466155868;162.19775602339377;;
2026-08-08 15:00:21;158.08;17.62819466155868;162.09814487080595;;
2026-08-08 15:00:51;158.05;17.62819466155868;161.99896586995996;;
2026-08-08 15:01:21;157.97;17.62819466155868;161.9002176378137;;
2026-08-08 15:01:51;158.03;17.62819466155868;161.8018987941739;;
2026-08-08 15:02:21;158.08;17.62819466155868;161.7040079616932;;
2026-08-08 15:02:51;157.71;17.62819466155868;161.60654376586783;;
2026-08-08 15:03:21;157.63;17.62819466155868;161.50950483503482;;
2026-08-08 15:03:51;157.38;17.62819466155868;161.41288980036947;;
2026-08-08 15:04:21;157.28;17.62819466155868;161.3166972958827;;
2026-08-08 15:04:51;157.33;17.62819466155868;161.22092595841852;;
2026-08-08 15:05:21;157.17;17.62819466155868;161.12557442765126;;
2026-08-08 15:05:51;157.22;17.62819466155868;161.03064134608306;;
2026-08-08 15:06:21;157.36;17.62819466155868;160.93612535904123;;
2026-08-08 15:06:51;157.22;17.62819466155868;160.84202511467572;;
2026-08-08 15:07:21;157.22;17.62819466155868;160.74833926395632;;
2026-08-08 15:07:51;156.97;17.62819466155868;160.6550664606702;;
2026-08-08 15:08:21;157.02;17.62819466155868;160.56220536141925;;
2026-08-08 15:08:51;156.83;17.62819466155868;160.46975462561738;;
2026-08-08 15:09:21;157;17.62819466155868;160.37771291548805;;
2026-08-08 15:09:51;157.07;17.62819466155868;160.2860788960615;;
2026-08-08 15:10:21;156.91;17.62819466155868;160.19485123517228;;
2026-08-08 15:10:51;156.82;17.62819466155868;160.10402860345647;;
2026-08-08 15:11:21;156.86;17.62819466155868;160.01360967434917;;
2026-08-08 15:11:51;156.91;17.62819466155868;159.92359312408186;;
2026-08-08 15:12:21;156.86;17.62819466155868;159.83397763167977;;
2026-08-08 15:12:51;156.74;17.62819466155868;159.74476187895914;;
2026-08-08 15:13:21;156.80;17.62819466155868;159.65594455052488;;
2026-08-08 15:13:51;156.86;17.62819466155868;159.5675243337676;;
2026-08-08 15:14:21;156.77;17.62819466155868;159.47949991886128;;
2026-08-08 15:14:51;156.78;17.62819466155868;159.39186999876048;;
2026-08-08 15:15:21;156.69;17.62819466155868;159.3046332691977;;
2026-08-08 15:15:52;156.83;17.62819466155868;159.21778842868082;;
2026-08-08 15:16:22;156.67;17.62819466155868;159.13133417849053;;
2026-08-08 15:16:52;156.75;17.62819466155868;159.04526922267758;;
2026-08-08 15:17:22;156.71;17.62819466155868;158.9595922680601;;
2026-08-08 15:17:52;156.78;17.62819466155868;158.8743020242213;;
2026-08-08 15:18:22;156.69;17.62819466155868;158.78939720350635;;
2026-08-08 15:18:52;156.67;17.62819466155868;158.70487652102022;;
2026-08-08 15:19:22;156.67;17.62819466155868;158.6207386946247;;
2026-08-08 15:19:52;156.58;17.62819466155868;158.53698244493592;;
2026-08-08 15:20:22;156.66;17.62819466155868;158.45360649532176;;
2026-08-08 15:20:52;156.66;17.62819466155868;158.3706095718991;;
2026-08-08 15:21:22;156.83;17.62819466155868;158.28799040353132;;
2026-08-08 15:21:52;156.61;17.62819466155868;158.20574772182547;;
2026-08-08 15:22:22;156.67;17.62819466155868;158.12388026112984;;
2026-08-08 15:22:52;156.72;17.62819466155868;158.04238675853122;;
2026-08-08 15:23:22;156.63;17.62819466155868;157.96126595385226;;
2026-08-08 15:23:52;156.63;17.62819466155868;157.88051658964886;;
2026-08-08 15:24:22;156.61;17.62819466155868;157.80013741120757;;
2026-08-08 15:24:52;156.53;17.62819466155868;157.7201271665428;;
2026-08-08 15:25:22;156.58;17.62819466155868;157.6404846063944;;
2026-08-08 15:25:52;156.64;17.62819466155868;157.56120848422486;;
2026-08-08 15:26:22;156.52;17.62819466155868;157.48229755621668;;
2026-08-08 15:26:52;156.61;17.62819466155868;157.40375058126983;;
2026-08-08 15:27:22;156.57;17.62819466155868;157.325566320999;;
2026-08-08 15:27:52;156.49;17.62819466155868;157.24774353973103;;
2026-08-08 15:28:22;156.52;17.62819466155868;157.17028100450221;;
2026-08-08 15:28:52;156.55;17.62819466155868;157.09317748505566;;
2026-08-08 15:29:22;156.52;17.62819466155868;157.01643175383876;;
2026-08-08 15:29:52;156.61;17.62819466155868;156.94004258600035;;
2026-08-08 15:30:22;156.55;17.62819466155868;156.86400875938816;;
2026-08-08 15:30:52;156.46;17.62819466155868;156.78832905454627;;
2026-08-08 15:31:22;156.38;17.62819466155868;156.71300225471228;;
2026-08-08 15:31:52;156.44;17.62819466155868;156.63802714581482;;
2026-08-08 15:32:23;156.38;17.62819466155868;156.56340251647075;;
2026-08-08 15:32:53;156.42;17.62819466155868;156.4891271579826;;
2026-08-08 15:33:23;156.50;17.657324108070252;156.41519986433605;;
2026-08-08 15:33:53;156.36;17.634505651440033;156.3416194321969;;
2026-08-08 15:34:23;156.44;17.68718072708455;156.26838466090888;;
2026-08-08 15:34:53;156.41;17.701944204858723;156.19549435249067;;
2026-08-08 15:35:23;156.41;17.72693565636974;156.12294731163334;;
2026-08-08 15:35:53;156.28;17.707024062282578;156.0507423456978;;
2026-08-08 15:36:23;156.27;17.728338119898574;155.97887826471205;;
2026-08-08 15:36:53;156.27;17.75300288891578;155.9073538813684;;
2026-08-08 15:37:23;156.19;17.749962086635723;155.8361680110211;;
2026-08-08 15:37:53;156.22;17.784775856804664;155.7653194716835;;
2026-08-08 15:38:23;156.08;17.760783013137033;155.69480708402543;;
2026-08-08 15:38:53;156.07;17.781559889928364;155.62462967137049;;
2026-08-08 15:39:23;155.91;17.750438824309168;155.55478605969347;;
2026-08-08 15:39:53;155.83;17.746820607662073;155.48527507761773;;
2026-08-08 15:40:23;155.82;17.76724153525177;155.41609555641242;;
2026-08-08 15:40:53;155.86;17.8048449366604;155.34724632998987;;
2026-08-08 15:41:23;155.86;17.828544750316304;155.278726234903;;
2026-08-08 15:41:53;155.77;17.82099941393283;155.2105341103425;;
2026-08-08 15:42:23;155.80;17.854877524173013;155.14266879813437;;
2026-08-08 15:42:53;155.66;17.829789528629572;155.0751291427371;;
2026-08-08 15:43:23;155.67;17.85652465060457;155.00791399123904;;
2026-08-08 15:43:53;155.66;17.87624098220827;154.94102219335582;;
2026-08-08 15:44:23;155.63;17.888922552778784;154.8744526014276;;
2026-08-08 15:44:53;155.58;17.894559231090234;154.8082040704164;;
2026-08-08 15:45:23;155.27;17.810021189988642;154.74227545790347;;
2026-08-08 15:45:53;155.39;17.87428452092809;154.6766656240867;;
2026-08-08 15:46:23;155.22;17.838011755255714;154.61137343177774;;
2026-08-08 15:46:53;155.24;17.867444982550026;154.54639774639952;;
2026-08-08 15:47:23;155.17;17.865594458095543;154.48173743598358;;
2026-08-08 15:47:53;155.36;17.95389034258318;154.41739137116727;;
2026-08-08 15:48:24;155.22;17.92748645238195;154.35335842519117;;
2026-08-08 15:48:54;155.36;17.99835539313771;154.28963747389642;;
2026-08-08 15:49:24;155.77;18.16380179684687;154.22622739572208;;
2026-08-08 15:49:54;155.63;18.136854631496785;154.1631270717023;;
2026-08-08 15:50:24;155.66;18.16937417873398;154.10033538546386;;
2026-08-08 15:50:54;155.44;18.114195803546185;154.03785122322338;;
2026-08-08 15:51:24;155.41;18.125458198953545;153.9756734737846;;
2026-08-08 15:51:54;155.11;18.042228664160678;153.9138010285359;;
2026-08-08 15:52:24;155.11;18.06372198526323;153.85223278144733;;
2026-08-08 15:52:54;154.99;18.043217402071456;153.7909676290682;;
2026-08-08 15:53:24;154.94;18.047043444615994;153.7300044705243;;
2026-08-08 15:53:54;154.88;18.047274586639155;153.6693422075152;;
2026-08-08 15:54:24;154.88;18.06835094006208;153.60897974431163;;
2026-08-08 15:54:54;154.77;18.05091380415235;153.54891598775268;;
2026-08-08 15:55:24;154.83;18.09275454961727;153.4891498472433;;
2026-08-08 15:55:54;154.67;18.057629296708082;153.42968023475157;;
2026-08-08 15:56:24;154.77;18.113266813626375;153.3705060648058;;
2026-08-08 15:56:54;154.77;18.13387807589121;153.3116262544922;;
2026-08-08 15:57:24;154.89;18.19649430753906;153.25303972345196;;
2026-08-08 15:57:54;154.88;18.213453404394564;153.1947453938786;;
2026-08-08 15:58:24;154.72;18.177649124250845;153.13674219051535;;
2026-08-08 15:58:54;154.69;18.18737246366576;153.0790290406525;;
2026-08-08 15:59:24;154.53;18.151401336139205;153.0216048741245;;
2026-08-08 15:59:54;154.64;18.210038089846343;152.96446862330757;;
2026-08-08 16:00:24;154.72;18.258148322641205;152.90761922311677;;
2026-08-08 16:00:54;154.67;18.260458044051045;152.85105561100346;;
2026-08-08 16:01:24;154.66;18.27674931983263;152.79477672695253;;
2026-08-08 16:01:54;154.61;18.278860526233967;152.7387815134798;;
2026-08-08 16:02:24;154.66;18.316115261253444;152.6830689156292;;
2026-08-08 16:02:54;155.08;18.484325033758186;152.6276378809702;;
2026-08-08 16:03:24;156.77;19.11109804698126;152.5724873595951;;
2026-08-08 16:03:54;156.91;19.182003066888264;152.51761630411622;;
2026-08-08 16:04:24;156.64;19.103636568891947;152.46302366966341;;
2026-08-08 16:04:55;156.36;19.021773582686297;152.40870841388116;;
2026-08-08 16:05:25;156.38;19.04860251769293;152.35466949692605;;
2026-08-08 16:05:55;156.41;19.078987475444716;152.30090588146396;;
2026-08-08 16:06:25;156.36;19.080253965489113;152.24741653266747;;
2026-08-08 16:06:55;155.97;18.958288265817135;152.19420041821306;;
2026-08-08 16:07:25;155.63;18.85476612022451;152.1412565082785;;
2026-08-08 16:07:55;155.46;18.812568856015346;152.08858377554006;;
2026-08-08 16:08:25;155.02;18.673640669696674;152.03618119516992;;
2026-08-08 16:08:55;154.92;18.656533945207187;151.98404774483342;;
2026-08-08 16:09:25;154.99;18.700108365978654;151.93218240468633;;
2026-08-08 16:09:55;154.85;18.668492124464002;151.88058415737217;;
2026-08-08 16:10:25;154.78;18.661820528526487;151.8292519880196;;
2026-08-08 16:10:55;154.61;18.619355155211206;151.77818488423952;;
2026-08-08 16:11:25;154.69;18.666062544067223;151.7273818361226;;
2026-08-08 16:11:55;154.77;18.712758206923606;151.67684183623638;;
2026-08-08 16:12:25;154.67;18.69496237002552;151.6265638796227;;
2026-08-08 16:12:55;154.72;18.730771198113704;151.5765469637949;;
2026-08-08 16:13:25;154.61;18.70919670945565;151.5267900887352;;
2026-08-08 16:13:55;154.63;18.734087079726674;151.47729225689193;;
2026-08-08 16:14:25;154.60;18.74098185146858;151.42805247317685;;
2026-08-08 16:14:55;154.55;18.740617257052996;151.37906974496244;;
2026-08-08 16:15:25;154.53;18.7509149336117;151.3303430820792;;
2026-08-08 16:15:55;154.47;18.74678185215821;151.28187149681293;;
2026-08-08 16:16:25;154.42;18.746142858271;151.233654003902;;
2026-08-08 16:16:55;154.47;18.781283927628404;151.1856896205347;;
2026-08-08 16:17:25;154.36;18.75893515411859;151.13797736634646;;
2026-08-08 16:17:55;154.28;18.747267687060116;151.0905162634172;;
2026-08-08 16:18:25;154.28;18.764197774421973;151.04330533626853;;
2026-08-08 16:18:55;154.27;18.77745995840824;150.99634361186114;;
2026-08-08 16:19:25;154.32;18.81219283345333;150.94963011959203;;
2026-08-08 16:19:55;154.36;18.84328389510664;150.90316389129183;;
2026-08-08 16:20:25;154.24;18.816752189851012;150.856943961222;;
2026-08-08 16:20:55;154.21;18.822494505127043;150.81096936607216;;
2026-08-08 16:21:26;154.22;18.842537262792213;150.7652391449575;;
2026-08-08 16:21:56;154.03;18.790595724241673;150.71975233941583;;
2026-08-08 16:22:26;154.22;18.875199882679862;150.67450799340503;;
2026-08-08 16:22:56;154;18.812237742060358;150.62950515330027;;
2026-08-08 16:23:26;154.05;18.84631381489599;150.5847428678913;;
2026-08-08 16:23:56;154.05;18.862338969123606;150.5402201883797;;
2026-08-08 16:24:26;154.10;18.89630653566229;150.4959361683762;;
2026-08-08 16:24:56;154.11;18.915797144868737;150.451889863898;;
2026-08-08 16:25:26;154.13;18.938826881057036;150.4080803333659;;
2026-08-08 16:25:56;153.80;18.835606222223632;150.3645066376017;;
2026-08-08 16:26:26;153.77;18.84040435879542;150.32116783982542;;
2026-08-08 16:26:56;154;18.938833137549388;150.27806300565268;;
2026-08-08 16:27:26;153.72;18.853349910291946;150.23519120309177;;
2026-08-08 16:27:56;153.82;18.90473796223882;150.19255150254114;;
2026-08-08 16:28:26;153.63;18.851567730918045;150.15014297678653;;
2026-08-08 16:28:56;153.58;18.84875287733412;150.10796470099822;;
2026-08-08 16:29:26;153.55;18.853053140641286;150.06601575272848;;
2026-08-08 16:29:56;153.64;18.90050339364314;150.02429521190868;;
2026-08-08 16:30:26;153.60;18.901041723680052;149.98280216084655;;
2026-08-08 16:30:56;153.63;18.926749922389188;149.9415356842236;;
2026-08-08 16:31:26;153.41;18.86224007321356;149.90049486909217;;
2026-08-08 16:31:56;153.30;18.83734275611818;149.85967880487294;;
2026-08-08 16:32:26;153.57;18.949297650806077;149.81908658335198;;
2026-08-08 16:32:56;153.53;18.949431040161915;149.77871729867812;;
2026-08-08 16:33:26;153.75;19.043563444957222;149.73857004736027;;
2026-08-08 16:33:56;153.49;18.963909879786993;149.6986439282645;;
2026-08-08 16:34:26;153.63;19.028935016985567;149.65893804261148;;
2026-08-08 16:34:56;153.49;18.992545690788436;149.6194514939737;;
2026-08-08 16:35:26;153.52;19.01761786696835;149.5801833882727;;
2026-08-08 16:35:56;153.42;18.995555468180132;149.54113283377626;;
2026-08-08 16:36:26;153.52;19.045836660178555;149.50229894109583;;
2026-08-08 16:36:56;153.39;19.012730527017347;149.46368082318367;;
2026-08-08 16:37:26;153.38;19.023016194009188;149.4252775953301;;
2026-08-08 16:37:57;153.39;19.040475940141153;149.38708837516083;;
2026-08-08 16:38:27;153.22;18.992668414387825;149.3491122826342;;
2026-08-08 16:38:57;153.36;19.05705871920632;149.3113484400383;;
2026-08-08 16:39:27;153.27;19.03804499100489;149.2737959719885;;
2026-08-08 16:39:57;153.21;19.029834945778408;149.2364540054244;;
2026-08-08 16:40:27;153.39;19.108614702151975;149.19932166960734;;
2026-08-08 16:40:57;153.08;19.009574525621208;149.1623980961174;;
2026-08-08 16:41:27;153.22;19.073624857403704;149.12568241885094;;
2026-08-08 16:41:57;153.21;19.083245983165977;149.08917377401758;;
2026-08-08 16:42:27;153.13;19.06738810247133;149.0528713001376;;
2026-08-08 16:42:57;153.02;19.040589830477007;149.0167741380392;;
2026-08-08 16:43:27;153.13;19.09351826456847;148.98088143085567;;
2026-08-08 16:43:57;152.92;19.030292045201364;148.94519232402266;;
2026-08-08 16:44:27;153.02;19.079422988962946;148.90970596527544;;
2026-08-08 16:44:57;153.03;19.095864257848376;148.87442150464616;;
2026-08-08 16:45:27;153.08;19.12678220825193;148.8393380944611;;
2026-08-08 16:45:57;153.03;19.12128642966532;148.80445488933782;;
2026-08-08 16:46:27;153.08;19.152087981799045;148.76977104618257;;
2026-08-08 16:46:57;153.05;19.153720376558688;148.73528572418735;;
2026-08-08 16:47:27;153.22;19.228173206024586;148.7009980848273;;
2026-08-08 16:47:57;153.24;19.247920781721177;148.66690729185783;;
2026-08-08 16:48:27;153.25;19.263956490631436;148.63301251131193;;
2026-08-08 16:48:57;153.32;19.301877625252892;148.59931291149744;;
2026-08-08 16:49:27;153.13;19.244670433235928;148.56580766299413;;
2026-08-08 16:49:57;152.92;19.180225320819773;148.53249593865118;;
2026-08-08 16:50:27;152.97;19.21052307876258;148.49937691358411;;
2026-08-08 16:50:57;153.02;19.240784526060594;148.46644976517237;;
2026-08-08 16:51:27;152.91;19.21258861715224;148.43371367305622;;
2026-08-08 16:51:57;153.05;19.27559594087878;148.40116781913426;;
2026-08-08 16:52:27;153.07;19.294743355373747;148.36881138756047;;
2026-08-08 16:52:57;152.94;19.25897576449567;148.33664356474154;;
2026-08-08 16:53:27;153.02;19.299919706302063;148.30466353933403;;
2026-08-08 16:53:57;152.86;19.2530476986191;148.2728705022417;;
2026-08-08 16:54:28;152.74;19.220778296159043;148.24126364661265;;
2026-08-08 16:54:58;152.77;19.243197190027065;148.20984216783654;;
2026-08-08 16:55:28;152.55;19.17435720460873;148.17860526354193;;
2026-08-08 16:55:58;152.61;19.207541629201867;148.1475521335934;;
2026-08-08 16:56:28;152.72;19.258961728983188;148.1166819800888;;
2026-08-08 16:56:58;152.71;19.26652137510136;148.0859940073565;;
2026-08-08 16:57:28;152.63;19.248439343334212;148.0554874219526;;
2026-08-08 16:57:58;152.72;19.29242034806624;148.0251614326581;;
2026-08-08 16:58:28;152.77;19.32175432910064;147.99501525047629;;
2026-08-08 16:58:58;152.69;19.303438323336668;147.96504808862977;;
2026-08-08 16:59:28;152.72;19.325327263066683;147.93525916255777;;
2026-08-08 16:59:58;152.55;19.273958217972513;147.9056476899134;;
2026-08-08 17:00:28;152.55;19.28472060326448;147.87621289056077;;
2026-08-08 17:00:58;152.47;19.26617054027546;147.84695398657232;;
2026-08-08 17:01:28;152.32;19.22201642520194;147.81787020222595;;
2026-08-08 17:01:58;152.49;19.294688707421678;147.78896076400227;;
2026-08-08 17:02:28;152.44;19.28691053939587;147.76022490058182;;
2026-08-08 17:02:58;152.38;19.275415333990402;147.73166184284236;;
2026-08-08 17:03:28;152.32;19.26386209593241;147.70327082385583;;
2026-08-08 17:03:58;152.35;19.285145488947332;147.67505107888593;;
2026-08-08 17:04:28;152.46;19.335678460937913;147.64700184538503;;
2026-08-08 17:04:58;152.47;19.349560580271838;147.6191223629915;;
2026-08-08 17:05:28;152.32;19.304769054777527;147.59141187352694;;
2026-08-08 17:05:58;152.24;19.285577566214574;147.56386962099333;;
2026-08-08 17:06:28;152.22;19.288274786872748;147.53649485157032;;
2026-08-08 17:06:58;152.13;19.265318002095196;147.50928681361233;;
2026-08-08 17:07:28;151.78;19.14754879659714;147.4822447576459;;
2026-08-08 17:07:58;151.63;19.102784954790547;147.4553679363667;;
2026-08-08 17:08:28;151.17;18.945841454390347;147.42865560463693;;
2026-08-08 17:08:58;149.86;18.486288250474182;147.40210701948237;;
2026-08-08 17:09:29;150.83;18.842363746204107;147.37572144008976;;
2026-08-08 17:09:58;151.22;18.99252881913356;147.34949812780377;;
2026-08-08 17:10:28;151.53;19.114387213191982;147.32343634612442;;
2026-08-08 17:10:59;151.72;19.192964708366507;147.29753536070416;;
2026-08-08 17:11:29;151.77;19.22058463669246;147.27179443934506;;
2026-08-08 17:11:59;152.08;19.343296366259132;147.24621285199612;;
2026-08-08 17:12:29;151.91;19.290361487869863;147.22078987075034;;
2026-08-08 17:12:59;151.97;19.321567742623724;147.19552476984194;;
2026-08-08 17:13:29;151.63;19.206496971881858;147.17041682564368;;
2026-08-08 17:13:59;151.41;19.135463532397385;147.14546531666392;;
2026-08-08 17:14:29;151.66;19.235593120771497;147.1206695235438;;
2026-08-08 17:14:59;151.63;19.233636817388668;147.09602872905455;;
2026-08-08 17:15:29;151.91;19.34500816168865;147.0715422180946;;
2026-08-08 17:15:59;151.78;19.306307143010045;147.04720927768685;;
2026-08-08 17:16:29;151.55;19.231081605444807;147.0230291969757;;
2026-08-08 17:16:59;151.44;19.19972082141616;146.9990012672244;;
2026-08-08 17:17:29;151.74;19.318052446770956;146.97512478181218;;
2026-08-08 17:17:59;151.25;19.147856530746445;146.95139903623146;;
2026-08-08 17:18:29;151.46;19.232981755363117;146.92782332808494;;
2026-08-08 17:18:59;151.67;19.318318943047498;146.90439695708292;;
2026-08-08 17:19:29;151.46;19.250034747947613;146.88111922504046;;
2026-08-08 17:19:59;152.36;19.589290054771404;146.85798943587443;;
2026-08-08 17:20:29;152.30;19.575605309003773;146.83500689560086;;
2026-08-08 17:20:59;152.27;19.572957669915056;146.81217091233205;;
2026-08-08 17:21:29;152.11;19.522260276695786;146.78948079627375;;
2026-08-08 17:21:59;152.13;19.537958740500336;146.7669358597223;;
2026-08-08 17:22:29;151.99;19.494587930965213;146.74453541706197;;
2026-08-08 17:22:59;152.11;19.547060922317566;146.72227878476187;;
2026-08-08 17:23:29;152.19;19.584788099567376;146.7001652813734;;
2026-08-08 17:23:59;152.17;19.58551683684231;146.67819422752726;;
2026-08-08 17:24:29;152.30;19.641708681967053;146.65636494593065;;
2026-08-08 17:24:59;152.19;19.609010744594535;146.63467676136452;;
2026-08-08 17:25:29;152.19;19.61698537297827;146.61312900068063;;
2026-08-08 17:25:59;152.33;19.676793865875936;146.59172099279886;;
2026-08-08 17:26:29;152.24;19.65131037181444;146.57045206870418;;
2026-08-08 17:26:59;152.22;19.65172934249037;146.5493215614441;;
2026-08-08 17:27:30;152;19.578073589473387;146.5283288061255;;
2026-08-08 17:28:00;152.13;19.633889756598457;146.50747313991218;;
2026-08-08 17:28:30;152.25;19.686056718590994;146.48675390202166;;
2026-08-08 17:29:00;152.19;19.671434494321968;146.46617043372262;;
2026-08-08 17:29:30;152.27;19.708712646316325;146.44572207833193;;
2026-08-08 17:30:00;152.02;19.623545401992704;146.4254081812118;;
2026-08-08 17:30:30;152.13;19.67178398307685;146.40522808976704;;
2026-08-08 17:31:00;152.16;19.69035128182002;146.3851811534422;;
2026-08-08 17:31:30;151.92;19.608792437155152;146.36526672371863;;
2026-08-08 17:32:00;151.94;19.623517274454308;146.34548415411177;;
2026-08-08 17:32:30;152.11;19.693820871320995;146.3258328001682;;
2026-08-08 17:33:00;151.96;19.645433273530454;146.30631201946292;;
2026-08-08 17:33:30;151.94;19.645207569538044;146.2869211715964;;
2026-08-08 17:34:00;152.05;19.693142823983017;146.26765961819174;;
2026-08-08 17:34:30;151.88;19.637203431810374;146.24852672289197;;
2026-08-08 17:35:00;152.14;19.740742839255734;146.22952185135696;;
2026-08-08 17:35:30;152.10;19.7328907550526;146.21064437126086;;
2026-08-08 17:36:00;152.08;19.732426416538605;146.19189365228897;;
2026-08-08 17:36:30;152.17;19.7728293612448;146.17326906613508;;
2026-08-08 17:37:00;152.02;19.72392500055262;146.1547699864986;;
2026-08-08 17:37:30;152.07;19.749342251810777;146.13639578908163;;
2026-08-08 17:38:00;152.30;19.841820660640263;146.11814585158615;;
2026-08-08 17:38:30;152.32;19.856050582460004;146.10001955371118;;
2026-08-08 17:39:00;152.16;19.803089553655692;146.08201627714996;;
2026-08-08 17:39:30;152.30;19.861981169449564;146.064135405587;;
2026-08-08 17:40:00;152.05;19.77539508910901;146.04637632469527;;
2026-08-08 17:40:30;152.16;19.82294906866807;146.02873842213344;;
2026-08-08 17:41:00;152.16;19.82948179293473;146.01122108754282;;
2026-08-08 17:41:30;152.17;19.83970212296049;145.9938237125447;;
2026-08-08 17:42:00;152.22;19.864815346339572;145.97654569073737;;
2026-08-08 17:42:30;152.17;19.852553908881003;145.95938641769328;;
2026-08-08 17:43:00;152.19;19.86638399666111;145.94234529095624;;
2026-08-08 17:43:30;152.07;19.82791511978455;145.92542171003848;;
2026-08-08 17:44:01;152.22;19.890194957207928;145.90861507641782;;
2026-08-08 17:44:31;152.13;19.862806634145002;145.89192479353483;;
2026-08-08 17:45:01;152.13;19.86899650112291;145.87535026678987;;
2026-08-08 17:45:31;152.36;19.961199370997377;145.85889090354036;;
2026-08-08 17:46:01;152.08;19.86257462474311;145.8425461130978;;
2026-08-08 17:46:31;152.05;19.857433507172942;145.82631530672498;;
2026-08-08 17:47:01;152.11;19.885865870059842;145.81019789763303;;
2026-08-08 17:47:31;152.11;19.891847774430293;145.79419330097866;;
2026-08-08 17:48:01;152.11;19.897788990361853;145.77830093386112;;
2026-08-08 17:48:31;152.11;19.903689708714417;145.7625202153195;;
2026-08-08 17:49:01;152.25;19.961963941284953;145.74685056632978;;
2026-08-08 17:49:31;152.03;19.885457203572262;145.73129140980194;;
2026-08-08 17:50:01;152.19;19.9511019355378;145.71584217057708;;
2026-08-08 17:50:31;151.96;19.87080727338371;145.70050227542458;;
2026-08-08 17:51:01;152.16;19.95131583283545;145.68527115303922;;
2026-08-08 17:51:31;152.08;19.927023917019927;145.67014823403832;;
2026-08-08 17:52:01;152.13;19.951367602157315;145.65513295095872;;
2026-08-08 17:52:31;152.10;19.945714908334015;145.64022473825406;;
2026-08-08 17:53:01;151.86;19.86150036790947;145.6254230322919;;
2026-08-08 17:53:31;152.03;19.93055010808281;145.61072727135067;;
2026-08-08 17:54:01;152.03;19.93601203983006;145.59613689561695;;
2026-08-08 17:54:31;151.94;19.907754509814563;145.58165134718254;;
2026-08-08 17:55:01;152.11;19.97679993598696;145.56727007004147;;
2026-08-08 17:55:31;152.17;20.004662507120067;145.55299251008734;;
2026-08-08 17:56:01;152.08;19.97621953433081;145.53881811511013;;
2026-08-08 17:56:31;151.97;19.94027685104096;145.5247463347936;;
2026-08-08 17:57:01;151.96;19.941763328122804;145.5107766207122;;
2026-08-08 17:57:31;151.83;19.89830962632184;145.49690842632828;;
2026-08-08 17:58:01;151.67;19.843688138733125;145.4831412069891;;
2026-08-08 17:58:31;151.60;19.822674626959646;145.4694744199241;;
2026-08-08 17:59:01;151.69;19.86131946009527;145.4559075242418;;
2026-08-08 17:59:31;150.71;19.50273155338846;145.44243998092705;;
2026-08-08 18:00:01;150.33;19.367914158573047;145.42907125283807;;
2026-08-08 18:00:32;149.47;19.059070678169142;145.4158008047036;;
2026-08-08 18:01:02;150.24;19.344610173404305;145.4026281031199;;
2026-08-08 18:01:32;150.11;19.30178990861089;145.38955261654795;;
2026-08-08 18:02:02;149.69;19.153251576714897;145.37657381531054;;
2026-08-08 18:02:32;149.46;19.074347447714718;145.3636911715893;;
2026-08-08 18:03:02;149.75;19.184448622058497;145.35090415942182;;
2026-08-08 18:03:32;150.97;19.63731991528641;145.33821225469876;;
2026-08-08 18:04:02;151.27;19.753352010463274;145.32561493516098;;
2026-08-08 18:04:32;151.36;19.7915051295024;145.31311168039656;;
2026-08-08 18:05:02;151.13;19.71057700466728;145.3007019718379;;
2026-08-08 18:05:32;150.67;19.544806420374396;145.28838529275885;;
2026-08-08 18:06:02;148.69;18.8278186578917;145.27616112827178;;
2026-08-08 18:06:32;149.55;19.143261219001946;145.26402896532468;;
2026-08-08 18:07:02;149.33;19.067708454828864;145.25198829269817;;
2026-08-08 18:07:32;148.91;18.920072935104336;145.24003860100268;;
2026-08-08 18:08:02;150.49;19.500615975212884;145.22817938267553;;
2026-08-08 18:08:32;150.52;19.516016075701444;145.2164101319779;;
2026-08-08 18:09:02;150.77;19.612691537368256;145.20473034499213;;
2026-08-08 18:09:32;150.75;19.609579587783664;145.19313951961848;;
2026-08-08 18:10:02;150.58;19.550990214434773;145.1816371555725;;
2026-08-08 18:10:32;150.50;19.525675601198575;145.17022275438202;;
2026-08-08 18:11:02;150.66;19.588954899030867;145.15889581938413;;
2026-08-08 18:11:32;150.38;19.489753322158634;145.14765585572235;;
2026-08-08 18:12:02;150.36;19.486494043358608;145.13650237034372;;
2026-08-08 18:12:32;150.27;19.45743035457813;145.12543487199576;;
2026-08-08 18:13:02;150.30;19.472516489455185;145.11445287122373;;
2026-08-08 18:13:32;150.17;19.428695612100665;145.1035558803675;;
2026-08-08 18:14:02;150.16;19.42899430222194;145.09274341355874;;
2026-08-08 18:14:32;150.19;19.443971596382514;145.08201498671792;;
2026-08-08 18:15:02;150.13;19.425823001245384;145.07137011755145;;
2026-08-08 18:15:32;150.02;19.389294456068768;145.06080832554872;;
2026-08-08 18:16:02;149.86;19.33445940877529;145.05032913197908;;
2026-08-08 18:16:32;149.75;19.297991969253736;145.03993205988908;;
2026-08-08 18:17:03;150;19.393403291364805;145.02961663409934;;
2026-08-08 18:17:33;149.42;19.185003109192053;145.01938238120175;;
2026-08-08 18:18:03;149.13;19.083225997600604;145.00922882955646;;
2026-08-08 18:18:33;148.74;18.945660908048104;144.99915550928893;;
2026-08-08 18:19:03;148.25;18.772859880156773;144.98916195228705;;
2026-08-08 18:19:33;148.41;18.833901011526663;144.97924769219816;;
2026-08-08 18:20:03;149.21;19.126755240709226;144.9694122644261;;
2026-08-08 18:20:33;149.61;19.276148934575243;144.95965520612822;;
2026-08-08 18:21:03;149.77;19.338252749675572;144.94997605621256;;
2026-08-08 18:21:33;150.11;19.466654554008393;144.94037435533477;;
2026-08-08 18:22:03;150.38;19.56975056864637;144.93084964589525;;
2026-08-08 18:22:33;150.47;19.606522459815455;144.92140147203608;;
2026-08-08 18:23:03;150.44;19.598891090270016;144.91202937963823;;
2026-08-08 18:23:33;150.50;19.624535886698716;144.90273291631848;;
2026-08-08 18:24:03;150.52;19.63535701622465;144.89351163142652;;
2026-08-08 18:24:33;150.36;19.57953872284052;144.88436507604197;;
2026-08-08 18:25:03;150.63;19.68288841856423;144.87529280297147;;
2026-08-08 18:25:33;150.80;19.74937997147533;144.86629436674562;;
2026-08-08 18:26:03;150.72;19.722959185862127;144.85736932361615;;
2026-08-08 18:26:33;150.58;19.674272977682566;144.84851723155282;;
2026-08-08 18:27:03;150.75;19.74066260703143;144.8397376502406;;
2026-08-08 18:27:33;150.71;19.729030759099555;144.8310301410766;;
2026-08-08 18:28:03;150.61;19.695097172437176;144.82239426716714;;
2026-08-08 18:28:33;150.78;19.761456460500145;144.81382959332478;;
2026-08-08 18:29:03;150.82;19.779505304704898;144.80533568606535;;
2026-08-08 18:29:33;150.77;19.764030350563537;144.796912113605;;
2026-08-08 18:30:03;150.86;19.800651906167115;144.78855844585723;;
2026-08-08 18:30:33;150.63;19.718164699762784;144.78027425442988;;
2026-08-08 18:31:03;150.99;19.85528917298153;144.77205911262214;;
2026-08-08 18:31:33;150.72;19.75770515150439;144.76391259542171;;
2026-08-08 18:32:03;151;19.865081018573456;144.75583427950164;;
2026-08-08 18:32:33;150.97;19.856870346954413;144.7478237432175;;
2026-08-08 18:33:03;150.97;19.859835982153598;144.7398805666043;;
2026-08-08 18:33:34;150.80;19.799368035835286;144.7320043313736;;
2026-08-08 18:34:04;150.83;19.81345842240563;144.72419462091042;;
2026-08-08 18:34:34;150.77;19.793986119194965;144.71645102027037;;
2026-08-08 18:35:04;150.94;19.8602494806387;144.70877311617664;;
2026-08-08 18:35:34;150.91;19.85189168969566;144.7011604970169;;
2026-08-08 18:36:04;150.77;19.80249467860528;144.69361275284052;;
2026-08-08 18:36:34;150.74;19.79410589511011;144.68612947535533;;
2026-08-08 18:37:04;150.77;19.80804810284904;144.67871025792493;;
2026-08-08 18:37:34;150.83;19.83316192769273;144.67135469556538;;
2026-08-08 18:38:04;150.80;19.824692750270437;144.66406238494247;;
2026-08-08 18:38:34;150.64;19.76778108920648;144.65683292436862;;
2026-08-08 18:39:04;150.72;19.800239278603833;144.64966591379977;;
2026-08-08 18:39:34;150.75;19.81406739358458;144.64256095483267;;
2026-08-08 18:40:04;150.75;19.816693032154607;144.63551765070162;;
2026-08-08 18:40:34;150.63;19.77459130103746;144.62853560627553;;
2026-08-08 18:41:04;150.67;19.792062812975853;144.62161442805507;;
2026-08-08 18:41:34;150.61;19.772276748578097;144.61475372416945;;
2026-08-08 18:42:04;150.57;19.759922276808908;144.60795310437356;;
2026-08-08 18:42:34;150.52;19.743832480985102;144.60121218004497;;
2026-08-08 18:43:04;150.66;19.798426847702945;144.5945305641808;;
2026-08-08 18:43:34;150.83;19.864306655200217;144.58790787139483;;
2026-08-08 18:44:04;150.78;19.84809085152752;144.5813437179145;;
2026-08-08 18:44:34;150.66;19.805764566377302;144.5748377215778;;
2026-08-08 18:45:04;150.58;19.778368367938477;144.56838950183032;;
2026-08-08 18:45:34;150.52;19.758417171488226;144.56199867972228;;
2026-08-08 18:46:04;150.33;19.690171761919146;144.5556648779054;;
2026-08-08 18:46:34;150.22;19.65170482344804;144.54938772063002;;
2026-08-08 18:47:04;150.17;19.635484725716797;144.54316683374196;;
2026-08-08 18:47:34;150.22;19.65629548966602;144.5370018446796;;
2026-08-08 18:48:04;150.24;19.665975108930382;144.5308923824708;;
2026-08-08 18:48:34;150.11;19.620054377633075;144.5248380777299;;
2026-08-08 18:49:04;150.16;19.64079228780223;144.5188385626547;;
2026-08-08 18:49:34;150.13;19.63188230516476;144.51289347102343;;
2026-08-08 18:50:05;150.11;19.626657646259392;144.5070024381917;;
2026-08-08 18:50:35;150;19.588115798714373;144.50116510108958;;
2026-08-08 18:51:05;150.13;19.638368637753715;144.49538109821836;;
2026-08-08 18:51:35;150.05;19.610870872224098;144.48965006964775;;
2026-08-08 18:52:05;149.94;19.572292200079314;144.48397165701272;;
2026-08-08 18:52:35;150.05;19.615054583057017;144.4783455035105;;
2026-08-08 18:53:05;150.07;19.624521692420977;144.47277125389752;;
2026-08-08 18:53:35;149.66;19.475169367750954;144.46724855448642;;
2026-08-08 18:54:05;149.58;19.447737731013127;144.461777053143;;
2026-08-08 18:54:35;149.61;19.46077157490276;144.45635639928318;;
2026-08-08 18:55:05;149.63;19.47011089656732;144.45098624386986;;
2026-08-08 18:55:35;149.50;19.424243821115766;144.44566623941006;;
2026-08-08 18:56:05;149.57;19.45192496426939;144.44039603995176;;
2026-08-08 18:56:35;149.67;19.49066729005672;144.4351753010809;;
2026-08-08 18:57:05;149.75;19.522067395650556;144.43000367991826;;
2026-08-08 18:57:35;149.63;19.47972418430398;144.4248808351165;;
2026-08-08 18:58:05;149.66;19.49264557171858;144.41980642685712;;
2026-08-08 18:58:35;149.72;19.516617227653583;144.41478011684725;;
2026-08-08 18:59:05;149.71;19.51476535094831;144.40980156831688;;
2026-08-08 18:59:35;149.72;19.520272210069596;144.40487044601548;;
2026-08-08 19:00:05;149.83;19.562680161630773;144.39998641620917;;
2026-08-08 19:00:35;149.58;19.472260110301995;144.39514914667765;;
2026-08-08 19:01:05;149.58;19.474024218256318;144.39035830671102;;
2026-08-08 19:01:35;149.46;19.431615612593156;144.38561356710684;;
2026-08-08 19:02:05;149.33;19.38558464072864;144.38091460016696;;
2026-08-08 19:02:35;149.27;19.36527691717331;144.37626107969453;;
2026-08-08 19:03:05;149.25;19.359632102254235;144.371652680991;;
2026-08-08 19:03:35;149.17;19.331982863923646;144.36708908085285;;
2026-08-08 19:04:05;149.27;19.37029906358175;144.36256995756878;;
2026-08-08 19:04:35;149.10;19.309643134980607;144.35809499091638;;
2026-08-08 19:05:05;149.19;19.344230562205826;144.35366386215927;;
2026-08-08 19:05:35;149.13;19.323856042882404;144.3492762540439;;
2026-08-08 19:06:05;148.96;19.263255117572744;144.34493185079657;;
2026-08-08 19:06:36;148.94;19.257519187036927;144.34063033812026;;
2026-08-08 19:07:06;149.02;19.288319938687266;144.33637140319163;;
2026-08-08 19:07:36;148.94;19.260615862637188;144.33215473465785;;
2026-08-08 19:08:06;148.92;19.254834165451786;144.32798002263365;;
2026-08-08 19:08:36;149;19.285585854230185;144.32384695869814;;
2026-08-08 19:09:06;148.97;19.276112364513178;144.3197552358917;;
2026-08-08 19:09:36;148.88;19.24470808757712;144.31570454871303;;
2026-08-08 19:10:06;148.74;19.195093624536934;144.3116945931159;;
2026-08-08 19:10:36;148.77;19.207478565219187;144.30772506650624;;
2026-08-08 19:11:06;148.86;19.241753603843257;144.30379566773885;;
2026-08-08 19:11:36;148.82;19.228571729666438;144.29990609711447;;
2026-08-08 19:12:06;148.67;19.175285715584963;144.29605605637659;;
2026-08-08 19:12:36;148.75;19.205830228136527;144.29224524870838;;
2026-08-08 19:13:06;148.80;19.22544523533312;144.2884733787297;;
2026-08-08 19:13:36;148.74;19.204920475156378;144.28474015249373;;
2026-08-08 19:14:06;148.86;19.250061756753002;144.28104527748422;;
2026-08-08 19:14:36;148.75;19.21124830325672;144.27738846261212;;
2026-08-08 19:15:06;148.78;19.223512708619815;144.27376941821257;;
2026-08-08 19:15:36;148.83;19.243070961930083;144.27018785604182;;
2026-08-08 19:16:06;148.72;19.2042264542826;144.26664348927406;;
2026-08-08 19:16:36;148.83;19.24564605188717;144.26313603249838;;
2026-08-08 19:17:06;148.74;19.214065301178227;144.25966520171562;;
2026-08-08 19:17:36;148.61;19.16793826270841;144.25623071433526;;
2026-08-08 19:18:06;148.85;19.25671473212576;144.2528322891723;;
2026-08-08 19:18:36;148.63;19.177684864742567;144.24946964644417;;
2026-08-08 19:19:06;148.67;19.193472377736022;144.2461425077676;;
2026-08-08 19:19:36;148.74;19.22019930249573;144.24285059615545;;
2026-08-08 19:20:06;148.69;19.203150766107655;144.23959363601372;;
2026-08-08 19:20:36;148.66;19.19338896714199;144.23637135313828;;
2026-08-08 19:21:06;148.52;19.143568820577947;144.23318347471186;;
2026-08-08 19:21:36;148.46;19.12289510114054;144.2300297293008;;
2026-08-08 19:22:06;148.49;19.134938150714433;144.22690984685212;;
2026-08-08 19:22:36;148.52;19.1469743247987;144.2238235586901;;
2026-08-08 19:23:07;148.57;19.16628514646868;144.22077059751348;;
2026-08-08 19:23:37;148.58;19.171026376678746;144.21775069739203;;
2026-08-08 19:24:07;148.72;19.223149948881865;144.21476359376365;;
2026-08-08 19:24:37;148.75;19.23517715044644;144.21180902343107;;
2026-08-08 19:25:07;148.63;19.192472170060373;144.2088867245588;;
2026-08-08 19:25:37;148.52;19.153461712257712;144.20599643666995;;
2026-08-08 19:26:07;148.55;19.16542317579975;144.20313790064307;;
2026-08-08 19:26:37;148.57;19.17373598452387;144.2003108587091;;
2026-08-08 19:27:07;148.66;19.207555150988025;144.19751505444808;;
2026-08-08 19:27:37;148.52;19.157555064945438;144.1947502327862;;
2026-08-08 19:28:07;148.52;19.15855030340067;144.19201613999238;;
2026-08-08 19:28:37;148.52;19.159534483958907;144.18931252367543;;
2026-08-08 19:29:07;148.47;19.142311624747503;144.18663913278058;;
2026-08-08 19:29:37;148.39;19.11418392430401;144.1839957175866;;
2026-08-08 19:30:07;148.47;19.1442242236609;144.1813820297025;;
2026-08-08 19:30:37;148.52;19.163362424136658;144.17879782206435;;
2026-08-08 19:31:07;148.53;19.16793384398065;144.17624284893222;;
2026-08-08 19:31:37;148.47;19.147013146284166;144.17371686588695;;
2026-08-08 19:32:07;148.50;19.158840248315062;144.17121962982694;;
2026-08-08 19:32:37;148.52;19.167020570698973;144.16875089896516;;
2026-08-08 19:33:07;148.41;19.127883062110634;144.16631043282578;;
2026-08-08 19:33:37;148.44;19.13967098370089;144.16389799224106;;
2026-08-08 19:34:07;148.38;19.118720679955935;144.16151333934832;;
2026-08-08 19:34:37;148.53;19.174156524636736;144.15915623758647;;
2026-08-08 19:35:07;148.47;19.153159630833294;144.1568264516932;;
2026-08-08 19:35:37;148.55;19.183129805701704;144.15452374770152;;
2026-08-08 19:36:07;148.50;19.165747237781886;144.15224789293666;;
2026-08-08 19:36:37;148.38;19.122906397501534;144.14999865601288;;
2026-08-08 19:37:07;148.44;19.145536289939496;144.14777580683042;;
2026-08-08 19:37:37;148.53;19.179102118863895;144.14557911657212;;
2026-08-08 19:38:07;148.53;19.179892921655618;144.1434083577003;;
2026-08-08 19:38:37;148.55;19.187961631372964;144.14126330395365;;
2026-08-08 19:39:08;148.58;19.199668883860753;144.13914373034393;;
2026-08-08 19:39:38;148.58;19.20043241576642;144.1370494131528;;
2026-08-08 19:40:08;148.38;19.128366772655674;144.13498012992866;;
2026-08-08 19:40:38;148.36;19.121838702148228;144.13293565948348;;
2026-08-08 19:41:08;148.35;19.118937882948988;144.13091578188954;;
2026-08-08 19:41:38;148.46;19.15967727349051;144.12892027847616;;
2026-08-08 19:42:08;148.41;19.14219892024021;144.1269489318267;;
2026-08-08 19:42:38;148.36;19.124723111911;144.12500152577516;;
2026-08-08 19:43:08;148.41;19.143607250276013;144.12307784540306;;
2026-08-08 19:43:38;148.32;19.111573964960083;144.12117767703623;;
2026-08-08 19:44:08;148.22;19.075940705308252;144.11930080824158;;
2026-08-08 19:44:38;148.24;19.083872812219994;144.11744702782389;;
2026-08-08 19:45:08;148.25;19.088167958492793;144.11561612582256;;
2026-08-08 19:45:38;148.25;19.088824487703523;144.1138078935085;;
2026-08-08 19:46:08;148.22;19.07858233807201;144.11202212338077;;
2026-08-08 19:46:38;148.27;19.09737616684582;144.11025860916342;;
2026-08-08 19:47:08;148.33;19.119809767978413;144.10851714580232;;
2026-08-08 19:47:38;148.27;19.09863324983085;144.10679752946183;;
2026-08-08 19:48:08;148.28;19.102882448828773;144.10509955752167;;
2026-08-08 19:48:38;148.38;19.139843758988448;144.10342302857356;;
2026-08-08 19:49:08;148.27;19.10046019988;144.1017677424182;;
2026-08-08 19:49:38;148.25;19.093789873461212;144.10013350006173;;
2026-08-08 19:50:08;148.14;19.05445799640032;144.09852010371281;;
2026-08-08 19:50:38;148.24;19.091322804181264;144.0969273567792;;
2026-08-08 19:51:08;148.13;19.051979608243357;144.09535506386445;;
2026-08-08 19:51:38;148.24;19.09245732016646;144.0938030307649;;
2026-08-08 19:52:08;148.13;19.05309785254238;144.09227106446622;;
2026-08-08 19:52:38;147.96;18.992072661863386;144.09075897314025;;
2026-08-08 19:53:08;147.66;18.8842937201702;144.0892665661417;;
2026-08-08 19:53:38;147.05;18.66591536205709;144.087793654005;;
2026-08-08 19:54:08;147.02;18.65571499028969;144.0863400484409;;
2026-08-08 19:54:38;147.36;18.77797607633792;144.08490556233326;;
2026-08-08 19:55:08;147.07;18.674602783359862;144.08349000973598;;
2026-08-08 19:55:39;146.58;18.500495796232325;144.0820932058694;;
2026-08-08 19:56:09;146.78;18.57211506708595;144.08071496711727;;
2026-08-08 19:56:39;147.52;18.837459190314192;144.07935511102346;;
2026-08-08 19:57:09;146.74;18.558835325059363;144.0780134562886;;
2026-08-08 19:57:39;147.86;18.961002206206864;144.0766898227669;;
2026-08-08 19:58:09;148.02;19.01935589863227;144.0753840314628;;
2026-08-08 19:58:39;148.30;19.121416927291943;144.07409590452778;;
2026-08-08 19:59:09;148.35;19.140061206087122;144.072825265257;;
2026-08-08 19:59:39;148.49;19.191493503390078;144.07157193808607;;
2026-08-08 20:00:09;148.38;19.15188247012068;144.07033574858775;;
2026-08-08 20:00:39;148.66;19.254418997160922;144.06911652346864;;
2026-08-08 20:01:09;148.47;19.185538117882757;144.06791409056598;;
2026-08-08 20:01:39;148.49;19.193258873759447;144.06672827884424;;
2026-08-08 20:02:09;148.52;19.204621923288236;144.0655589183919;;
2026-08-08 20:02:39;148.52;19.205042378457048;144.06440584041815;;
2026-08-08 20:03:09;148.47;19.18723078772038;144.06326887724958;;
2026-08-08 20:03:39;148.49;19.194928405332494;144.06214786232687;;
2026-08-08 20:04:09;148.44;19.177111874381072;144.06104263020154;;
2026-08-08 20:04:39;148.55;19.217608157013842;144.05995301653252;;
2026-08-08 20:05:09;148.47;19.188830564150855;144.05887885808306;;
2026-08-08 20:05:39;148.47;19.18921644166512;144.05781999271716;;
2026-08-08 20:06:09;148.38;19.1568175935317;144.05677625939649;;
2026-08-08 20:06:39;148.41;19.16811422304308;144.05574749817688;;
2026-08-08 20:07:09;148.33;19.13936703940081;144.05473355020516;;
2026-08-08 20:07:39;148.33;19.139730544510737;144.05373425771577;;
2026-08-08 20:08:09;148.36;19.151004066193654;144.0527494640274;;
2026-08-08 20:08:39;148.47;19.19141803307209;144.05177901353977;;
2026-08-08 20:09:09;148.38;19.15898472067835;144.0508227517302;;
2026-08-08 20:09:39;148.36;19.152048139087498;144.04988052515031;;
2026-08-08 20:10:09;148.49;19.19973871657261;144.04895218142278;;
2026-08-08 20:10:39;148.36;19.152718854343064;144.0480375692378;;
2026-08-08 20:11:09;148.27;19.120311620457805;144.04713653834997;;
2026-08-08 20:11:39;148.21;19.09883250602112;144.04624893957484;;
2026-08-08 20:12:10;148.33;19.142771656035766;144.04537462478552;;
2026-08-08 20:12:40;148.28;19.12490056026061;144.04451344690952;;
2026-08-08 20:13:10;148.33;19.143393539800257;144.04366525992515;;
2026-08-08 20:13:40;148.38;19.16189445135598;144.04282991885836;;
2026-08-08 20:14:10;148.30;19.133084274290553;144.04200727977934;;
2026-08-08 20:14:40;148.28;19.12610626209627;144.0411971997991;;
2026-08-08 20:15:10;148.28;19.126396279671045;144.04039953706618;;
2026-08-08 20:15:40;148.33;19.144867430097285;144.0396141507633;;
2026-08-08 20:16:10;148.30;19.134235834081384;144.0388409011039;;
2026-08-08 20:16:40;148.33;19.145425739279215;144.0380796493289;;
2026-08-08 20:17:10;148.21;19.10207211257787;144.03733025770322;;
2026-08-08 20:17:40;148.17;19.087813432717475;144.03659258951248;;
2026-08-08 20:18:10;148.27;19.124408637192133;144.0358665090596;;
2026-08-08 20:18:40;148.16;19.084705999582052;144.03515188166133;;
2026-08-08 20:19:10;148.16;19.084961320635188;144.0344485736451;;
2026-08-08 20:19:40;148.08;19.056185452839397;144.03375645234544;;
2026-08-08 20:20:10;148.19;19.09635314120031;144.03307538610062;;
2026-08-08 20:20:40;148.08;19.05667546537597;144.03240524424928;;
2026-08-08 20:21:10;148.07;19.0532882804668;144.03174589712708;;
2026-08-08 20:21:40;148.10;19.06440394806817;144.03109721606324;;
2026-08-08 20:22:10;147.91;18.995799256387656;144.03045907337724;;
2026-08-08 20:22:40;147.74;18.934584296710312;144.02983134237525;;
2026-08-08 20:23:10;147.71;18.92397895057581;144.02921389734686;;
2026-08-08 20:23:40;147.67;18.909767104609006;144.02860661356172;;
2026-08-08 20:24:10;147.60;18.884746737318054;144.02800936726595;;
2026-08-08 20:24:40;147.66;18.906587764744515;144.02742203567882;;
2026-08-08 20:25:10;147.11;18.709177232487242;144.02684449698944;;
2026-08-08 20:25:40;147.14;18.720122112182384;144.02627663035312;;
2026-08-08 20:26:10;147.07;18.69526490301673;144.02571831588813;;
2026-08-08 20:26:40;147.10;18.706197254621635;144.02516943467225;;
2026-08-08 20:27:10;146.91;18.638468714764475;144.02462986873923;;
2026-08-08 20:27:40;147.05;18.68868910328857;144.02409950107548;;
2026-08-08 20:28:10;147.14;18.721088501010342;144.02357821561657;;
2026-08-08 20:28:41;146.91;18.639027097145064;144.0230658972438;;
2026-08-08 20:29:11;146.99;18.667785040021293;144.0225624317808;;
2026-08-08 20:29:41;146.99;18.66796186554651;144.02206770599005;;
2026-08-08 20:30:11;147.08;18.700323365602948;144.02158160756943;;
2026-08-08 20:30:41;147.27;18.768574979734744;144.0211040251488;;
2026-08-08 20:31:11;147.11;18.71140024349309;144.02063484828645;;
2026-08-08 20:31:41;147.35;18.79762674967844;144.02017396746587;;
2026-08-08 20:32:11;147.02;18.679525728652674;144.01972127409198;;
2026-08-08 20:32:41;147.42;18.823103046665892;144.01927666048792;;
2026-08-08 20:33:11;147.07;18.69772600642175;144.0188400198915;;
2026-08-08 20:33:41;147.28;18.77312926175394;144.01841124645168;;
2026-08-08 20:34:11;147.22;18.75175853761813;144.0179902352251;;
2026-08-08 20:34:41;147.22;18.751906746494004;144.01757688217276;;
2026-08-08 20:35:11;147.24;18.759224327520293;144.01717108415633;;
2026-08-08 20:35:41;147.41;18.820408250223092;144.0167727389348;;
2026-08-08 20:36:11;147.69;18.921392421336314;144.0163817451609;;
2026-08-08 20:36:41;147.72;18.93235815378718;144.01599800237776;;
2026-08-08 20:37:11;147.80;18.961388297153427;144.01562141101522;;
2026-08-08 20:37:41;147.86;18.983212985060753;144.0152518723865;;
2026-08-08 20:38:11;147.80;18.961652866709034;144.01488928868463;;
2026-08-08 20:38:41;147.97;19.02328568332145;144.0145335629789;;
2026-08-08 20:39:11;147.88;18.99083335437604;144.01418459921146;;
2026-08-08 20:39:41;147.83;18.97287481781044;144.01384230219375;;
2026-08-08 20:40:11;147.94;19.0127936146509;144.01350657760295;;
2026-08-08 20:40:41;147.53;18.86487480050833;144.01317733197854;;
2026-08-08 20:41:11;147.44;18.832603836986014;144.0128544727187;;
2026-08-08 20:41:41;147.19;18.742958381366826;144.01253790807687;;
2026-08-08 20:42:11;147.28;18.775348310132124;144.01222754715815;;
2026-08-08 20:42:41;147.28;18.775457495396385;144.01192329991582;;
2026-08-08 20:43:11;147.27;18.771976037084926;144.01162507714773;;
2026-08-08 20:43:41;147.10;18.71115037576249;144.01133279049287;;
2026-08-08 20:44:11;147.16;18.73274196985504;144.0110463524277;;
2026-08-08 20:44:41;147.25;18.76510881504391;144.0107656762628;;
2026-08-08 20:45:12;147.17;18.73652429100167;144.01049067613897;;
2026-08-08 20:45:42;147.21;18.750958609265425;144.0102212670241;;
2026-08-08 20:46:12;147.16;18.733132152208885;144.0099573647093;;
2026-08-08 20:46:42;147.11;18.71531569424974;144.00969888580548;;
2026-08-08 20:47:12;146.94;18.654605479694748;144.00944574773973;;
2026-08-08 20:47:42;147.03;18.68686547008359;144.00919786875178;;
2026-08-08 20:48:12;147.21;18.75141256156373;144.00895516789038;;
2026-08-08 20:48:42;147.38;18.812520776066847;144.00871756500982;;
2026-08-08 20:49:12;147.67;18.917025515191117;144.0084849807662;;
2026-08-08 20:49:42;147.55;18.87384935398672;144.008257336614;;
2026-08-08 20:50:12;147.58;18.884737661203957;144.0080345548024;;
2026-08-08 20:50:42;147.72;18.93531166674949;144.00781655837167;;
2026-08-08 20:51:12;147.63;18.902916304164503;144.00760327114966;;
2026-08-08 20:51:42;147.77;18.953521228192372;144.00739461774808;;
2026-08-08 20:52:12;147.66;18.913884952346564;144.00719052355896;;
2026-08-08 20:52:42;147.74;18.942831219283036;144.00699091475116;;
2026-08-08 20:53:12;147.77;18.953737591056957;144.00679571826646;;
2026-08-08 20:53:42;147.66;18.914096220865563;144.0066048618162;;
2026-08-08 20:54:12;147.80;18.964714255603894;144.00641827387759;;
2026-08-08 20:54:42;147.83;18.975624875984533;144.00623588368998;;
2026-08-08 20:55:12;147.74;18.943168254510997;144.00605762125141;;
2026-08-08 20:55:42;147.78;18.957680154622498;144.00588341731483;;
2026-08-08 20:56:12;147.72;18.93607103337724;144.00571320338446;;
2026-08-08 20:56:42;147.39;18.81725433164291;144.00554691171226;;
2026-08-08 20:57:12;147.22;18.75627873872163;144.0053844752942;;
2026-08-08 20:57:42;147.14;18.727662011657976;144.0052258278665;;
2026-08-08 20:58:12;147.22;18.756391189623727;144.0050709039023;;
2026-08-08 20:58:42;147.11;18.71702701034361;144.00491963860756;;
2026-08-08 20:59:12;147.05;18.695603499538855;144.00477196791778;;
2026-08-08 20:59:42;147.16;18.735041798078022;144.0046278284941;;
2026-08-08 21:00:12;146.97;18.667097113234465;144.0044871577197;;
2026-08-08 21:00:42;146.91;18.645710157618534;144.00434989369606;;
2026-08-08 21:01:12;146.94;18.65647384187226;144.0042159752394;;
2026-08-08 21:01:43;146.94;18.656520512976137;144.00408534187684;;
2026-08-08 21:02:13;146.80;18.606595595627812;144.00395793384283;;
2026-08-08 21:02:43;146.74;18.58525284093334;144.00383369207532;;
2026-08-08 21:03:13;146.66;18.55680680757397;144.00371255821221;;
2026-08-08 21:03:43;146.67;18.56040830868128;144.00359447458754;;
2026-08-08 21:04:13;146.61;18.539099617738824;144.0034793842277;;
2026-08-08 21:04:43;146.61;18.53913950887859;144.0033672308479;;
2026-08-08 21:05:13;146.61;18.539178375216228;144.00325795884837;;
2026-08-08 21:05:43;146.64;18.549888951191814;144.00315151331046;;
2026-08-08 21:06:13;146.66;18.557043396903136;144.0030478399932;;
2026-08-08 21:06:43;146.61;18.539289019505613;144.00294688532932;;
2026-08-08 21:07:13;146.67;18.560673821219687;144.00284859642167;;
2026-08-08 21:07:43;146.61;18.539358009994714;144.0027529210393;;
2026-08-08 21:08:13;146.58;18.528722666865374;144.00265980761384;;
2026-08-08 21:08:43;146.63;18.546538074179065;144.00256920523574;;
2026-08-08 21:09:13;146.53;18.511015008999703;144.00248106365035;;
2026-08-08 21:09:43;146.67;18.56083517200572;144.00239533325438;;
2026-08-08 21:10:13;146.61;18.539514852766736;144.0023119650919;;
2026-08-08 21:10:43;146.58;18.52887515870732;144.00223091085067;;
2026-08-08 21:11:13;146.52;18.507579065937644;144.00215212285838;;
2026-08-08 21:11:43;146.60;18.5360422792159;144.00207555407874;;
2026-08-08 21:12:13;146.55;18.51829261133361;144.00200115810784;;
2026-08-08 21:12:43;146.58;18.528982541354324;144.00192888917016;;
2026-08-08 21:13:13;146.47;18.489926347974343;144.0018587021149;;
2026-08-08 21:13:43;146.44;18.479302115406394;144.00179055241207;;
2026-08-08 21:14:13;146.44;18.479325592661453;144.0017243961488;;
2026-08-08 21:14:43;146.44;18.4793483778792;144.00166019002532;;
2026-08-08 21:15:13;146.35;18.447451018328696;144.00159789135125;;
2026-08-08 21:15:43;146.46;18.486490428496293;144.00153745804178;;
2026-08-08 21:16:13;146.47;18.49006120360692;144.00147884861374;;
2026-08-08 21:16:43;146.30;18.429797050672473;144.00142202218177;;
2026-08-08 21:17:13;146.16;18.380274570543687;144.00136693845448;;
2026-08-08 21:17:43;146.19;18.39090169283074;144.00131355773055;;
2026-08-08 21:18:14;146.27;18.41922973163573;144.00126184089498;;
2026-08-08 21:18:44;146.07;18.348530472382272;144.001211749415;;
2026-08-08 21:19:14;146.13;18.369742617737543;144.00116324533633;;
2026-08-08 21:19:44;146.17;18.383898797926694;144.0011162912793;;
2026-08-08 21:20:14;146.16;18.38037924862028;144.00107085043481;;
2026-08-08 21:20:44;146.05;18.341534554579976;144.00102688656062;;
2026-08-08 21:21:14;146.03;18.33449027921054;144.00098436397735;;
2026-08-08 21:21:44;145.92;18.295712853134383;144.0009432475644;;
2026-08-08 21:22:14;145.88;18.281635017949007;144.0009035027564;;
2026-08-08 21:22:44;145.77;18.242935326763803;144.0008650955388;;
2026-08-08 21:23:14;145.80;18.25350080709174;144.00082799244439;;
2026-08-08 21:23:44;145.86;18.274631165323104;144.00079216054905;;
2026-08-08 21:24:14;145.82;18.260562929826715;144.00075756746787;;
2026-08-08 21:24:44;145.96;18.30988956410374;144.0007241813513;;
2026-08-08 21:25:14;145.77;18.24299621062861;144.000691970881;;
2026-08-08 21:25:44;145.72;18.225429244002694;144.00066090526602;;
2026-08-08 21:26:14;145.80;18.253570129020847;144.0006309542387;;
2026-08-08 21:26:44;145.41;18.116732612685137;144.00060208805073;;
2026-08-08 21:27:14;145.36;18.099250094423443;144.0005742774692;;
2026-08-08 21:27:44;145.25;18.060818289499277;144.00054749377253;;
2026-08-08 21:28:14;145.11;18.011985187512327;144.00052170874645;;
2026-08-08 21:28:44;144.27;17.720887798141312;144.00049689467997;;
2026-08-08 21:29:14;145.85;18.27122270203351;144.00047302436147;;
2026-08-08 21:29:44;146.02;18.331149888833394;144.00045007107448;;
2026-08-08 21:30:14;146.19;18.391214895833585;144.00042800859373;;
2026-08-08 21:30:44;146.24;18.408912599204122;144.00040681118114;;
2026-08-08 21:31:14;146.30;18.430163858157137;144.00038645358168;;
2026-08-08 21:31:44;146.52;18.50821328390073;144.00036691101926;;
2026-08-08 21:32:14;146.50;18.50111557785611;144.0003481591928;;
2026-08-08 21:32:44;146.46;18.486918984852153;144.00033017427202;;
2026-08-08 21:33:14;146.52;18.508232460517;144.00031293289334;;
2026-08-08 21:33:44;146.53;18.511791236213195;144.0002964121558;;
2026-08-08 21:34:14;146.49;18.497588109260118;144.00028058961698;;
2026-08-08 21:34:45;146.66;18.55803374239243;144.00026544328884;;
2026-08-08 21:35:15;146.55;18.518914646402763;144.00025095163357;;
2026-08-08 21:35:45;146.52;18.50825940371029;144.00023709355946;;
2026-08-08 21:36:15;146.66;18.5580485476426;144.00022384841677;;
2026-08-08 21:36:45;146.58;18.52959326888806;144.00021119599347;;
2026-08-08 21:37:15;146.69;18.568737699560934;144.00019911651123;;
2026-08-08 21:37:45;146.80;18.607940114285576;144.00018759062107;;
2026-08-08 21:38:15;146.80;18.607944033896842;144.00017659939925;;
2026-08-08 21:38:45;146.75;18.590123135726305;144.00016612434308;;
2026-08-08 21:39:15;146.80;18.60795132735668;144.00015614736665;;
2026-08-08 21:39:45;146.69;18.568756381755;144.00014665079667;;
2026-08-08 21:40:15;146.64;18.55096140529668;144.00013761736815;;
2026-08-08 21:40:45;146.69;18.568762656160825;144.0001290302202;;
2026-08-08 21:41:15;146.69;18.568765560855688;144.00012087289176;;
2026-08-08 21:41:45;146.69;18.56876831821962;144.00011312931736;;
2026-08-08 21:42:15;146.63;18.547414534638094;144.00010578382282;;
2026-08-08 21:42:45;146.63;18.54741701193845;144.0000988211209;;
2026-08-08 21:43:15;146.61;18.54030440156749;144.00009222630712;;
2026-08-08 21:43:45;146.67;18.561657259825374;144.00008598485528;;
2026-08-08 21:44:15;146.61;18.540308721077274;144.00008008261327;;
2026-08-08 21:44:45;146.63;18.54742566323066;144.00007450579864;;
2026-08-08 21:45:15;146.66;18.558103578575206;144.00006924099426;;
2026-08-08 21:45:45;146.74;18.586595943503752;144.00006427514407;;
2026-08-08 21:46:15;146.66;18.558107011776904;144.00005959554846;;
2026-08-08 21:46:45;146.57;18.5260934190696;144.00005518986012;;
2026-08-08 21:47:15;146.69;18.568790425085616;144.0000510460794;;
2026-08-08 21:47:45;146.63;18.547435395408005;144.00004715255014;;
2026-08-08 21:48:15;146.63;18.547436695698742;144.00004349795498;;
2026-08-08 21:48:45;146.66;18.558113961238806;144.00004007131113;;
2026-08-08 21:49:15;146.63;18.54743905675806;144.00003686196573;;
2026-08-08 21:49:45;146.66;18.558116172240254;144.0000338595914;;
2026-08-08 21:50:15;146.66;18.558117170798635;144.00003105418196;;
2026-08-08 21:50:45;146.55;18.51899373098184;144.0000284360475;;
2026-08-08 21:51:16;146.61;18.540327959752354;144.0000259958102;;
2026-08-08 21:51:46;146.60;18.536772006617497;144.00002372439974;;
2026-08-08 21:52:16;146.66;18.558120531279073;144.00002161304855;;
2026-08-08 21:52:46;146.63;18.547445179540247;144.00001965328738;;
2026-08-08 21:53:16;146.58;18.52966201878075;144.00001783694069;;
2026-08-08 21:53:46;146.63;18.54744642381856;144.00001615612197;;
2026-08-08 21:54:16;146.60;18.536775250581048;144.0000146032292;;
2026-08-08 21:54:46;146.69;18.56880391183696;144.00001317094012;;
2026-08-08 21:55:16;146.61;18.5403329906339;144.0000118522076;;
2026-08-08 21:55:46;146.67;18.561684081623017;144.00001064025486;;
2026-08-08 21:56:16;146.66;18.558124832633034;144.00000952857093;;
2026-08-08 21:56:46;146.71;18.575928225695627;144.00000851090567;;
2026-08-08 21:57:16;146.74;18.586616144946547;144.00000758126532;;
2026-08-08 21:57:46;146.67;18.5616854722378;144.00000673390744;;
2026-08-08 21:58:16;146.74;18.586616721455254;144.00000596333624;;
2026-08-08 21:58:46;146.75;18.59018046187026;144.00000526429778;;
2026-08-08 21:59:16;146.66;18.55812657560078;144.00000463177506;;
2026-08-08 21:59:46;146.71;18.575929810672662;144.00000406098314;;
2026-08-08 22:00:16;146.71;18.575929993613833;144.00000354736434;;
2026-08-08 22:00:46;146.83;18.61870648879629;144.00000308658318;;
2026-08-08 22:01:16;146.77;18.597309810727968;144.0000026745215;;
2026-08-08 22:01:46;146.82;18.61513942619741;144.00000230727352;;
2026-08-08 22:02:16;146.83;18.618706883171882;144.00000198114068;;
2026-08-08 22:02:46;146.77;18.597310160743415;144.00000169262677;;
2026-08-08 22:03:16;146.88;18.63655100105491;144.00000143843278;;
2026-08-08 22:03:46;146.83;18.618707156337624;144.0000012154518;;
2026-08-08 22:04:16;146.83;18.618707225794147;144.0000010207638;;
2026-08-08 22:04:46;146.75;18.590182034426547;144.0000008516306;;
2026-08-08 22:05:16;146.77;18.597310512627253;144.00000070549058;;
2026-08-08 22:05:46;146.83;18.61870738305682;144.00000057995345;;
2026-08-08 22:06:16;146.85;18.625843546769122;144.0000004727949;;
2026-08-08 22:06:46;146.88;18.636551378217586;144.00000038195134;;
2026-08-08 22:07:16;146.83;18.618707480965156;144.00000030551448;;
2026-08-08 22:07:47;146.88;18.6365514282779;144.0000002417259;;
2026-08-08 22:08:17;146.91;18.647263580158842;144.00000018897157;;
2026-08-08 22:08:47;147;18.679426010354145;144.0000001457764;;
2026-08-08 22:09:17;146.97;18.668700880831768;144.00000011079854;;
2026-08-08 22:09:47;147.05;18.697310911627905;144.0000000828238;;
2026-08-08 22:10:17;147.08;18.708047633911782;144.00000006075993;;
2026-08-08 22:10:47;146.92;18.650835306399618;144.00000004363085;;
2026-08-08 22:11:17;146.99;18.675850522186405;144.00000003057085;;
2026-08-08 22:11:47;147.11;18.71878870437804;144.00000002081848;;
2026-08-08 22:12:17;147.02;18.686578562567398;144.00000001371083;;
2026-08-08 22:12:47;147.02;18.6865785643678;144.0000000086772;;
2026-08-08 22:13:17;147.14;18.729534109072876;144.00000000523292;;
2026-08-08 22:13:47;147.21;18.754623603602653;144.0000000029731;;
2026-08-08 22:14:17;147.16;18.736700123118982;144.0000000015662;;
2026-08-08 22:14:47;147.16;18.736700123412426;144.00000000074732;;
2026-08-08 22:15:17;147.33;18.79768923342952;144.00000000031147;;
2026-08-08 22:15:47;147.32;18.794097772867502;144.00000000010672;;
2026-08-08 22:16:17;147.36;18.808466516625693;144.00000000002683;;
2026-08-08 22:16:47;147.44;18.837227221224204;144.00000000000384;;
2026-08-08 22:17:17;147.67;18.920086862985304;144.00000000000014;;
2026-08-08 22:17:47;147.69;18.92730416608081;144;147.69;
2026-08-08 22:18:17;147.72;18.938133758822477;144;;
2026-08-08 22:18:47;147.80;18.96703402460235;144;;
2026-08-08 22:19:17;147.83;18.977879634544845;144;;
2026-08-08 22:19:47;147.77;18.956192784553348;144;;
2026-08-08 22:20:17;147.89;18.999583968810025;144;;
2026-08-08 22:20:47;147.96;19.02492780284243;144;;
2026-08-08 22:21:17;147.99;19.035796738732277;144;;
2026-08-08 22:21:47;148.05;19.05754774370493;144;;
2026-08-08 22:22:17;148.08;19.068429815141045;144;;
2026-08-08 22:22:47;148.02;19.04667005196094;144;;
2026-08-08 22:23:17;148.11;19.079316267446323;144;;
2026-08-08 22:23:47;148.21;19.115636096526014;144;;
2026-08-08 22:24:18;148.13;19.08657633671409;144;;
2026-08-08 22:24:48;148.16;19.097470093084382;144;;
2026-08-08 22:25:18;148.13;19.08657633671409;144;;
2026-08-08 22:25:48;148.24;19.12654154620553;144;;
2026-08-08 22:26:18;148.33;19.15928422286624;144;;
2026-08-08 22:26:48;148.22;19.119270759030695;144;;
2026-08-08 22:27:18;148.32;19.155644196847096;144;;
2026-08-08 22:27:48;148.33;19.15928422286624;144;;
2026-08-08 22:28:18;148.47;19.210295831707175;144;;
2026-08-08 22:28:48;148.38;19.177491671648937;144;;
2026-08-08 22:29:18;148.44;19.199356717067058;144;;
2026-08-08 22:29:48;148.36;19.170207228223703;144;;
2026-08-08 22:30:18;148.44;19.199356717067058;144;;
2026-08-08 22:30:48;148.44;19.199356717067058;144;;
2026-08-08 22:31:18;148.47;19.210295831707175;144;;
2026-08-08 22:31:48;148.44;19.199356717067058;144;;
2026-08-08 22:32:18;148.38;19.177491671648937;144;;
2026-08-08 22:32:48;148.57;19.24679130410091;144;;
2026-08-08 22:33:18;148.50;19.22123934254182;144;;
2026-08-08 22:33:48;148.55;19.239488299794406;144;;
2026-08-08 22:34:18;148.47;19.210295831707175;144;;
2026-08-08 22:34:48;148.47;19.210295831707175;144;;
2026-08-08 22:35:18;148.52;19.228537459344953;144;;
2026-08-08 22:35:48;148.52;19.228537459344953;144;;
2026-08-08 22:36:18;148.63;19.26871205210408;144;;
2026-08-08 22:36:48;148.71;19.297967111043135;144;;
2026-08-08 22:37:18;148.80;19.33091650147119;144;;
2026-08-08 22:37:48;148.71;19.297967111043135;144;;
2026-08-08 22:38:18;148.86;19.352904805767842;144;;
2026-08-08 22:38:48;148.91;19.37124187205888;144;;
2026-08-08 22:39:18;148.97;19.39326253506232;144;;
2026-08-08 22:39:48;148.86;19.352904805767842;144;;
2026-08-08 22:40:18;149.11;19.444712790346603;144;;
2026-08-08 22:40:49;149.03;19.415300861694046;144;;
2026-08-08 22:41:19;149.13;19.452070684341816;144;;
2026-08-08 22:41:49;149.16;19.463111210636466;144;;
2026-08-08 22:42:19;149.21;19.481521918195423;144;;
2026-08-08 22:42:49;149.38;19.54421030666293;144;;
2026-08-08 22:43:19;149.28;19.507317561851924;144;;
2026-08-08 22:43:49;149.53;19.599641773593568;144;;
2026-08-08 22:44:19;149.72;19.67001426149773;144;;
2026-08-08 22:44:49;149.55;19.607041015629438;144;;
2026-08-08 22:45:19;149.71;19.666306003379354;144;;
2026-08-08 22:45:49;149.88;19.729413599552096;144;;
2026-08-08 22:46:19;149.82;19.70712401759569;144;;
2026-08-08 22:46:49;150;19.774046196662002;144;;
2026-08-08 22:47:19;150.02;19.781491893497737;144;;
2026-08-08 22:47:49;150.02;19.781491893497737;144;;
2026-08-08 22:48:19;150.08;19.803840872195657;144;;
2026-08-08 22:48:49;150.39;19.919595003684105;144;;
2026-08-08 22:49:19;150.63;20.00953900517172;144;;
2026-08-08 22:49:49;150.55;19.979525830534133;144;;
2026-08-08 22:50:19;150.49;19.957036851301055;144;;
2026-08-08 22:50:49;150.55;19.979525830534133;144;;
2026-08-08 22:51:19;150.66;20.020802161213243;144;;
2026-08-08 22:51:49;150.67;20.024557542740357;144;;
2026-08-08 22:52:19;150.72;20.0433419237255;144;;
2026-08-08 22:52:49;150.80;20.073422851701057;144;;
2026-08-08 22:53:19;150.86;20.096004493603957;144;;
2026-08-08 22:53:49;150.99;20.144993024835532;144;;
2026-08-08 22:54:19;151.16;20.209182360353754;144;;
2026-08-08 22:54:49;151.27;20.25079367577261;144;;
2026-08-08 22:55:19;151.16;20.209182360353754;144;;
2026-08-08 22:55:49;151.41;20.303841185956102;144;;
2026-08-08 22:56:19;151.49;20.334198169687124;144;;
2026-08-08 22:56:49;151.53;20.349388703785202;144;;
2026-08-08 22:57:20;151.55;20.356986982644372;144;;
2026-08-08 22:57:50;151.72;20.421653476230865;144;;
2026-08-08 22:58:20;151.69;20.41023118851748;144;;
2026-08-08 22:58:50;151.91;20.494099777035963;144;;
2026-08-08 22:59:20;151.97;20.517015319175396;144;;
2026-08-08 22:59:50;151.88;20.482648806523386;144;;
2026-08-08 23:00:20;151.97;20.517015319175396;144;;
2026-08-08 23:00:50;152.27;20.631865367241282;144;;
2026-08-08 23:01:20;152.17;20.59353154611979;144;;
2026-08-08 23:01:50;152.27;20.631865367241282;144;;
2026-08-08 23:02:20;152.19;20.601194269966847;144;;
2026-08-08 23:02:50;152.28;20.635701527854565;144;;
2026-08-08 23:03:20;152.33;20.654889912248972;144;;
2026-08-08 23:03:50;152.52;20.727921094627817;144;;
2026-08-08 23:04:20;152.32;20.65105122437642;144;;
2026-08-08 23:04:50;152.50;20.720224997587383;144;;
2026-08-08 23:05:20;152.47;20.70868464955513;144;;
2026-08-08 23:05:50;152.58;20.75102154180479;144;;
2026-08-08 23:06:20;152.74;20.812711942152447;144;;
2026-08-08 23:06:50;152.86;20.85906498126843;144;;
2026-08-08 23:07:20;152.86;20.85906498126843;144;;
2026-08-08 23:07:50;152.83;20.847469866861168;144;;
2026-08-08 23:08:20;152.75;20.816571903447937;144;;
2026-08-08 23:08:50;152.97;20.901619524192967;144;;
2026-08-08 23:09:20;152.91;20.878400332070207;144;;
2026-08-08 23:09:50;152.91;20.878400332070207;144;;
2026-08-08 23:10:20;153.11;20.955868842261154;144;;
2026-08-08 23:10:50;152.99;20.909363322203138;144;;
2026-08-08 23:11:20;153.11;20.955868842261154;144;;
2026-08-08 23:11:50;152.89;20.870664667459998;144;;
2026-08-08 23:12:20;152.94;20.890007640612875;144;;
2026-08-08 23:12:50;152.75;20.816571903447937;144;;
2026-08-08 23:13:21;152.38;20.6740909363136;144;;
2026-08-08 23:13:51;152.44;20.69714885747597;144;;
2026-08-08 23:14:21;152.39;20.67793265838192;144;;
2026-08-08 23:14:51;151.69;20.41023118851748;144;;
2026-08-08 23:15:21;150.94;20.12614129564152;144;;
2026-08-08 23:15:51;152.22;20.612692143029186;144;;
2026-08-08 23:16:21;153.38;21.06077442606509;144;;
2026-08-08 23:16:51;154.02;21.31092722367519;144;;
2026-08-08 23:17:21;154.32;21.428909286652008;144;;
2026-08-08 23:17:51;154.55;21.51967578948985;144;;
2026-08-08 23:18:21;154.57;21.527581412308038;144;;
2026-08-08 23:18:51;154.74;21.594862536705804;144;;
2026-08-08 23:19:21;154.82;21.626575881305104;144;;
2026-08-08 23:19:51;154.78;21.610715075320588;144;;
2026-08-08 23:20:21;155.03;21.709980865576608;144;;
2026-08-08 23:20:51;155.17;21.76571103720359;144;;
2026-08-08 23:21:21;155.22;21.785639292137176;144;;
2026-08-08 23:21:51;155.47;21.8854752055046;144;;
2026-08-08 23:22:21;155.66;21.961567771154453;144;;
2026-08-08 23:22:51;155.82;22.02579151993299;144;;
2026-08-08 23:23:21;155.80;22.01775625429385;144;;
2026-08-08 23:23:51;155.91;22.06197603460829;144;;
2026-08-08 23:24:21;156.02;22.10625896603176;144;;
2026-08-08 23:24:51;156.19;22.17482058130108;144;;
2026-08-08 23:25:21;156.19;22.17482058130108;144;;
2026-08-08 23:25:51;156.22;22.186935379550285;144;;
2026-08-08 23:26:21;156.38;22.251627215683293;144;;
2026-08-08 23:26:51;156.28;22.211179107587604;144;;
2026-08-08 23:27:21;156.38;22.251627215683293;144;;
2026-08-08 23:27:51;156.36;22.243533402863957;144;;
2026-08-08 23:28:21;156.42;22.267821130718534;144;;
2026-08-08 23:28:51;156.52;22.3083426237695;144;;
2026-08-08 23:29:21;156.52;22.3083426237695;144;;
2026-08-08 23:29:52;156.61;22.344856831034317;144;;
2026-08-08 23:30:22;156.78;22.41394419759335;144;;
2026-08-08 23:30:52;156.72;22.389543076804497;144;;
2026-08-08 23:31:22;156.69;22.37734961350181;144;;
2026-08-08 23:31:52;156.66;22.36516087992018;144;;
2026-08-08 23:32:22;156.82;22.430222129692385;144;;
2026-08-08 23:32:52;156.88;22.454654812642982;144;;
2026-08-08 23:33:22;156.85;22.442436102958858;144;;
2026-08-08 23:33:52;157.05;22.52398369385555;144;;
2026-08-08 23:34:22;157.08;22.53623401178154;144;;
2026-08-08 23:34:52;157.11;22.54848907576553;144;;
2026-08-08 23:35:22;157.21;22.589373582294048;144;;
2026-08-08 23:35:52;157.27;22.61392962463554;144;;
2026-08-08 23:36:22;157.44;22.683608379599562;144;;
2026-08-08 23:36:52;157.44;22.683608379599562;144;;
2026-08-08 23:37:22;157.50;22.70823737191628;144;;
2026-08-08 23:37:52;157.57;22.736995280171012;144;;
2026-08-08 23:38:22;157.82;22.839914058886805;144;;
2026-08-08 23:38:52;157.83;22.844037705545368;144;;
2026-08-08 23:39:22;158;22.914220956364296;144;;
2026-08-08 23:39:52;158.17;22.984557851998265;144;;
2026-08-08 23:40:22;158.19;22.99284289281739;144;;
2026-08-08 23:40:52;158.19;22.99284289281739;144;;
2026-08-08 23:41:22;158.38;23.071657074536013;144;;
2026-08-08 23:41:52;158.22;23.005274448177975;144;;
2026-08-08 23:42:22;158.38;23.071657074536013;144;;
2026-08-08 23:42:52;158.47;23.109057300265732;144;;
2026-08-08 23:43:22;158.69;23.200662187663934;144;;
2026-08-08 23:43:52;158.63;23.175653382975522;144;;
2026-08-08 23:44:22;158.66;23.188155378952857;144;;
2026-08-08 23:44:52;158.77;23.234037216167653;144;;
2026-08-08 23:45:22;158.83;23.25909096744847;144;;
2026-08-08 23:45:52;158.99;23.325995255475483;144;;
2026-08-08 23:46:23;158.86;23.27162507238369;144;;
2026-08-08 23:46:53;158.88;23.279983820722954;144;;
2026-08-08 23:47:23;158.86;23.27162507238369;144;;
2026-08-08 23:47:53;159.07;23.35949887282569;144;;
2026-08-08 23:48:23;159.13;23.384649125284525;144;;
2026-08-08 23:48:53;159.11;23.376263560427315;144;;
2026-08-08 23:49:23;159.13;23.384649125284525;144;;
2026-08-08 23:49:53;159.19;23.40981870862569;144;;
2026-08-08 23:50:23;159.19;23.40981870862569;144;;
2026-08-08 23:50:53;159.25;23.43500763307546;144;;
2026-08-08 23:51:23;159.33;23.46862296952781;144;;
2026-08-08 23:51:53;159.50;23.540169896941077;144;;
2026-08-08 23:52:23;159.61;23.586547916308568;144;;
2026-08-08 23:52:53;159.47;23.52753266204005;144;;
2026-08-08 23:53:23;159.58;23.57389289729115;144;;
2026-08-08 23:53:53;159.71;23.628766371167206;144;;
2026-08-08 23:54:23;159.75;23.64566886261636;144;;
2026-08-08 23:54:53;159.86;23.692195265870012;144;;
2026-08-08 23:55:23;159.94;23.72607371940537;144;;
2026-08-08 23:55:53;159.78;23.65835140009652;144;;
2026-08-08 23:56:23;160.02;23.759986785077803;144;;
2026-08-08 23:56:53;160.02;23.759986785077803;144;;
2026-08-08 23:57:23;160.19;23.832167084112058;144;;
2026-08-08 23:57:53;160.17;23.823667158662392;144;;
2026-08-08 23:58:23;160.28;23.870443583458723;144;;
2026-08-08 23:58:53;160.25;23.857679870139034;144;;
2026-08-08 23:59:23;160.36;23.904504022990192;144;;
2026-08-08 23:59:53;160.41;23.92580943772729;144;;
2026-08-09 00:00:23;160.28;23.870443583458723;144;;
2026-08-09 00:00:53;160.50;23.964193400849194;144;;
2026-08-09 00:01:23;160.41;23.92580943772729;144;;
2026-08-09 00:01:53;160.63;24.01971463091263;144;;
2026-08-09 00:02:23;160.71;24.05392724018525;144;;
2026-08-09 00:02:54;160.77;24.079609564469703;144;;
2026-08-09 00:03:24;160.88;24.126744770021546;144;;
2026-08-09 00:03:54;160.77;24.079609564469703;144;;
2026-08-09 00:04:24;160.72;24.058206266056168;144;;
2026-08-09 00:04:54;161.02;24.186830468750934;144;;
2026-08-09 00:05:24;160.94;24.152482688720053;144;;
2026-08-09 00:05:54;160.96;24.161066359199342;144;;
2026-08-09 00:06:24;160.97;24.165359012951114;144;;
2026-08-09 00:06:54;161;24.178240248830818;144;;
2026-08-09 00:07:24;161.19;24.259935552419805;144;;
2026-08-09 00:07:54;161.36;24.333198659996356;144;;
2026-08-09 00:08:24;161.27;24.294392609863664;144;;
2026-08-09 00:08:54;161.28;24.298702203849743;144;;
2026-08-09 00:09:24;161.47;24.380688517808835;144;;
2026-08-09 00:09:54;161.49;24.389330161390102;144;;
2026-08-09 00:10:24;161.61;24.441226088466433;144;;
2026-08-09 00:10:54;161.82;24.53223417633129;144;;
2026-08-09 00:11:24;161.83;24.53657393940324;144;;
2026-08-09 00:11:54;161.99;24.6060849650179;144;;
2026-08-09 00:12:24;162;24.610434082612816;144;;
2026-08-09 00:12:54;162.16;24.680094892388244;144;;
2026-08-09 00:13:24;162.24;24.714978226531468;144;;
2026-08-09 00:13:54;162.33;24.754264196199124;144;;
2026-08-09 00:14:24;162.36;24.767369459062575;144;;
2026-08-09 00:14:54;162.44;24.802341137822587;144;;
2026-08-09 00:15:24;162.57;24.859245588530044;144;;
2026-08-09 00:15:54;162.55;24.85048497221938;144;;
2026-08-09 00:16:24;162.50;24.82859311451214;144;;
2026-08-09 00:16:54;162.58;24.86362672685707;144;;
2026-08-09 00:17:24;162.58;24.86362672685707;144;;
2026-08-09 00:17:54;162.58;24.86362672685707;144;;
2026-08-09 00:18:24;162.58;24.86362672685707;144;;
2026-08-09 00:18:54;162.67;24.90308188569433;144;;
2026-08-09 00:19:25;162.69;24.91185579097056;144;;
2026-08-09 00:19:55;162.77;24.9469735778501;144;;
2026-08-09 00:20:25;162.80;24.960151894789284;144;;
2026-08-09 00:20:55;162.91;25.008515103051067;144;;
2026-08-09 00:21:25;162.96;25.030520580343097;144;;
2026-08-09 00:21:55;163.05;25.070165431314432;144;;
2026-08-09 00:22:25;163.36;25.20706473563834;144;;
2026-08-09 00:22:55;163.49;25.26463342899282;144;;
2026-08-09 00:23:25;163.60;25.313419045176193;144;;
2026-08-09 00:23:55;163.74;25.37560757314225;144;;
2026-08-09 00:24:25;163.80;25.402293341914692;144;;
2026-08-09 00:24:55;164.08;25.527093406770874;144;;
2026-08-09 00:25:25;164.07;25.52262869665695;144;;
2026-08-09 00:25:55;164.22;25.589658258994167;144;;
2026-08-09 00:26:25;164.16;25.56283128207307;144;;
2026-08-09 00:26:55;164.27;25.61202951468791;144;;
2026-08-09 00:27:25;164.36;25.65233317088404;144;;
2026-08-09 00:27:55;164.36;25.65233317088404;144;;
2026-08-09 00:28:25;164.35;25.647852738647472;144;;
2026-08-09 00:28:55;164.32;25.634414814752155;144;;
2026-08-09 00:29:25;164.47;25.701655042694025;144;;
2026-08-09 00:29:55;164.38;25.661295722059748;144;;
2026-08-09 00:30:25;164.49;25.710629969703806;144;;
2026-08-09 00:30:55;164.44;25.688196872753174;144;;
2026-08-09 00:31:25;164.41;25.674743766318414;144;;
2026-08-09 00:31:55;164.52;25.724096581777918;144;;
2026-08-09 00:32:25;164.61;25.7645268256507;144;;
2026-08-09 00:32:55;164.83;25.86354851999755;144;;
2026-08-09 00:33:25;164.66;25.787007790689607;144;;
2026-08-09 00:33:55;164.66;25.787007790689607;144;;
2026-08-09 00:34:25;164.82;25.85904161023907;144;;
2026-08-09 00:34:55;164.77;25.836515527757186;144;;
2026-08-09 00:35:25;164.77;25.836515527757186;144;;
2026-08-09 00:35:56;165;25.940252400227475;144;;
2026-08-09 00:36:26;164.97;25.926704555381068;144;;
2026-08-09 00:36:56;165.16;26.012593542567075;144;;
2026-08-09 00:37:26;165.22;26.039758827176588;144;;
2026-08-09 00:37:56;165.22;26.039758827176588;144;;
2026-08-09 00:38:26;165.19;26.02617363644448;144;;
2026-08-09 00:38:56;165.22;26.039758827176588;144;;
2026-08-09 00:39:26;165.38;26.112299313208325;144;;
2026-08-09 00:39:56;165.33;26.089614821242527;144;;
2026-08-09 00:40:26;165.36;26.10322381499158;144;;
2026-08-09 00:40:56;165.30;26.076010930594308;144;;
2026-08-09 00:41:26;165.52;26.175891355994867;144;;
2026-08-09 00:41:56;165.50;26.16679996618096;144;;
2026-08-09 00:42:26;165.44;26.139539423668282;144;;
2026-08-09 00:42:56;165.58;26.203179157928112;144;;
2026-08-09 00:43:26;165.66;26.239594717825845;144;;
2026-08-09 00:43:56;165.75;26.28060572570492;144;;
2026-08-09 00:44:26;165.75;26.28060572570492;144;;
2026-08-09 00:44:56;165.83;26.317098652444567;144;;
2026-08-09 00:45:26;165.83;26.317098652444567;144;;
2026-08-09 00:45:56;165.88;26.339925238653382;144;;
2026-08-09 00:46:26;165.91;26.353628026917917;144;;
2026-08-09 00:46:56;166.08;26.431374081971068;144;;
2026-08-09 00:47:26;166.27;26.51846193679359;144;;
2026-08-09 00:47:56;166.24;26.50469751110063;144;;
2026-08-09 00:48:26;166.22;26.495524085089816;144;;
2026-08-09 00:48:56;166.17;26.472600519395446;144;;
2026-08-09 00:49:26;166.21;26.490938229269915;144;;
2026-08-09 00:49:56;166.24;26.50469751110063;144;;
2026-08-09 00:50:26;166.21;26.490938229269915;144;;
2026-08-09 00:50:56;166.33;26.546006225160784;144;;
2026-08-09 00:51:26;166.25;26.509285081391443;144;;
2026-08-09 00:51:56;166.41;26.58276397628323;144;;
2026-08-09 00:52:27;166.36;26.559786090533088;144;;
2026-08-09 00:52:57;166.47;26.610356328597177;144;;
2026-08-09 00:53:27;166.47;26.610356328597177;144;;
2026-08-09 00:53:57;166.46;26.605756171778566;144;;
2026-08-09 00:54:27;166.38;26.56897552806374;144;;
2026-08-09 00:54:57;166.36;26.559786090533088;144;;
2026-08-09 00:55:27;166.36;26.559786090533088;144;;
2026-08-09 00:55:57;166.42;26.58736127040263;144;;
2026-08-09 00:56:27;166.61;26.67481867926689;144;;
2026-08-09 00:56:57;166.64;26.68864665690565;144;;
2026-08-09 00:57:27;166.71;26.720932014333837;144;;
2026-08-09 00:57:57;166.88;26.799456418945294;144;;
2026-08-09 00:58:27;166.82;26.77172296933116;144;;
2026-08-09 00:58:57;167.05;26.878146924679644;144;;
2026-08-09 00:59:27;166.92;26.817956879571334;144;;
2026-08-09 00:59:57;167.13;26.915235295636446;144;;
2026-08-09 01:00:27;166.96;26.83646653931825;144;;
2026-08-09 01:00:57;167.07;26.887415562825883;144;;
2026-08-09 01:01:27;167.02;26.864248284319462;144;;
2026-08-09 01:01:57;166.88;26.799456418945294;144;;
2026-08-09 01:02:27;167;26.854985401399237;144;;
2026-08-09 01:02:57;166.99;26.85035482298439;144;;
2026-08-09 01:03:27;166.91;26.81333090212277;144;;
2026-08-09 01:03:57;166.91;26.81333090212277;144;;
2026-08-09 01:04:27;166.80;26.76248308220748;144;;
2026-08-09 01:04:57;166.78;26.753245492455488;144;;
2026-08-09 01:05:27;166.63;26.684036757551898;144;;
2026-08-09 01:05:57;166.39;26.573571105163776;144;;
2026-08-09 01:06:27;165.50;26.16679996618096;144;;
2026-08-09 01:06:57;165.44;26.139539423668282;144;;
2026-08-09 01:07:27;165.67;26.244149221216016;144;;
2026-08-09 01:07:57;165.94;26.367335944230582;144;;
2026-08-09 01:08:27;165.80;26.303409535067452;144;;
2026-08-09 01:08:58;165.75;26.28060572570492;144;;
2026-08-09 01:09:28;166.88;26.799456418945294;144;;
2026-08-09 01:09:58;166.74;26.734777203461867;144;;
2026-08-09 01:10:28;166.27;26.51846193679359;144;;
2026-08-09 01:10:58;166.97;26.841095391994124;144;;
2026-08-09 01:11:28;166.96;26.83646653931825;144;;
2026-08-09 01:11:58;167.05;26.878146924679644;144;;
2026-08-09 01:12:28;166.72;26.725546503417984;144;;
2026-08-09 01:12:58;166.44;26.59655757601095;144;;
2026-08-09 01:13:28;166.21;26.490938229269915;144;;
2026-08-09 01:13:58;166.44;26.59655757601095;144;;
2026-08-09 01:14:28;166.41;26.58276397628323;144;;
2026-08-09 01:14:58;166.49;26.619558360354155;144;;
2026-08-09 01:15:28;166.17;26.472600519395446;144;;
2026-08-09 01:15:58;166.05;26.417642211308934;144;;
2026-08-09 01:16:28;165.96;26.376477405907814;144;;
2026-08-09 01:16:58;166.14;26.45885323466721;144;;
2026-08-09 01:17:28;166.32;26.541414080749703;144;;
2026-08-09 01:17:58;165.52;26.175891355994867;144;;
2026-08-09 01:18:28;167.41;27.045335067069814;144;;
2026-08-09 01:18:58;168.17;27.40074813182011;144;;
2026-08-09 01:19:28;168.33;27.475998990010318;144;;
2026-08-09 01:19:58;168.60;27.60332280788344;144;;
2026-08-09 01:20:28;168.63;27.617496134934377;144;;
2026-08-09 01:20:58;168.64;27.622221744387357;144;;
2026-08-09 01:21:28;169.02;27.802227843098663;144;;
2026-08-09 01:21:58;169.77;28.159987069135433;144;;
2026-08-09 01:22:28;169.55;28.054701703445335;144;;
2026-08-09 01:22:58;169.52;28.040366680810184;144;;
2026-08-09 01:23:28;170.21;28.371414168045888;144;;
2026-08-09 01:23:58;170.30;28.414801590085087;144;;
2026-08-09 01:24:28;170.80;28.656717258461263;144;;
2026-08-09 01:24:58;170.69;28.60336847080087;144;;
2026-08-09 01:25:29;170.71;28.613062901061326;144;;
2026-08-09 01:25:59;170.63;28.574299437830415;144;;
2026-08-09 01:26:29;170.64;28.579142791771492;144;;
2026-08-09 01:26:59;170.13;28.332887805346168;144;;
2026-08-09 01:27:29;170.30;28.414801590085087;144;;
2026-08-09 01:27:59;170.49;28.50655481178168;144;;
2026-08-09 01:28:29;170.57;28.545251782899864;144;;
2026-08-09 01:28:59;170.58;28.55009157460885;144;;
2026-08-09 01:29:29;170.61;28.564614511399924;144;;
2026-08-09 01:29:59;170.77;28.642160455440088;144;;
2026-08-09 01:30:29;170.80;28.656717258461263;144;;
2026-08-09 01:30:59;170.94;28.72471979928824;144;;
2026-08-09 01:31:29;171.16;28.831816782669147;144;;
2026-08-09 01:31:59;171.27;28.885473518560673;144;;
2026-08-09 01:32:29;171.47;28.983216384141496;144;;
2026-08-09 01:32:59;171.53;29.012585883409347;144;;
2026-08-09 01:33:29;171.61;29.051778733586506;144;;
2026-08-09 01:33:59;171.67;29.08119852414706;144;;
2026-08-09 01:34:29;171.91;29.1990935202759;144;;
2026-08-09 01:34:59;171.97;29.228621284044653;144;;
2026-08-09 01:35:29;171.75;29.120458470168167;144;;
2026-08-09 01:35:59;171.86;29.174503564049374;144;;
2026-08-09 01:36:29;171.86;29.174503564049374;144;;
2026-08-09 01:36:59;171.78;29.13519084259774;144;;
2026-08-09 01:37:29;171.83;29.159756793319886;144;;
2026-08-09 01:37:59;171.94;29.213854699312208;144;;
2026-08-09 01:38:29;171.94;29.213854699312208;144;;
2026-08-09 01:38:59;172.05;29.268025281891056;144;;
2026-08-09 01:39:29;172.19;29.337074880066243;144;;
2026-08-09 01:39:59;172.27;29.376584754667046;144;;
2026-08-09 01:40:29;172.22;29.351886567068657;144;;
2026-08-09 01:40:59;172.27;29.376584754667046;144;;
2026-08-09 01:41:29;172.33;29.406242458117124;144;;
2026-08-09 01:42:00;172.27;29.376584754667046;144;;
2026-08-09 01:42:30;172.33;29.406242458117124;144;;
2026-08-09 01:43:00;172.33;29.406242458117124;144;;
2026-08-09 01:43:30;172.22;29.351886567068657;144;;
2026-08-09 01:44:00;172.33;29.406242458117124;144;;
2026-08-09 01:44:30;172.41;29.445819814194618;144;;
2026-08-09 01:45:00;172.46;29.47057526042484;144;;
2026-08-09 01:45:30;172.49;29.485435767949717;144;;
2026-08-09 01:46:00;172.38;29.43097378393959;144;;
2026-08-09 01:46:30;172.47;29.475528159512848;144;;
2026-08-09 01:47:00;172.41;29.445819814194618;144;;
2026-08-09 01:47:30;172.52;29.50030170704281;144;;
2026-08-09 01:48:00;172.55;29.51517307911846;144;;
2026-08-09 01:48:30;172.52;29.50030170704281;144;;
2026-08-09 01:49:00;172.53;29.50525822733343;144;;
2026-08-09 01:49:30;172.55;29.51517307911846;144;;
2026-08-09 01:50:00;172.60;29.539970776381516;144;;
2026-08-09 01:50:30;172.66;29.56974794844498;144;;
2026-08-09 01:51:00;172.61;29.544932127876358;144;;
2026-08-09 01:51:30;172.60;29.539970776381516;144;;
2026-08-09 01:52:00;172.63;29.55485664332762;144;;
2026-08-09 01:52:30;172.57;29.525090346191107;144;;
2026-08-09 01:53:00;172.63;29.55485664332762;144;;
2026-08-09 01:53:30;172.71;29.594578878977813;144;;
2026-08-09 01:54:00;172.66;29.56974794844498;144;;
2026-08-09 01:54:30;172.66;29.56974794844498;144;;
2026-08-09 01:55:00;172.69;29.584644693149386;144;;
2026-08-09 01:55:30;172.72;29.599546878857048;144;;
2026-08-09 01:56:00;172.80;29.6393126519779;144;;
2026-08-09 01:56:30;172.97;29.723943544146056;144;;
2026-08-09 01:57:00;172.82;29.649260145540087;144;;
2026-08-09 01:57:30;172.94;29.7089959616276;144;;
2026-08-09 01:58:00;172.82;29.649260145540087;144;;
2026-08-09 01:58:31;172.91;29.69405383192648;144;;
2026-08-09 01:59:01;173;29.738896580901105;144;;
2026-08-09 01:59:31;173.03;29.753855073312263;144;;
2026-08-09 02:00:01;173.02;29.748868302903574;144;;
2026-08-09 02:00:31;173.05;29.76383043320762;144;;
2026-08-09 02:01:01;173.05;29.76383043320762;144;;
2026-08-09 02:01:31;173.02;29.748868302903574;144;;
2026-08-09 02:02:01;173.17;29.823733548856882;144;;
2026-08-09 02:02:31;173.14;29.808749577938134;144;;
2026-08-09 02:03:01;173.25;29.86371751995505;144;;
2026-08-09 02:03:31;173.33;29.903740371042332;144;;
2026-08-09 02:04:01;173.35;29.91375216197397;144;;
2026-08-09 02:04:31;173.25;29.86371751995505;144;;
2026-08-09 02:05:01;173.38;29.928774408704527;144;;
2026-08-09 02:05:31;173.49;29.983902821127174;144;;
2026-08-09 02:06:01;173.38;29.928774408704527;144;;
2026-08-09 02:06:31;173.42;29.948812585848376;144;;
2026-08-09 02:07:01;173.58;30.029062671554193;144;;
2026-08-09 02:07:31;173.72;30.099409429678737;144;;
2026-08-09 02:08:01;173.53;30.003967775820367;144;;
2026-08-09 02:08:31;173.72;30.099409429678737;144;;
2026-08-09 02:09:01;173.69;30.084325064632917;144;;
2026-08-09 02:09:31;173.80;30.13966124614726;144;;
2026-08-09 02:10:01;173.75;30.11449928454762;144;;
2026-08-09 02:10:31;173.63;30.054172798301273;144;;
2026-08-09 02:11:01;173.67;30.07427187046583;144;;
2026-08-09 02:11:31;173.67;30.07427187046583;144;;
2026-08-09 02:12:01;173.66;30.069246187982774;144;;
2026-08-09 02:12:31;173.64;30.059196651953325;144;;
2026-08-09 02:13:01;173.58;30.029062671554193;144;;
2026-08-09 02:13:31;173.77;30.124562238400355;144;;
2026-08-09 02:14:01;173.75;30.11449928454762;144;;
2026-08-09 02:14:31;173.80;30.13966124614726;144;;
2026-08-09 02:15:02;173.74;30.1094687228562;144;;
2026-08-09 02:15:32;173.75;30.11449928454762;144;;
2026-08-09 02:16:02;173.67;30.07427187046583;144;;
2026-08-09 02:16:32;173.77;30.124562238400355;144;;
2026-08-09 02:17:02;173.80;30.13966124614726;144;;
2026-08-09 02:17:32;173.83;30.15476574752525;144;;
2026-08-09 02:18:02;173.83;30.15476574752525;144;;
2026-08-09 02:18:32;173.99;30.235415928525118;144;;
2026-08-09 02:19:02;173.94;30.2101959434006;144;;
2026-08-09 02:19:32;173.97;30.225326100618016;144;;
2026-08-09 02:20:02;173.96;30.220282103646095;144;;
2026-08-09 02:20:32;173.99;30.235415928525118;144;;
2026-08-09 02:21:02;174.05;30.265700087766962;144;;
2026-08-09 02:21:32;174.08;30.280850424991467;144;;
2026-08-09 02:22:02;174.11;30.29600626919333;144;;
2026-08-09 02:22:32;174.08;30.280850424991467;144;;
2026-08-09 02:23:02;174.22;30.35162483632441;144;;
2026-08-09 02:23:32;174.22;30.35162483632441;144;;
2026-08-09 02:24:02;174.17;30.32633448425618;144;;
2026-08-09 02:24:32;174.02;30.25055525608852;144;;
2026-08-09 02:25:02;174.08;30.280850424991467;144;;
2026-08-09 02:25:32;174.24;30.36174526518341;144;;
2026-08-09 02:26:02;174.17;30.32633448425618;144;;
2026-08-09 02:26:32;174.24;30.36174526518341;144;;
2026-08-09 02:27:02;174.21;30.346565540864983;144;;
2026-08-09 02:27:32;174.38;30.43265691732551;144;;
2026-08-09 02:28:02;174.32;30.40225149427435;144;;
2026-08-09 02:28:32;174.33;30.407317531573057;144;;
2026-08-09 02:29:02;174.33;30.407317531573057;144;;
2026-08-09 02:29:32;174.44;30.463084425612386;144;;
2026-08-09 02:30:02;174.19;30.33644878762096;144;;
2026-08-09 02:30:32;174.32;30.40225149427435;144;;
2026-08-09 02:31:02;174.38;30.43265691732551;144;;
2026-08-09 02:31:33;174.44;30.463084425612386;144;;
2026-08-09 02:32:03;174.24;30.36174526518341;144;;
2026-08-09 02:32:33;174.42;30.452939468226404;144;;
2026-08-09 02:33:03;174.42;30.452939468226404;144;;
2026-08-09 02:33:33;174.47;30.478306465306808;144;;
2026-08-09 02:34:03;174.58;30.53416789647805;144;;
2026-08-09 02:34:33;174.67;30.57992800942431;144;;
2026-08-09 02:35:03;174.72;30.605371817664;144;;
2026-08-09 02:35:33;174.77;30.63083100810126;144;;
2026-08-09 02:36:03;174.72;30.605371817664;144;;
2026-08-09 02:36:33;174.67;30.57992800942431;144;;
2026-08-09 02:37:03;174.80;30.646113908589385;144;;
2026-08-09 02:37:33;174.75;30.620645485636388;144;;
2026-08-09 02:38:03;174.83;30.661402350505895;144;;
2026-08-09 02:38:33;174.97;30.732821725088204;144;;
2026-08-09 02:39:03;174.80;30.646113908589385;144;;
2026-08-09 02:39:33;174.78;30.63592469263854;144;;
2026-08-09 02:40:03;174.94;30.71750740413271;144;;
2026-08-09 02:40:33;174.77;30.63083100810126;144;;
2026-08-09 02:41:03;174.80;30.646113908589385;144;;
2026-08-09 02:41:33;174.96;30.727716334886388;144;;
2026-08-09 02:42:03;174.82;30.656305587397245;144;;
2026-08-09 02:42:33;174.83;30.661402350505895;144;;
2026-08-09 02:43:03;174.82;30.656305587397245;144;;
2026-08-09 02:43:33;174.78;30.63592469263854;144;;
2026-08-09 02:44:03;174.89;30.69199586438268;144;;
2026-08-09 02:44:33;174.80;30.646113908589385;144;;
2026-08-09 02:45:03;174.69;30.59010368728271;144;;
2026-08-09 02:45:33;174.77;30.63083100810126;144;;
2026-08-09 02:46:03;174.91;30.70219863132651;144;;
2026-08-09 02:46:33;174.86;30.676696335290337;144;;
2026-08-09 02:47:03;175.02;30.758357926482393;144;;
2026-08-09 02:47:34;174.91;30.70219863132651;144;;
2026-08-09 02:48:04;174.88;30.68689540522878;144;;
2026-08-09 02:48:34;175.02;30.758357926482393;144;;
2026-08-09 02:49:04;174.97;30.732821725088204;144;;
2026-08-09 02:49:34;175.72;31.11748711866125;144;;
2026-08-09 02:50:04;175.83;31.174197729734654;144;;
2026-08-09 02:50:34;175.61;31.060851604589082;144;;
2026-08-09 02:51:04;174.80;30.646113908589385;144;;
2026-08-09 02:51:34;174.86;30.676696335290337;144;;
2026-08-09 02:52:04;174.86;30.676696335290337;144;;
2026-08-09 02:52:34;174.91;30.70219863132651;144;;
2026-08-09 02:53:04;174.82;30.656305587397245;144;;
2026-08-09 02:53:34;174.99;30.743034355408696;144;;
2026-08-09 02:54:04;174.97;30.732821725088204;144;;
2026-08-09 02:54:34;174.99;30.743034355408696;144;;
2026-08-09 02:55:04;174.94;30.71750740413271;144;;
2026-08-09 02:55:34;174.92;30.707300939223128;144;;
2026-08-09 02:56:04;174.96;30.727716334886388;144;;
2026-08-09 02:56:34;175.02;30.758357926482393;144;;
2026-08-09 02:57:04;174.89;30.69199586438268;144;;
2026-08-09 02:57:34;174.97;30.732821725088204;144;;
2026-08-09 02:58:04;174.94;30.71750740413271;144;;
2026-08-09 02:58:34;175;30.748141595634138;144;;
2026-08-09 02:59:04;175.03;30.76346701721197;144;;
2026-08-09 02:59:34;175.03;30.76346701721197;144;;
2026-08-09 03:00:04;175.11;30.80436195743032;144;;
2026-08-09 03:00:34;175.08;30.78902172605101;144;;
2026-08-09 03:01:04;175.14;30.819707745129755;144;;
2026-08-09 03:01:34;175.13;30.8145918651053;144;;
2026-08-09 03:02:04;175.16;30.829941357819845;144;;
2026-08-09 03:02:34;175.25;30.87602319409027;144;;
2026-08-09 03:03:04;175.25;30.87602319409027;144;;
2026-08-09 03:03:34;175.27;30.8862704000695;144;;
2026-08-09 03:04:05;175.25;30.87602319409027;144;;
2026-08-09 03:04:35;175.25;30.87602319409027;144;;
2026-08-09 03:05:05;175.21;30.855536199113306;144;;
2026-08-09 03:05:35;175.33;30.917026857106418;144;;
2026-08-09 03:06:05;175.25;30.87602319409027;144;;
2026-08-09 03:06:35;175.19;30.845296409259753;144;;
2026-08-09 03:07:05;175.32;30.91189923488191;144;;
2026-08-09 03:07:35;175.32;30.91189923488191;144;;
2026-08-09 03:08:05;175.30;30.90164584585551;144;;
2026-08-09 03:08:35;175.27;30.8862704000695;144;;
2026-08-09 03:09:05;175.19;30.845296409259753;144;;
2026-08-09 03:09:35;175.32;30.91189923488191;144;;
2026-08-09 03:10:05;175.36;30.932413435267335;144;;
2026-08-09 03:10:35;175.30;30.90164584585551;144;;
2026-08-09 03:11:05;175.30;30.90164584585551;144;;
2026-08-09 03:11:35;175.27;30.8862704000695;144;;
2026-08-09 03:12:05;175.24;30.87090051830357;144;;
2026-08-09 03:12:35;175.38;30.942674247482863;144;;
2026-08-09 03:13:05;175.21;30.855536199113306;144;;
2026-08-09 03:13:35;175.05;30.773687049549153;144;;
2026-08-09 03:14:05;175.16;30.829941357819845;144;;
2026-08-09 03:14:35;174.91;30.70219863132651;144;;
2026-08-09 03:15:05;175.08;30.78902172605101;144;;
2026-08-09 03:15:35;174.85;30.671597724399074;144;;
2026-08-09 03:16:05;174.86;30.676696335290337;144;;
2026-08-09 03:16:35;174.88;30.68689540522878;144;;
2026-08-09 03:17:05;174.72;30.605371817664;144;;
2026-08-09 03:17:35;174.58;30.53416789647805;144;;
2026-08-09 03:18:05;174.11;30.29600626919333;144;;
2026-08-09 03:18:35;173.61;30.044126919458307;144;;
2026-08-09 03:19:05;173.86;30.169875743962884;144;;
2026-08-09 03:19:35;176;31.261989279056763;144;;
2026-08-09 03:20:05;176.52;31.531645384705232;144;;
2026-08-09 03:20:36;176.49;31.516042440967375;144;;
2026-08-09 03:21:06;176.47;31.505643602479115;144;;
2026-08-09 03:21:36;176.57;31.557662790550722;144;;
2026-08-09 03:22:06;176.46;31.50044512027404;144;;
2026-08-09 03:22:36;176.39;31.464073231195187;144;;
2026-08-09 03:23:06;176.21;31.37068592655663;144;;
2026-08-09 03:23:36;176.21;31.37068592655663;144;;
2026-08-09 03:24:06;175.78;31.148410865136956;144;;
2026-08-09 03:24:36;175.36;30.932413435267335;144;;
2026-08-09 03:25:06;175.32;30.91189923488191;144;;
2026-08-09 03:25:36;174.99;30.743034355408696;144;;
2026-08-09 03:26:06;174.82;30.656305587397245;144;;
2026-08-09 03:26:36;174.75;30.620645485636388;144;;
2026-08-09 03:27:06;174.53;30.50876712297573;144;;
2026-08-09 03:27:36;174.49;30.488457561467072;144;;
2026-08-09 03:28:06;174.36;30.4225193229602;144;;
2026-08-09 03:28:36;174.47;30.478306465306808;144;;
2026-08-09 03:29:06;174.72;30.605371817664;144;;
2026-08-09 03:29:36;174.63;30.55958403354012;144;;
2026-08-09 03:30:06;174.67;30.57992800942431;144;;
2026-08-09 03:30:36;175.16;30.829941357819845;144;;
2026-08-09 03:31:06;175.94;31.230983509300874;144;;
2026-08-09 03:31:36;176.08;31.303365147318896;144;;
2026-08-09 03:32:06;175.72;31.11748711866125;144;;
2026-08-09 03:32:36;175.78;31.148410865136956;144;;
2026-08-09 03:33:06;175.78;31.148410865136956;144;;
2026-08-09 03:33:36;175.74;31.127792551035068;144;;
2026-08-09 03:34:06;175.69;31.102033624738844;144;;
2026-08-09 03:34:36;175.83;31.174197729734654;144;;
2026-08-09 03:35:06;175.71;31.112335333455707;144;;
2026-08-09 03:35:36;175.94;31.230983509300874;144;;
2026-08-09 03:36:06;175.83;31.174197729734654;144;;
2026-08-09 03:36:36;176.11;31.318891368872393;144;;
2026-08-09 03:37:07;176.08;31.303365147318896;144;;
2026-08-09 03:37:37;176.16;31.34478086018075;144;;
2026-08-09 03:38:07;175.92;31.22065322783738;144;;
2026-08-09 03:38:37;176.05;31.28784452891204;144;;
2026-08-09 03:39:07;176.14;31.334423195026393;144;;
2026-08-09 03:39:37;176.17;31.349960627235;144;;
2026-08-09 03:40:07;176.16;31.34478086018075;144;;
2026-08-09 03:40:37;176.24;31.38623644521629;144;;
2026-08-09 03:41:07;176.25;31.391421198231924;144;;
2026-08-09 03:41:37;176.33;31.432921672443456;144;;
2026-08-09 03:42:07;176.36;31.448494643455;144;;
2026-08-09 03:42:37;176.36;31.448494643455;144;;
2026-08-09 03:43:07;176.38;31.45887974444422;144;;
2026-08-09 03:43:37;176.36;31.448494643455;144;;
2026-08-09 03:44:07;176.27;31.4017925747802;144;;
2026-08-09 03:44:37;176.36;31.448494643455;144;;
2026-08-09 03:45:07;176.36;31.448494643455;144;;
2026-08-09 03:45:37;176.46;31.50044512027404;144;;
2026-08-09 03:46:07;176.41;31.47446207747959;144;;
2026-08-09 03:46:37;176.33;31.432921672443456;144;;
2026-08-09 03:47:07;176.36;31.448494643455;144;;
2026-08-09 03:47:37;176.41;31.47446207747959;144;;
2026-08-09 03:48:07;176.52;31.531645384705232;144;;
2026-08-09 03:48:37;176.41;31.47446207747959;144;;
2026-08-09 03:49:07;176.47;31.505643602479115;144;;
2026-08-09 03:49:37;176.38;31.45887974444422;144;;
2026-08-09 03:50:07;176.41;31.47446207747959;144;;
2026-08-09 03:50:37;176.27;31.4017925747802;144;;
2026-08-09 03:51:07;176.36;31.448494643455;144;;
2026-08-09 03:51:37;176.19;31.360322030567175;144;;
2026-08-09 03:52:07;176.22;31.37586880943254;144;;
2026-08-09 03:52:37;176.24;31.38623644521629;144;;
2026-08-09 03:53:07;176.27;31.4017925747802;144;;
2026-08-09 03:53:38;176.08;31.303365147318896;144;;
2026-08-09 03:54:08;176.03;31.277500562115605;144;;
2026-08-09 03:54:38;175.92;31.22065322783738;144;;
2026-08-09 03:55:08;175.99;31.256820095724763;144;;
2026-08-09 03:55:38;175.88;31.20000012501183;144;;
2026-08-09 03:56:08;175.69;31.102033624738844;144;;
2026-08-09 03:56:38;175.66;31.08658571509396;144;;
2026-08-09 03:57:08;175.63;31.07114338827749;144;;
2026-08-09 03:57:38;175.69;31.102033624738844;144;;
2026-08-09 03:58:08;175.35;30.92728395724557;144;;
2026-08-09 03:58:38;175.27;30.8862704000695;144;;
2026-08-09 03:59:08;175.50;31.00429111608687;144;;
2026-08-09 03:59:38;175.35;30.92728395724557;144;;
2026-08-09 04:00:08;174.86;30.676696335290337;144;;
2026-08-09 04:00:38;174.82;30.656305587397245;144;;
2026-08-09 04:01:08;175.11;30.80436195743032;144;;
2026-08-09 04:01:38;175.27;30.8862704000695;144;;
2026-08-09 04:02:08;175.08;30.78902172605101;144;;
2026-08-09 04:02:38;175.52;31.01456926407294;144;;
2026-08-09 04:03:08;175.71;31.112335333455707;144;;
2026-08-09 04:03:38;175.94;31.230983509300874;144;;
2026-08-09 04:04:08;176.25;31.391421198231924;144;;
2026-08-09 04:04:38;176.17;31.349960627235;144;;
2026-08-09 04:05:08;176.19;31.360322030567175;144;;
2026-08-09 04:05:38;176.07;31.29819098534986;144;;
2026-08-09 04:06:08;176.05;31.28784452891204;144;;
2026-08-09 04:06:38;175.61;31.060851604589082;144;;
2026-08-09 04:07:08;175.46;30.983742253159832;144;;
2026-08-09 04:07:38;175.66;31.08658571509396;144;;
2026-08-09 04:08:08;175.55;31.02999113291121;144;;
2026-08-09 04:08:38;175.61;31.060851604589082;144;;
2026-08-09 04:09:08;175.61;31.060851604589082;144;;
2026-08-09 04:09:38;175.52;31.01456926407294;144;;
2026-08-09 04:10:09;175.32;30.91189923488191;144;;
2026-08-09 04:10:39;175.42;30.96320329810139;144;;
2026-08-09 04:11:09;175.57;31.040275477335005;144;;
2026-08-09 04:11:39;175.66;31.08658571509396;144;;
2026-08-09 04:12:09;175.67;31.091734397923087;144;;
2026-08-09 04:12:39;175.32;30.91189923488191;144;;
2026-08-09 04:13:09;174.86;30.676696335290337;144;;
2026-08-09 04:13:39;175.58;31.04541857926731;144;;
2026-08-09 04:14:09;175.88;31.20000012501183;144;;
2026-08-09 04:14:39;175.74;31.127792551035068;144;;
2026-08-09 04:15:09;175.42;30.96320329810139;144;;
2026-08-09 04:15:39;176.08;31.303365147318896;144;;
2026-08-09 04:16:09;176.63;31.588904310252683;144;;
2026-08-09 04:16:39;176.69;31.620168349368168;144;;
2026-08-09 04:17:09;176.80;31.677544281104062;144;;
2026-08-09 04:17:39;176.66;31.60453351415379;144;;
2026-08-09 04:18:09;177;31.782058409655424;144;;
2026-08-09 04:18:39;177.72;32.16039081096951;144;;
2026-08-09 04:19:09;178.19;32.409122398931174;144;;
2026-08-09 04:19:39;178.58;32.61657971089742;144;;
2026-08-09 04:20:09;178.69;32.67526811546363;144;;
2026-08-09 04:20:39;178.74;32.70197012923433;144;;
2026-08-09 04:21:09;178.74;32.70197012923433;144;;
2026-08-09 04:21:39;178.75;32.707312442890334;144;;
2026-08-09 04:22:09;178.71;32.68594701028981;144;;
2026-08-09 04:22:39;178.63;32.64324671160783;144;;
2026-08-09 04:23:09;178.52;32.58460030278269;144;;
2026-08-09 04:23:39;178.52;32.58460030278269;144;;
2026-08-09 04:24:09;178.41;32.5260308297095;144;;
2026-08-09 04:24:39;178.42;32.531352150018;144;;
2026-08-09 04:25:09;178.49;32.56861918320641;144;;
2026-08-09 04:25:39;178.42;32.531352150018;144;;
2026-08-09 04:26:09;178.41;32.5260308297095;144;;
2026-08-09 04:26:40;178.36;32.49943375551196;144;;
2026-08-09 04:27:10;178.38;32.51007067994115;144;;
2026-08-09 04:27:40;178.35;32.49411624575782;144;;
2026-08-09 04:28:10;178.30;32.46753821940085;144;;
2026-08-09 04:28:40;178.27;32.451599019545554;144;;
2026-08-09 04:29:10;178.21;32.41973774884289;144;;
2026-08-09 04:29:40;178.17;32.39850958511759;144;;
2026-08-09 04:30:10;178.13;32.37729156403422;144;;
2026-08-09 04:30:40;178.05;32.33488593579022;144;;
2026-08-09 04:31:10;178.14;32.38259511862386;144;;
2026-08-09 04:31:40;178.07;32.34548354220456;144;;
2026-08-09 04:32:10;178.22;32.42504637497238;144;;
2026-08-09 04:32:40;178.11;32.36668635588918;144;;
2026-08-09 04:33:10;178.02;32.318994275473614;144;;
2026-08-09 04:33:40;178;32.30840300082818;144;;
2026-08-09 04:34:10;177.94;32.276644366798486;144;;
2026-08-09 04:34:40;177.83;32.21847934941222;144;;
2026-08-09 04:35:10;177.94;32.276644366798486;144;;
2026-08-09 04:35:40;177.91;32.260773591402106;144;;
2026-08-09 04:36:10;178.07;32.34548354220456;144;;
2026-08-09 04:36:40;177.94;32.276644366798486;144;;
2026-08-09 04:37:10;177.88;32.24490850845198;144;;
2026-08-09 04:37:40;177.89;32.25019623703233;144;;
2026-08-09 04:38:10;177.96;32.28722804692767;144;;
2026-08-09 04:38:40;178.05;32.33488593579022;144;;
2026-08-09 04:39:10;178;32.30840300082818;144;;
2026-08-09 04:39:40;177.94;32.276644366798486;144;;
2026-08-09 04:40:10;177.99;32.303108313011215;144;;
2026-08-09 04:40:40;177.86;32.23433494822746;144;;
2026-08-09 04:41:10;177.77;32.186785215856865;144;;
2026-08-09 04:41:40;177.72;32.16039081096951;144;;
2026-08-09 04:42:10;177.78;32.19206599180618;144;;
2026-08-09 04:42:40;177.66;32.128738362597524;144;;
2026-08-09 04:43:11;177.72;32.16039081096951;144;;
2026-08-09 04:43:41;177.72;32.16039081096951;144;;
2026-08-09 04:44:11;177.50;32.04444288057525;144;;
2026-08-09 04:44:41;177.50;32.04444288057525;144;;
2026-08-09 04:45:11;177.47;32.028655446797885;144;;
2026-08-09 04:45:41;177.50;32.04444288057525;144;;
2026-08-09 04:46:11;177.47;32.028655446797885;144;;
2026-08-09 04:46:41;177.38;31.98132716475159;144;;
2026-08-09 04:47:11;177.27;31.923550739371;144;;
2026-08-09 04:47:41;177.16;31.865850423972216;144;;
2026-08-09 04:48:11;177.38;31.98132716475159;144;;
2026-08-09 04:48:41;177.42;32.00235565835526;144;;
2026-08-09 04:49:11;177.38;31.98132716475159;144;;
2026-08-09 04:49:41;177.38;31.98132716475159;144;;
2026-08-09 04:50:11;177.13;31.85012717398253;144;;
2026-08-09 04:50:41;177.16;31.865850423972216;144;;
2026-08-09 04:51:11;177.13;31.85012717398253;144;;
2026-08-09 04:51:41;177.08;31.823934321565677;144;;
2026-08-09 04:52:11;177.05;31.808226146267454;144;;
2026-08-09 04:52:41;176.91;31.734996014383043;144;;
2026-08-09 04:53:11;176.69;31.620168349368168;144;;
2026-08-09 04:53:41;176.69;31.620168349368168;144;;
2026-08-09 04:54:11;176.71;31.6305947020729;144;;
2026-08-09 04:54:41;176.61;31.578487968771668;144;;
2026-08-09 04:55:11;176.58;31.562868147148492;144;;
2026-08-09 04:55:41;176.61;31.578487968771668;144;;
2026-08-09 04:56:11;176.52;31.531645384705232;144;;
2026-08-09 04:56:41;176.66;31.60453351415379;144;;
2026-08-09 04:57:11;176.57;31.557662790550722;144;;
2026-08-09 04:57:41;176.47;31.505643602479115;144;;
2026-08-09 04:58:11;176.52;31.531645384705232;144;;
2026-08-09 04:58:41;176.47;31.505643602479115;144;;
2026-08-09 04:59:11;176.52;31.531645384705232;144;;
2026-08-09 04:59:42;176.49;31.516042440967375;144;;
2026-08-09 05:00:12;176.47;31.505643602479115;144;;
2026-08-09 05:00:42;176.55;31.547253952946022;144;;
2026-08-09 05:01:12;176.58;31.562868147148492;144;;
2026-08-09 05:01:42;176.50;31.52124279735857;144;;
2026-08-09 05:02:12;176.53;31.536847615768682;144;;
2026-08-09 05:02:42;176.50;31.52124279735857;144;;
2026-08-09 05:03:12;176.61;31.578487968771668;144;;
2026-08-09 05:03:42;176.61;31.578487968771668;144;;
2026-08-09 05:04:12;176.61;31.578487968771668;144;;
2026-08-09 05:04:42;176.52;31.531645384705232;144;;
2026-08-09 05:05:12;176.61;31.578487968771668;144;;
2026-08-09 05:05:42;176.60;31.573280736204897;144;;
2026-08-09 05:06:12;176.52;31.531645384705232;144;;
2026-08-09 05:06:42;176.58;31.562868147148492;144;;
2026-08-09 05:07:12;176.61;31.578487968771668;144;;
2026-08-09 05:07:42;176.64;31.59411341927503;144;;
2026-08-09 05:08:12;176.60;31.573280736204897;144;;
2026-08-09 05:08:42;176.72;31.635808817356107;144;;
2026-08-09 05:09:12;176.55;31.547253952946022;144;;
2026-08-09 05:09:42;176.75;31.651454919578292;144;;
2026-08-09 05:10:12;176.58;31.562868147148492;144;;
2026-08-09 05:10:42;176.71;31.6305947020729;144;;
2026-08-09 05:11:12;176.63;31.588904310252683;144;;
2026-08-09 05:11:42;176.72;31.635808817356107;144;;
2026-08-09 05:12:12;176.74;31.646238926054686;144;;
2026-08-09 05:12:42;176.66;31.60453351415379;144;;
2026-08-09 05:13:12;176.69;31.620168349368168;144;;
2026-08-09 05:13:42;176.66;31.60453351415379;144;;
2026-08-09 05:14:12;176.66;31.60453351415379;144;;
2026-08-09 05:14:42;176.66;31.60453351415379;144;;
2026-08-09 05:15:12;176.69;31.620168349368168;144;;
2026-08-09 05:15:42;176.69;31.620168349368168;144;;
2026-08-09 05:16:13;176.60;31.573280736204897;144;;
2026-08-09 05:16:43;176.55;31.547253952946022;144;;
2026-08-09 05:17:13;176.53;31.536847615768682;144;;
2026-08-09 05:17:43;176.55;31.547253952946022;144;;
2026-08-09 05:18:13;176.38;31.45887974444422;144;;
2026-08-09 05:18:43;176.38;31.45887974444422;144;;
2026-08-09 05:19:13;176.52;31.531645384705232;144;;
2026-08-09 05:19:43;176.50;31.52124279735857;144;;
2026-08-09 05:20:13;176.42;31.479657437120977;144;;
2026-08-09 05:20:43;176.55;31.547253952946022;144;;
2026-08-09 05:21:13;176.32;31.4277319300164;144;;
2026-08-09 05:21:43;176.47;31.505643602479115;144;;
2026-08-09 05:22:13;176.36;31.448494643455;144;;
2026-08-09 05:22:43;176.35;31.44330302910877;144;;
2026-08-09 05:23:13;176.27;31.4017925747802;144;;
2026-08-09 05:23:43;176.21;31.37068592655663;144;;
2026-08-09 05:24:13;176.22;31.37586880943254;144;;
2026-08-09 05:24:43;176.19;31.360322030567175;144;;
2026-08-09 05:25:13;176.25;31.391421198231924;144;;
2026-08-09 05:25:43;176.22;31.37586880943254;144;;
2026-08-09 05:26:13;176.13;31.32924529681857;144;;
2026-08-09 05:26:43;175.91;31.215489019698992;144;;
2026-08-09 05:27:13;176.03;31.277500562115605;144;;
2026-08-09 05:27:43;176.17;31.349960627235;144;;
2026-08-09 05:28:13;176.13;31.32924529681857;144;;
2026-08-09 05:28:43;176.07;31.29819098534986;144;;
2026-08-09 05:29:13;175.92;31.22065322783738;144;;
2026-08-09 05:29:43;175.91;31.215489019698992;144;;
2026-08-09 05:30:13;175.85;31.184516823787813;144;;
2026-08-09 05:30:43;175.83;31.174197729734654;144;;
2026-08-09 05:31:13;175.69;31.102033624738844;144;;
2026-08-09 05:31:43;175.74;31.127792551035068;144;;
2026-08-09 05:32:13;175.78;31.148410865136956;144;;
2026-08-09 05:32:44;175.75;31.1329461983107;144;;
2026-08-09 05:33:14;175.74;31.127792551035068;144;;
2026-08-09 05:33:44;175.74;31.127792551035068;144;;
2026-08-09 05:34:14;175.75;31.1329461983107;144;;
2026-08-09 05:34:44;175.77;31.143255355307957;144;;
2026-08-09 05:35:14;175.69;31.102033624738844;144;;
2026-08-09 05:35:44;175.67;31.091734397923087;144;;
2026-08-09 05:36:14;175.58;31.04541857926731;144;;
2026-08-09 05:36:44;175.52;31.01456926407294;144;;
2026-08-09 05:37:14;175.53;31.019709267384172;144;;
2026-08-09 05:37:44;175.53;31.019709267384172;144;;
2026-08-09 05:38:14;175.60;31.05570664284068;144;;
2026-08-09 05:38:44;175.61;31.060851604589082;144;;
2026-08-09 05:39:14;175.64;31.076290210324814;144;;
2026-08-09 05:39:44;175.55;31.02999113291121;144;;
2026-08-09 05:40:14;175.58;31.04541857926731;144;;
2026-08-09 05:40:44;175.69;31.102033624738844;144;;
2026-08-09 05:41:14;175.66;31.08658571509396;144;;
2026-08-09 05:41:44;175.75;31.1329461983107;144;;
2026-08-09 05:42:14;175.91;31.215489019698992;144;;
2026-08-09 05:42:44;175.86;31.189677302789516;144;;
2026-08-09 05:43:14;175.86;31.189677302789516;144;;
2026-08-09 05:43:44;175.71;31.112335333455707;144;;
2026-08-09 05:44:14;175.80;31.15872374772436;144;;
2026-08-09 05:44:44;175.78;31.148410865136956;144;;
2026-08-09 05:45:14;175.77;31.143255355307957;144;;
2026-08-09 05:45:44;175.72;31.11748711866125;144;;
2026-08-09 05:46:14;175.72;31.11748711866125;144;;
2026-08-09 05:46:44;175.74;31.127792551035068;144;;
2026-08-09 05:47:14;175.63;31.07114338827749;144;;
2026-08-09 05:47:44;175.77;31.143255355307957;144;;
2026-08-09 05:48:14;175.77;31.143255355307957;144;;
2026-08-09 05:48:44;175.74;31.127792551035068;144;;
2026-08-09 05:49:15;175.66;31.08658571509396;144;;
2026-08-09 05:49:45;175.86;31.189677302789516;144;;
2026-08-09 05:50:15;175.85;31.184516823787813;144;;
2026-08-09 05:50:45;175.99;31.256820095724763;144;;
2026-08-09 05:51:15;176.05;31.28784452891204;144;;
2026-08-09 05:51:45;175.86;31.189677302789516;144;;
2026-08-09 05:52:15;175.86;31.189677302789516;144;;
2026-08-09 05:52:45;175.75;31.1329461983107;144;;
2026-08-09 05:53:15;175.94;31.230983509300874;144;;
2026-08-09 05:53:45;176.02;31.27232951219837;144;;
2026-08-09 05:54:15;175.83;31.174197729734654;144;;
2026-08-09 05:54:45;175.55;31.02999113291121;144;;
2026-08-09 05:55:15;175.52;31.01456926407294;144;;
2026-08-09 05:55:45;175.63;31.07114338827749;144;;
2026-08-09 05:56:15;175.08;30.78902172605101;144;;
2026-08-09 05:56:45;175.49;30.999152971304866;144;;
2026-08-09 05:57:15;175.91;31.215489019698992;144;;
2026-08-09 05:57:45;176.33;31.432921672443456;144;;
2026-08-09 05:58:15;176.27;31.4017925747802;144;;
2026-08-09 05:58:45;176.27;31.4017925747802;144;;
2026-08-09 05:59:15;176.17;31.349960627235;144;;
2026-08-09 05:59:45;176.13;31.32924529681857;144;;
2026-08-09 06:00:15;176.08;31.303365147318896;144;;
2026-08-09 06:00:45;176.13;31.32924529681857;144;;
2026-08-09 06:01:15;176.27;31.4017925747802;144;;
2026-08-09 06:01:45;175.99;31.256820095724763;144;;
2026-08-09 06:02:15;174.61;30.549415734662333;144;;
2026-08-09 06:02:45;174.83;30.661402350505895;144;;
2026-08-09 06:03:15;174.97;30.732821725088204;144;;
2026-08-09 06:03:45;175.07;30.783909550079656;144;;
2026-08-09 06:04:15;174.63;30.55958403354012;144;;
2026-08-09 06:04:45;174.78;30.63592469263854;144;;
2026-08-09 06:05:16;174.61;30.549415734662333;144;;
2026-08-09 06:05:46;174.71;30.600281825653372;144;;
2026-08-09 06:06:16;174.75;30.620645485636388;144;;
2026-08-09 06:06:46;174.58;30.53416789647805;144;;
2026-08-09 06:07:16;174.30;30.392121259103853;144;;
2026-08-09 06:07:46;173.77;30.124562238400355;144;;
2026-08-09 06:08:16;172.47;29.475528159512848;144;;
2026-08-09 06:08:46;172.72;29.599546878857048;144;;
2026-08-09 06:09:16;172.39;29.435921857689806;144;;
2026-08-09 06:09:46;172.75;29.614454506984448;144;;
2026-08-09 06:10:16;173.28;29.878721531415202;144;;
2026-08-09 06:10:46;174.33;30.407317531573057;144;;
2026-08-09 06:11:16;174.75;30.620645485636388;144;;
2026-08-09 06:11:46;174.50;30.493534030615926;144;;
2026-08-09 06:12:16;174.44;30.463084425612386;144;;
2026-08-09 06:12:46;174.19;30.33644878762096;144;;
2026-08-09 06:13:16;172.49;29.485435767949717;144;;
2026-08-09 06:13:46;175.22;30.860657020868597;144;;
2026-08-09 06:14:16;175.46;30.983742253159832;144;;
2026-08-09 06:14:46;175.50;31.00429111608687;144;;
2026-08-09 06:15:16;175.50;31.00429111608687;144;;
2026-08-09 06:15:46;175.64;31.076290210324814;144;;
2026-08-09 06:16:16;175.63;31.07114338827749;144;;
2026-08-09 06:16:46;175.50;31.00429111608687;144;;
2026-08-09 06:17:16;175.49;30.999152971304866;144;;
2026-08-09 06:17:46;175.44;30.973471537361352;144;;
2026-08-09 06:18:16;175.58;31.04541857926731;144;;
2026-08-09 06:18:46;175.52;31.01456926407294;144;;
2026-08-09 06:19:16;175.41;30.95807010703943;144;;
2026-08-09 06:19:46;174.88;30.68689540522878;144;;
2026-08-09 06:20:16;172.96;29.718960410683717;144;;
2026-08-09 06:20:46;172.72;29.599546878857048;144;;
2026-08-09 06:21:16;172.91;29.69405383192648;144;;
2026-08-09 06:21:47;173.25;29.86371751995505;144;;
2026-08-09 06:22:17;173.42;29.948812585848376;144;;
2026-08-09 06:22:47;173.55;30.014003906814818;144;;
2026-08-09 06:23:17;173.63;30.054172798301273;144;;
2026-08-09 06:23:47;172.92;29.699033936045836;144;;
2026-08-09 06:24:17;172.19;29.337074880066243;144;;
2026-08-09 06:24:47;172.50;29.49039047740333;144;;
2026-08-09 06:25:17;172.88;29.679117153623846;144;;
2026-08-09 06:25:47;172.69;29.584644693149386;144;;
2026-08-09 06:26:17;173.69;30.084325064632917;144;;
2026-08-09 06:26:47;173.97;30.225326100618016;144;;
2026-08-09 06:27:17;173.61;30.044126919458307;144;;
2026-08-09 06:27:47;173.22;29.848718975993208;144;;
2026-08-09 06:28:17;172.80;29.6393126519779;144;;
2026-08-09 06:28:47;172.88;29.679117153623846;144;;
2026-08-09 06:29:17;172.55;29.51517307911846;144;;
2026-08-09 06:29:47;172.63;29.55485664332762;144;;
2026-08-09 06:30:17;172.77;29.624395950002267;144;;
2026-08-09 06:30:47;172.91;29.69405383192648;144;;
2026-08-09 06:31:17;173.14;29.808749577938134;144;;
2026-08-09 06:31:47;173.32;29.89873538748495;144;;
2026-08-09 06:32:17;173.55;30.014003906814818;144;;
2026-08-09 06:32:47;173.49;29.983902821127174;144;;
2026-08-09 06:33:17;173.55;30.014003906814818;144;;
2026-08-09 06:33:47;173.35;29.91375216197397;144;;
2026-08-09 06:34:17;173.52;29.99895062381433;144;;
2026-08-09 06:34:47;173.52;29.99895062381433;144;;
2026-08-09 06:35:17;173.66;30.069246187982774;144;;
2026-08-09 06:35:47;173.97;30.225326100618016;144;;
2026-08-09 06:36:17;173.72;30.099409429678737;144;;
2026-08-09 06:36:47;173.46;29.96886049732819;144;;
2026-08-09 06:37:17;173.52;29.99895062381433;144;;
2026-08-09 06:37:47;173.58;30.029062671554193;144;;
2026-08-09 06:38:18;173.50;29.988918146520497;144;;
2026-08-09 06:38:48;173.21;29.84372067609305;144;;
2026-08-09 06:39:18;173.16;29.818738284875696;144;;
2026-08-09 06:39:48;173.17;29.823733548856882;144;;
2026-08-09 06:40:18;173.08;29.778798021534392;144;;
2026-08-09 06:40:48;173.14;29.808749577938134;144;;
2026-08-09 06:41:18;173.19;29.833725898107403;144;;
2026-08-09 06:41:48;173.30;29.888727243923555;144;;
2026-08-09 06:42:18;173.21;29.84372067609305;144;;
2026-08-09 06:42:48;173.05;29.76383043320762;144;;
2026-08-09 06:43:18;172.88;29.679117153623846;144;;
2026-08-09 06:43:48;172.88;29.679117153623846;144;;
2026-08-09 06:44:18;172.86;29.669162395942937;144;;
2026-08-09 06:44:48;173.05;29.76383043320762;144;;
2026-08-09 06:45:18;173.08;29.778798021534392;144;;
2026-08-09 06:45:48;173.33;29.903740371042332;144;;
2026-08-09 06:46:18;173.36;29.91875896945371;144;;
2026-08-09 06:46:48;173.33;29.903740371042332;144;;
2026-08-09 06:47:18;173.38;29.928774408704527;144;;
2026-08-09 06:47:48;173.32;29.89873538748495;144;;
2026-08-09 06:48:18;173.22;29.848718975993208;144;;
2026-08-09 06:48:48;173.50;29.988918146520497;144;;
2026-08-09 06:49:18;173.67;30.07427187046583;144;;
2026-08-09 06:49:48;173.71;30.094380698086944;144;;
2026-08-09 06:50:18;173.72;30.099409429678737;144;;
2026-08-09 06:50:48;173.72;30.099409429678737;144;;
2026-08-09 06:51:18;173.75;30.11449928454762;144;;
2026-08-09 06:51:48;173.77;30.124562238400355;144;;
2026-08-09 06:52:18;173.86;30.169875743962884;144;;
2026-08-09 06:52:48;173.83;30.15476574752525;144;;
2026-08-09 06:53:18;173.88;30.179952128437833;144;;
2026-08-09 06:53:48;174;30.24046175956623;144;;
2026-08-09 06:54:18;173.83;30.15476574752525;144;;
2026-08-09 06:54:49;173.75;30.11449928454762;144;;
2026-08-09 06:55:19;173.38;29.928774408704527;144;;
2026-08-09 06:55:49;173.07;29.773808218890814;144;;
2026-08-09 06:56:19;172.88;29.679117153623846;144;;
2026-08-09 06:56:49;173.13;29.803756134876487;144;;
2026-08-09 06:57:19;172.99;29.733911629202186;144;;
2026-08-09 06:57:49;173.08;29.778798021534392;144;;
2026-08-09 06:58:19;172.91;29.69405383192648;144;;
2026-08-09 06:58:49;173.72;30.099409429678737;144;;
2026-08-09 06:59:19;174.42;30.452939468226404;144;;
2026-08-09 06:59:49;175.16;30.829941357819845;144;;
2026-08-09 07:00:19;175.83;31.174197729734654;144;;
2026-08-09 07:00:49;176.30;31.417354316703943;144;;
2026-08-09 07:01:19;176.52;31.531645384705232;144;;
2026-08-09 07:01:49;176.67;31.609744500118325;144;;
2026-08-09 07:02:19;176.97;31.766365298633012;144;;
2026-08-09 07:02:49;177;31.782058409655424;144;;
2026-08-09 07:03:19;177.36;31.970816695803332;144;;
2026-08-09 07:03:49;177.82;32.213195413994555;144;;
2026-08-09 07:04:19;177.94;32.276644366798486;144;;
2026-08-09 07:04:49;177.96;32.28722804692767;144;;
2026-08-09 07:05:19;177.61;32.102378678870124;144;;
2026-08-09 07:05:49;177.63;32.112920659406164;144;;
2026-08-09 07:06:19;177.91;32.260773591402106;144;;
2026-08-09 07:06:49;178.08;32.35078329543674;144;;
2026-08-09 07:07:19;178.63;32.64324671160783;144;;
2026-08-09 07:07:49;178.35;32.49411624575782;144;;
2026-08-09 07:08:19;178.08;32.35078329543674;144;;
2026-08-09 07:08:49;178;32.30840300082818;144;;
2026-08-09 07:09:19;177.89;32.25019623703233;144;;
2026-08-09 07:09:49;177.71;32.15511382458216;144;;
2026-08-09 07:10:19;177.96;32.28722804692767;144;;
2026-08-09 07:10:49;178.02;32.318994275473614;144;;
2026-08-09 07:11:20;178.07;32.34548354220456;144;;
2026-08-09 07:11:50;178.30;32.46753821940085;144;;
2026-08-09 07:12:20;178.77;32.7179989815439;144;;
2026-08-09 07:12:50;178.77;32.7179989815439;144;;
2026-08-09 07:13:20;178.86;32.76611995350365;144;;
2026-08-09 07:13:50;178.91;32.792876143758946;144;;
2026-08-09 07:14:20;178.94;32.808937513176495;144;;
2026-08-09 07:14:50;179.27;32.98599195934068;144;;
2026-08-09 07:15:20;180.08;33.42353892050017;144;;
2026-08-09 07:15:50;180.02;33.39098339666149;144;;
2026-08-09 07:16:20;179.46;33.08824841074123;144;;
2026-08-09 07:16:50;179.75;33.24477031714674;144;;
2026-08-09 07:17:20;180.03;33.396407706703975;144;;
2026-08-09 07:17:50;180.14;33.45611764426807;144;;
2026-08-09 07:18:20;180.11;33.43982538164336;144;;
2026-08-09 07:18:50;180.17;33.47241570987404;144;;
2026-08-09 07:19:20;180.72;33.77224380015219;144;;
2026-08-09 07:19:50;180.83;33.83244434721524;144;;
2026-08-09 07:20:20;180.42;33.608458795764726;144;;
2026-08-09 07:20:50;180.08;33.42353892050017;144;;
2026-08-09 07:21:20;180.07;33.41811138907807;144;;
2026-08-09 07:21:50;180.08;33.42353892050017;144;;
2026-08-09 07:22:20;180.11;33.43982538164336;144;;
2026-08-09 07:22:50;180;33.38013670884915;144;;
2026-08-09 07:23:20;179.99;33.37471433096835;144;;
2026-08-09 07:23:50;180.13;33.450686245358206;144;;
2026-08-09 07:24:20;180.13;33.450686245358206;144;;
2026-08-09 07:24:50;180.07;33.41811138907807;144;;
2026-08-09 07:25:20;180.19;33.48328431156391;144;;
2026-08-09 07:25:50;180.33;33.55943679428717;144;;
2026-08-09 07:26:20;180.13;33.450686245358206;144;;
2026-08-09 07:26:50;180.30;33.54310775410565;144;;
2026-08-09 07:27:20;180.38;33.58666477863661;144;;
2026-08-09 07:27:51;179.67;33.201537938100635;144;;
2026-08-09 07:28:21;178.96;32.81964828339879;144;;
2026-08-09 07:28:51;178.50;32.57394558732396;144;;
2026-08-09 07:29:21;178.16;32.39320412911087;144;;
2026-08-09 07:29:51;177.61;32.102378678870124;144;;
2026-08-09 07:30:21;176.97;31.766365298633012;144;;
2026-08-09 07:30:51;177.24;31.907806744661936;144;;
2026-08-09 07:31:21;176.71;31.6305947020729;144;;
2026-08-09 07:31:51;176.02;31.27232951219837;144;;
2026-08-09 07:32:21;176.22;31.37586880943254;144;;
2026-08-09 07:32:51;177.14;31.855367628992234;144;;
2026-08-09 07:33:21;177.25;31.913054113980763;144;;
2026-08-09 07:33:51;176.30;31.417354316703943;144;;
2026-08-09 07:34:21;175.33;30.917026857106418;144;;
2026-08-09 07:34:51;174.39;30.437726634699732;144;;
2026-08-09 07:35:21;173.75;30.11449928454762;144;;
2026-08-09 07:35:51;173.05;29.76383043320762;144;;
2026-08-09 07:36:21;172.58;29.530049885591325;144;;
2026-08-09 07:36:51;172.05;29.268025281891056;144;;
2026-08-09 07:37:21;171.72;29.105731494522416;144;;
2026-08-09 07:37:51;171.10;28.8025799020066;144;;
2026-08-09 07:38:21;171.21;28.85619725527411;144;;
2026-08-09 07:38:51;172.52;29.50030170704281;144;;
2026-08-09 07:39:21;173.02;29.748868302903574;144;;
2026-08-09 07:39:51;173.42;29.948812585848376;144;;
2026-08-09 07:40:21;173.22;29.848718975993208;144;;
2026-08-09 07:40:51;172.46;29.47057526042484;144;;
2026-08-09 07:41:21;171.52;29.007689470923424;144;;
2026-08-09 07:41:51;170.94;28.72471979928824;144;;
2026-08-09 07:42:21;171.53;29.012585883409347;144;;
2026-08-09 07:42:51;172.03;29.258170676232066;144;;
2026-08-09 07:43:21;171.86;29.174503564049374;144;;
2026-08-09 07:43:51;171;28.753899463303824;144;;
2026-08-09 07:44:22;170.42;28.472726101331098;144;;
2026-08-09 07:44:52;169.83;28.188750747088992;144;;
2026-08-09 07:45:22;169.36;27.9640025883218;144;;
2026-08-09 07:45:52;168.99;27.787986129368544;144;;
2026-08-09 07:46:22;168.99;27.787986129368544;144;;
2026-08-09 07:46:52;168.72;27.660047635183673;144;;
2026-08-09 07:47:22;168.25;27.438354947939303;144;;
2026-08-09 07:47:52;167.97;27.30689378476718;144;;
2026-08-09 07:48:22;167.66;27.16187807779064;144;;
2026-08-09 07:48:52;168.13;27.38195867538076;144;;
2026-08-09 07:49:22;167.88;27.264735073762186;144;;
2026-08-09 07:49:52;167.55;27.110554642081524;144;;
2026-08-09 07:50:22;167.22;26.957003778253377;144;;
2026-08-09 07:50:52;167.07;26.887415562825883;144;;
2026-08-09 07:51:22;167.08;26.892050745421596;144;;
2026-08-09 07:51:52;167.36;27.022069795838622;144;;
2026-08-09 07:52:22;168.91;27.750033980767085;144;;
2026-08-09 07:52:52;169.13;27.854492559597645;144;;
2026-08-09 07:53:22;168.67;27.63640207476635;144;;
2026-08-09 07:53:52;169.77;28.159987069135433;144;;
2026-08-09 07:54:22;170.11;28.323262128274916;144;;
2026-08-09 07:54:52;169.17;27.87351549146659;144;;
2026-08-09 07:55:22;168.35;27.485415820126196;144;;
2026-08-09 07:55:52;167.97;27.30689378476718;144;;
2026-08-09 07:56:22;167.57;27.119880970842217;144;;
2026-08-09 07:56:52;166.96;26.83646653931825;144;;
2026-08-09 07:57:22;166.44;26.59655757601095;144;;
2026-08-09 07:57:52;166.13;26.45427194857304;144;;
2026-08-09 07:58:22;165.97;26.381048991936552;144;;
2026-08-09 07:58:52;166.08;26.431374081971068;144;;
2026-08-09 07:59:22;166.94;26.82721055935388;144;;
2026-08-09 07:59:52;166.47;26.610356328597177;144;;
2026-08-09 08:00:22;166.07;26.426796221075175;144;;
2026-08-09 08:00:53;165.74;26.276046671324405;144;;
2026-08-09 08:01:23;165.28;26.06694450455692;144;;
2026-08-09 08:01:53;165.16;26.012593542567075;144;;
2026-08-09 08:02:23;166.47;26.610356328597177;144;;
2026-08-09 08:02:53;167.58;27.12454500252153;144;;
2026-08-09 08:03:23;167.86;27.255372850215135;144;;
2026-08-09 08:03:53;167.91;27.278782757573094;144;;
2026-08-09 08:04:23;168.92;27.754775951269437;144;;
2026-08-09 08:04:53;170.22;28.376232625354017;144;;
2026-08-09 08:05:23;171.02;28.763630783405205;144;;
2026-08-09 08:05:53;171.94;29.213854699312208;144;;
2026-08-09 08:06:23;172.33;29.406242458117124;144;;
2026-08-09 08:06:53;172.74;29.609484692807886;144;;
2026-08-09 08:07:23;172.52;29.50030170704281;144;;
2026-08-09 08:07:53;172.27;29.376584754667046;144;;
2026-08-09 08:08:23;172.02;29.253244275082395;144;;
2026-08-09 08:08:53;172.24;29.36176403545751;144;;
2026-08-09 08:09:23;172.91;29.69405383192648;144;;
2026-08-09 08:09:53;173.38;29.928774408704527;144;;
2026-08-09 08:10:23;173.83;30.15476574752525;144;;
2026-08-09 08:10:53;173.07;29.773808218890814;144;;
2026-08-09 08:11:23;172.27;29.376584754667046;144;;
2026-08-09 08:11:53;171.97;29.228621284044653;144;;
2026-08-09 08:12:23;171.22;28.8610751400958;144;;
2026-08-09 08:12:53;170.83;28.671279413898045;144;;
2026-08-09 08:13:23;170.25;28.390691547807855;144;;
2026-08-09 08:13:53;169.75;28.150403892296524;144;;
2026-08-09 08:14:23;169.19;27.883030475219734;144;;
2026-08-09 08:14:53;169.02;27.802227843098663;144;;
2026-08-09 08:15:23;168.91;27.750033980767085;144;;
2026-08-09 08:15:53;168.99;27.787986129368544;144;;
2026-08-09 08:16:23;169.36;27.9640025883218;144;;
2026-08-09 08:16:53;168.55;27.579712264107766;144;;
2026-08-09 08:17:24;168.02;27.330335596819282;144;;
2026-08-09 08:17:54;167.63;27.147873835925523;144;;
2026-08-09 08:18:24;167.02;26.864248284319462;144;;
2026-08-09 08:18:54;166.66;26.697868176286047;144;;
2026-08-09 08:19:24;166.27;26.51846193679359;144;;
2026-08-09 08:19:54;166.02;26.40391547597519;144;;
2026-08-09 08:20:24;165.86;26.330792895284052;144;;
2026-08-09 08:20:54;165.38;26.112299313208325;144;;
2026-08-09 08:21:24;165.05;25.962843449827943;144;;
2026-08-09 08:21:54;164.88;25.886091537817734;144;;
2026-08-09 08:22:24;164.83;25.86354851999755;144;;
2026-08-09 08:22:54;164.83;25.86354851999755;144;;
2026-08-09 08:23:24;164.83;25.86354851999755;144;;
2026-08-09 08:23:54;164.83;25.86354851999755;144;;
2026-08-09 08:24:24;166.27;26.51846193679359;144;;
2026-08-09 08:24:54;167.13;26.915235295636446;144;;
2026-08-09 08:25:24;166.86;26.79020963729873;144;;
2026-08-09 08:25:54;165.86;26.330792895284052;144;;
2026-08-09 08:26:24;164.92;25.90413611787276;144;;
2026-08-09 08:26:54;164.88;25.886091537817734;144;;
2026-08-09 08:27:24;164.92;25.90413611787276;144;;
2026-08-09 08:27:54;165;25.940252400227475;144;;
2026-08-09 08:28:24;165.24;26.048818453244635;144;;
2026-08-09 08:28:54;165.88;26.339925238653382;144;;
2026-08-09 08:29:24;166.82;26.77172296933116;144;;
2026-08-09 08:29:54;167.14;26.919873933478577;144;;
2026-08-09 08:30:24;166.63;26.684036757551898;144;;
2026-08-09 08:30:54;166.27;26.51846193679359;144;;
2026-08-09 08:31:24;166.21;26.490938229269915;144;;
2026-08-09 08:31:54;166.36;26.559786090533088;144;;
2026-08-09 08:32:24;167.55;27.110554642081524;144;;
2026-08-09 08:32:54;169.21;27.892547804729997;144;;
2026-08-09 08:33:25;169.49;28.02603695131663;144;;
2026-08-09 08:33:55;168.58;27.593876840431015;144;;
2026-08-09 08:34:25;168.08;27.358484928014573;144;;
2026-08-09 08:34:55;167.91;27.278782757573094;144;;
2026-08-09 08:35:25;167.85;27.250692607987965;144;;
2026-08-09 08:35:55;167.75;27.203922057035342;144;;
2026-08-09 08:36:25;167.72;27.189902186982202;144;;
2026-08-09 08:36:55;167.25;26.970936980131107;144;;
2026-08-09 08:37:25;167.36;27.022069795838622;144;;
2026-08-09 08:37:55;167.36;27.022069795838622;144;;
2026-08-09 08:38:25;167.55;27.110554642081524;144;;
2026-08-09 08:38:55;167.88;27.264735073762186;144;;
2026-08-09 08:39:25;167.97;27.30689378476718;144;;
2026-08-09 08:39:55;168.07;27.35379192112579;144;;
2026-08-09 08:40:25;168.89;27.740551794743578;144;;
2026-08-09 08:40:55;169.03;27.80697625208385;144;;
2026-08-09 08:41:25;169.38;27.97353987327226;144;;
2026-08-09 08:41:55;169.97;28.25594857505444;144;;
2026-08-09 08:42:25;170.05;28.294399283125646;144;;
2026-08-09 08:42:55;170.02;28.279975837667;144;;
2026-08-09 08:43:25;170.13;28.332887805346168;144;;
2026-08-09 08:43:55;170.16;28.347330755512708;144;;
2026-08-09 08:44:25;170.16;28.347330755512708;144;;
2026-08-09 08:44:55;170.22;28.376232625354017;144;;
2026-08-09 08:45:25;170.63;28.574299437830415;144;;
2026-08-09 08:45:55;170.77;28.642160455440088;144;;
2026-08-09 08:46:25;170.91;28.71013800638009;144;;
2026-08-09 08:46:55;170.97;28.739306951130267;144;;
2026-08-09 08:47:25;171.02;28.763630783405205;144;;
2026-08-09 08:47:55;171.22;28.8610751400958;144;;
2026-08-09 08:48:25;171.50;28.99789844123704;144;;
2026-08-09 08:48:55;171.94;29.213854699312208;144;;
2026-08-09 08:49:25;171.97;29.228621284044653;144;;
2026-08-09 08:49:56;172.02;29.253244275082395;144;;
2026-08-09 08:50:26;172.02;29.253244275082395;144;;
2026-08-09 08:50:56;172.07;29.277882292377537;144;;
2026-08-09 08:51:26;172.08;29.282811699561627;144;;
2026-08-09 08:51:56;172.13;29.30746775697872;144;;
2026-08-09 08:52:26;172.11;29.297603529503668;144;;
2026-08-09 08:52:56;172.16;29.322268610506512;144;;
2026-08-09 08:53:26;172.35;29.41613318006969;144;;
2026-08-09 08:53:56;172.38;29.43097378393959;144;;
2026-08-09 08:54:26;172.36;29.421079445181864;144;;
2026-08-09 08:54:56;172.58;29.530049885591325;144;;
2026-08-09 08:55:26;172.80;29.6393126519779;144;;
2026-08-09 08:55:56;172.80;29.6393126519779;144;;
2026-08-09 08:56:26;172.78;29.629367578948436;144;;
2026-08-09 08:56:56;172.83;29.65423480015224;144;;
2026-08-09 08:57:26;172.86;29.669162395942937;144;;
2026-08-09 08:57:56;172.85;29.664185925301126;144;;
2026-08-09 08:58:26;172.83;29.65423480015224;144;;
2026-08-09 08:58:56;172.94;29.7089959616276;144;;
2026-08-09 08:59:26;172.91;29.69405383192648;144;;
2026-08-09 08:59:56;172.91;29.69405383192648;144;;
2026-08-09 09:00:26;172.88;29.679117153623846;144;;
2026-08-09 09:00:56;172.96;29.718960410683717;144;;
2026-08-09 09:01:26;173;29.738896580901105;144;;
2026-08-09 09:01:56;173;29.738896580901105;144;;
2026-08-09 09:02:26;173;29.738896580901105;144;;
2026-08-09 09:02:56;173.30;29.888727243923555;144;;
2026-08-09 09:03:26;173.72;30.099409429678737;144;;
2026-08-09 09:03:56;173.36;29.91875896945371;144;;
2026-08-09 09:04:26;173.27;29.873719586674213;144;;
2026-08-09 09:04:56;173.11;29.793771069304317;144;;
2026-08-09 09:05:26;173.11;29.793771069304317;144;;
2026-08-09 09:05:56;173.05;29.76383043320762;144;;
2026-08-09 09:06:27;173.02;29.748868302903574;144;;
2026-08-09 09:06:57;173.03;29.753855073312263;144;;
2026-08-09 09:07:27;173.03;29.753855073312263;144;;
2026-08-09 09:07:57;173;29.738896580901105;144;;
2026-08-09 09:08:27;173;29.738896580901105;144;;
2026-08-09 09:08:57;172.99;29.733911629202186;144;;
2026-08-09 09:09:27;172.97;29.723943544146056;144;;
2026-08-09 09:09:57;172.99;29.733911629202186;144;;
2026-08-09 09:10:27;173.02;29.748868302903574;144;;
2026-08-09 09:10:57;172.97;29.723943544146056;144;;
2026-08-09 09:11:27;173;29.738896580901105;144;;
2026-08-09 09:11:57;173;29.738896580901105;144;;
2026-08-09 09:12:27;172.92;29.699033936045836;144;;
2026-08-09 09:12:57;172.91;29.69405383192648;144;;
2026-08-09 09:13:27;172.91;29.69405383192648;144;;
2026-08-09 09:13:57;172.92;29.699033936045836;144;;
2026-08-09 09:14:27;172.91;29.69405383192648;144;;
2026-08-09 09:14:57;172.96;29.718960410683717;144;;
2026-08-09 09:15:27;173;29.738896580901105;144;;
2026-08-09 09:15:57;172.96;29.718960410683717;144;;
2026-08-09 09:16:27;172.91;29.69405383192648;144;;
2026-08-09 09:16:57;172.94;29.7089959616276;144;;
2026-08-09 09:17:27;172.75;29.614454506984448;144;;
2026-08-09 09:17:57;172.77;29.624395950002267;144;;
2026-08-09 09:18:27;172.69;29.584644693149386;144;;
2026-08-09 09:18:57;172.71;29.594578878977813;144;;
2026-08-09 09:19:27;172.52;29.50030170704281;144;;
2026-08-09 09:19:57;172.41;29.445819814194618;144;;
2026-08-09 09:20:27;172.25;29.366703672924906;144;;
2026-08-09 09:20:57;172.16;29.322268610506512;144;;
2026-08-09 09:21:27;172.13;29.30746775697872;144;;
2026-08-09 09:21:57;172.11;29.297603529503668;144;;
2026-08-09 09:22:27;172.08;29.282811699561627;144;;
2026-08-09 09:22:58;172.11;29.297603529503668;144;;
2026-08-09 09:23:28;172.08;29.282811699561627;144;;
2026-08-09 09:23:58;172.30;29.39141089508292;144;;
2026-08-09 09:24:28;172.21;29.34694873604268;144;;
2026-08-09 09:24:58;172.22;29.351886567068657;144;;
2026-08-09 09:25:28;172.21;29.34694873604268;144;;
2026-08-09 09:25:58;172.08;29.282811699561627;144;;
2026-08-09 09:26:28;172.11;29.297603529503668;144;;
2026-08-09 09:26:58;172.05;29.268025281891056;144;;
2026-08-09 09:27:28;172.08;29.282811699561627;144;;
2026-08-09 09:27:58;172.11;29.297603529503668;144;;
2026-08-09 09:28:28;172.07;29.277882292377537;144;;
2026-08-09 09:28:58;172;29.243393275881704;144;;
2026-08-09 09:29:28;171.99;29.238468677726335;144;;
2026-08-09 09:29:58;172;29.243393275881704;144;;
2026-08-09 09:30:28;171.97;29.228621284044653;144;;
2026-08-09 09:30:58;171.97;29.228621284044653;144;;
2026-08-09 09:31:28;171.97;29.228621284044653;144;;
2026-08-09 09:31:58;171.88;29.184337745527717;144;;
2026-08-09 09:32:28;171.88;29.184337745527717;144;;
2026-08-09 09:32:58;171.92;29.204013312742003;144;;
2026-08-09 09:33:28;171.89;29.1892557367209;144;;
2026-08-09 09:33:58;171.75;29.120458470168167;144;;
2026-08-09 09:34:28;171.80;29.145015423125194;144;;
2026-08-09 09:34:58;171.55;29.022380503926684;144;;
2026-08-09 09:35:28;171.22;28.8610751400958;144;;
2026-08-09 09:35:58;171.02;28.763630783405205;144;;
2026-08-09 09:36:28;170.74;28.62760900343861;144;;
2026-08-09 09:36:58;169.67;28.11209475305957;144;;
2026-08-09 09:37:28;170.07;28.30401786757601;144;;
2026-08-09 09:37:58;170.53;28.525898550794732;144;;
2026-08-09 09:38:28;170.58;28.55009157460885;144;;
2026-08-09 09:38:58;170.77;28.642160455440088;144;;
2026-08-09 09:39:29;170.72;28.617911007537202;144;;
2026-08-09 09:39:59;170.91;28.71013800638009;144;;
2026-08-09 09:40:29;170.91;28.71013800638009;144;;
2026-08-09 09:40:59;170.91;28.71013800638009;144;;
2026-08-09 09:41:29;170.94;28.72471979928824;144;;
2026-08-09 09:41:59;170.88;28.69556157100841;144;;
2026-08-09 09:42:29;170.91;28.71013800638009;144;;
2026-08-09 09:42:59;170.99;28.74903469690062;144;;
2026-08-09 09:43:29;171.08;28.792839045798008;144;;
2026-08-09 09:43:59;170.94;28.72471979928824;144;;
2026-08-09 09:44:29;170.69;28.60336847080087;144;;
2026-08-09 09:44:59;170.82;28.66642476728674;144;;
2026-08-09 09:45:29;170.97;28.739306951130267;144;;
2026-08-09 09:45:59;170.97;28.739306951130267;144;;
2026-08-09 09:46:29;170.99;28.74903469690062;144;;
2026-08-09 09:46:59;171;28.753899463303824;144;;
2026-08-09 09:47:29;171.02;28.763630783405205;144;;
2026-08-09 09:47:59;171.83;29.159756793319886;144;;
2026-08-09 09:48:29;172.27;29.376584754667046;144;;
2026-08-09 09:48:59;172.08;29.282811699561627;144;;
2026-08-09 09:49:29;171.97;29.228621284044653;144;;
2026-08-09 09:49:59;171.57;29.03217751885126;144;;
2026-08-09 09:50:29;171.39;28.944090548257137;144;;
2026-08-09 09:50:59;171.14;28.822068770027506;144;;
2026-08-09 09:51:29;170.97;28.739306951130267;144;;
2026-08-09 09:51:59;171.05;28.778232232571465;144;;
2026-08-09 09:52:29;171.52;29.007689470923424;144;;
2026-08-09 09:52:59;171.32;28.909886825708867;144;;
2026-08-09 09:53:29;171.03;28.768497337206917;144;;
2026-08-09 09:53:59;171.05;28.778232232571465;144;;
2026-08-09 09:54:29;171;28.753899463303824;144;;
2026-08-09 09:54:59;170.99;28.74903469690062;144;;
2026-08-09 09:55:29;170.99;28.74903469690062;144;;
2026-08-09 09:56:00;171.44;28.968539710719327;144;;
2026-08-09 09:56:30;172.58;29.530049885591325;144;;
2026-08-09 09:57:00;172.88;29.679117153623846;144;;
2026-08-09 09:57:30;172.77;29.624395950002267;144;;
2026-08-09 09:58:00;172.22;29.351886567068657;144;;
2026-08-09 09:58:30;172;29.243393275881704;144;;
2026-08-09 09:59:00;172.02;29.253244275082395;144;;
2026-08-09 09:59:30;172;29.243393275881704;144;;
2026-08-09 10:00:00;172;29.243393275881704;144;;
2026-08-09 10:00:30;171.99;29.238468677726335;144;;
2026-08-09 10:01:00;171.96;29.223698488414;144;;
2026-08-09 10:01:30;171.91;29.1990935202759;144;;
2026-08-09 10:02:00;171.86;29.174503564049374;144;;
2026-08-09 10:02:30;171.50;28.99789844123704;144;;
2026-08-09 10:03:00;171.11;28.80745122448362;144;;
2026-08-09 10:03:30;171.07;28.787969511962764;144;;
2026-08-09 10:04:00;171.11;28.80745122448362;144;;
2026-08-09 10:04:30;171.02;28.763630783405205;144;;
2026-08-09 10:05:00;170.97;28.739306951130267;144;;
2026-08-09 10:05:30;170.94;28.72471979928824;144;;
2026-08-09 10:06:00;170.88;28.69556157100841;144;;
2026-08-09 10:06:30;171.67;29.08119852414706;144;;
2026-08-09 10:07:00;172.05;29.268025281891056;144;;
2026-08-09 10:07:30;171.16;28.831816782669147;144;;
2026-08-09 10:08:00;170.74;28.62760900343861;144;;
2026-08-09 10:08:30;170.83;28.671279413898045;144;;
2026-08-09 10:09:00;170.91;28.71013800638009;144;;
2026-08-09 10:09:30;170.97;28.739306951130267;144;;
2026-08-09 10:10:00;170.97;28.739306951130267;144;;
2026-08-09 10:10:30;170.97;28.739306951130267;144;;
2026-08-09 10:11:00;171.05;28.778232232571465;144;;
2026-08-09 10:11:30;170.99;28.74903469690062;144;;
2026-08-09 10:12:00;170.99;28.74903469690062;144;;
2026-08-09 10:12:31;170.91;28.71013800638009;144;;
2026-08-09 10:13:01;170.86;28.685846923146578;144;;
2026-08-09 10:13:31;170.86;28.685846923146578;144;;
2026-08-09 10:14:01;170.75;28.632458892967506;144;;
2026-08-09 10:14:31;170.75;28.632458892967506;144;;
2026-08-09 10:15:01;170.66;28.588831281363507;144;;
2026-08-09 10:15:31;170.77;28.642160455440088;144;;
2026-08-09 10:16:01;170.75;28.632458892967506;144;;
2026-08-09 10:16:31;170.67;28.59367641711771;144;;
2026-08-09 10:17:01;170.66;28.588831281363507;144;;
2026-08-09 10:17:31;170.61;28.564614511399924;144;;
2026-08-09 10:18:01;170.57;28.545251782899864;144;;
2026-08-09 10:18:31;170.36;28.443753181758222;144;;
2026-08-09 10:19:01;170.52;28.521061726193096;144;;
2026-08-09 10:19:31;170.47;28.496886501152854;144;;
2026-08-09 10:20:01;170.55;28.535573980004397;144;;
2026-08-09 10:20:31;170.52;28.521061726193096;144;;
2026-08-09 10:21:01;170.47;28.496886501152854;144;;
2026-08-09 10:21:31;170.50;28.511389856738145;144;;
2026-08-09 10:22:01;170.38;28.453408451299516;144;;
2026-08-09 10:22:31;170.33;28.429274720629834;144;;
2026-08-09 10:23:01;170.49;28.50655481178168;144;;
2026-08-09 10:23:31;170.61;28.564614511399924;144;;
2026-08-09 10:24:01;170.41;28.467895799825722;144;;
2026-08-09 10:24:31;170.36;28.443753181758222;144;;
2026-08-09 10:25:01;170.36;28.443753181758222;144;;
2026-08-09 10:25:31;170.61;28.564614511399924;144;;
2026-08-09 10:26:01;170.78;28.64701212848713;144;;
2026-08-09 10:26:31;170.75;28.632458892967506;144;;
2026-08-09 10:27:01;170.77;28.642160455440088;144;;
2026-08-09 10:27:31;170.88;28.69556157100841;144;;
2026-08-09 10:28:01;170.92;28.714998008665304;144;;
2026-08-09 10:28:31;170.75;28.632458892967506;144;;
2026-08-09 10:29:02;170.50;28.511389856738145;144;;
2026-08-09 10:29:32;170.32;28.424449751563177;144;;
2026-08-09 10:30:02;170.42;28.472726101331098;144;;
2026-08-09 10:30:32;170.42;28.472726101331098;144;;
2026-08-09 10:31:02;170.47;28.496886501152854;144;;
2026-08-09 10:31:32;170.50;28.511389856738145;144;;
2026-08-09 10:32:02;170.44;28.482388482646186;144;;
2026-08-09 10:32:32;170.33;28.429274720629834;144;;
2026-08-09 10:33:02;170.38;28.453408451299516;144;;
2026-08-09 10:33:32;170.30;28.414801590085087;144;;
2026-08-09 10:34:02;170.35;28.4389264356758;144;;
2026-08-09 10:34:32;170.71;28.613062901061326;144;;
2026-08-09 10:35:02;170.44;28.482388482646186;144;;
2026-08-09 10:35:32;170.28;28.405155797137123;144;;
2026-08-09 10:36:02;170.25;28.390691547807855;144;;
2026-08-09 10:36:32;170.27;28.40033378873319;144;;
2026-08-09 10:37:02;170.22;28.376232625354017;144;;
2026-08-09 10:37:32;170.41;28.467895799825722;144;;
2026-08-09 10:38:02;170.49;28.50655481178168;144;;
2026-08-09 10:38:32;170.49;28.50655481178168;144;;
2026-08-09 10:39:02;170.50;28.511389856738145;144;;
2026-08-09 10:39:32;170.55;28.535573980004397;144;;
2026-08-09 10:40:02;170.57;28.545251782899864;144;;
2026-08-09 10:40:32;170.52;28.521061726193096;144;;
2026-08-09 10:41:02;170.36;28.443753181758222;144;;
2026-08-09 10:41:32;170.49;28.50655481178168;144;;
2026-08-09 10:42:02;170.58;28.55009157460885;144;;
2026-08-09 10:42:32;170.58;28.55009157460885;144;;
2026-08-09 10:43:02;170.66;28.588831281363507;144;;
2026-08-09 10:43:32;171.58;29.037076924346316;144;;
2026-08-09 10:44:02;171.11;28.80745122448362;144;;
2026-08-09 10:44:32;170.97;28.739306951130267;144;;
2026-08-09 10:45:02;170.91;28.71013800638009;144;;
2026-08-09 10:45:33;170.92;28.714998008665304;144;;
2026-08-09 10:46:03;171.17;28.83669168382918;144;;
2026-08-09 10:46:33;172.07;29.277882292377537;144;;
2026-08-09 10:47:03;172.71;29.594578878977813;144;;
2026-08-09 10:47:33;173.13;29.803756134876487;144;;
2026-08-09 10:48:03;173.44;29.95883532458529;144;;
2026-08-09 10:48:33;173.22;29.848718975993208;144;;
2026-08-09 10:49:03;173.41;29.943802129100312;144;;
2026-08-09 10:49:33;173.52;29.99895062381433;144;;
2026-08-09 10:50:03;173.30;29.888727243923555;144;;
2026-08-09 10:50:33;173.05;29.76383043320762;144;;
2026-08-09 10:51:03;172.99;29.733911629202186;144;;
2026-08-09 10:51:33;172.97;29.723943544146056;144;;
2026-08-09 10:52:03;172.92;29.699033936045836;144;;
2026-08-09 10:52:33;172.74;29.609484692807886;144;;
2026-08-09 10:53:03;172.66;29.56974794844498;144;;
2026-08-09 10:53:33;172.50;29.49039047740333;144;;
2026-08-09 10:54:03;172.27;29.376584754667046;144;;
2026-08-09 10:54:33;172.25;29.366703672924906;144;;
2026-08-09 10:55:03;172.38;29.43097378393959;144;;
2026-08-09 10:55:33;172.30;29.39141089508292;144;;
2026-08-09 10:56:03;172.97;29.723943544146056;144;;
2026-08-09 10:56:33;172.71;29.594578878977813;144;;
2026-08-09 10:57:03;172.47;29.475528159512848;144;;
2026-08-09 10:57:33;172.30;29.39141089508292;144;;
2026-08-09 10:58:03;172.17;29.327203431842083;144;;
2026-08-09 10:58:33;172.58;29.530049885591325;144;;
2026-08-09 10:59:03;172.69;29.584644693149386;144;;
2026-08-09 10:59:33;172.61;29.544932127876358;144;;
2026-08-09 11:00:03;172.41;29.445819814194618;144;;
2026-08-09 11:00:33;172.36;29.421079445181864;144;;
2026-08-09 11:01:03;172.28;29.381526199046352;144;;
2026-08-09 11:01:33;172.17;29.327203431842083;144;;
2026-08-09 11:02:04;172.08;29.282811699561627;144;;
2026-08-09 11:02:34;172.11;29.297603529503668;144;;
2026-08-09 11:03:04;172.08;29.282811699561627;144;;
2026-08-09 11:03:34;172.05;29.268025281891056;144;;
2026-08-09 11:04:04;172.02;29.253244275082395;144;;
2026-08-09 11:04:34;172;29.243393275881704;144;;
2026-08-09 11:05:04;171.97;29.228621284044653;144;;
2026-08-09 11:05:34;171.91;29.1990935202759;144;;
2026-08-09 11:06:04;171.94;29.213854699312208;144;;
2026-08-09 11:06:34;171.88;29.184337745527717;144;;
2026-08-09 11:07:04;171.80;29.145015423125194;144;;
2026-08-09 11:07:34;171.78;29.13519084259774;144;;
2026-08-09 11:08:04;171.83;29.159756793319886;144;;
2026-08-09 11:08:34;171.72;29.105731494522416;144;;
2026-08-09 11:09:04;171.57;29.03217751885126;144;;
2026-08-09 11:09:34;171.50;28.99789844123704;144;;
2026-08-09 11:10:04;171.38;28.93920250928338;144;;
2026-08-09 11:10:34;171.41;28.953868419567513;144;;
2026-08-09 11:11:04;171.77;29.13027945205844;144;;
2026-08-09 11:11:34;171.46;28.978323561550784;144;;
2026-08-09 11:12:04;171.30;28.90011971099245;144;;
2026-08-09 11:12:34;171.16;28.831816782669147;144;;
2026-08-09 11:13:04;171.17;28.83669168382918;144;;
2026-08-09 11:13:34;171.78;29.13519084259774;144;;
2026-08-09 11:14:04;172.97;29.723943544146056;144;;
2026-08-09 11:14:34;173.33;29.903740371042332;144;;
2026-08-09 11:15:04;172.86;29.669162395942937;144;;
2026-08-09 11:15:34;172.41;29.445819814194618;144;;
2026-08-09 11:16:04;172.11;29.297603529503668;144;;
2026-08-09 11:16:34;172.02;29.253244275082395;144;;
2026-08-09 11:17:04;171.99;29.238468677726335;144;;
2026-08-09 11:17:34;171.96;29.223698488414;144;;
2026-08-09 11:18:04;171.82;29.15484240326502;144;;
2026-08-09 11:18:35;171.72;29.105731494522416;144;;
2026-08-09 11:19:05;171.63;29.06158293422942;144;;
2026-08-09 11:19:35;171.50;28.99789844123704;144;;
2026-08-09 11:20:05;171.24;28.870832700454855;144;;
2026-08-09 11:20:35;171.17;28.83669168382918;144;;
2026-08-09 11:21:05;171.05;28.778232232571465;144;;
2026-08-09 11:21:35;171;28.753899463303824;144;;
2026-08-09 11:22:05;171;28.753899463303824;144;;
2026-08-09 11:22:35;170.97;28.739306951130267;144;;
2026-08-09 11:23:05;170.99;28.74903469690062;144;;
2026-08-09 11:23:35;170.97;28.739306951130267;144;;
2026-08-09 11:24:05;170.92;28.714998008665304;144;;
2026-08-09 11:24:35;170.92;28.714998008665304;144;;
2026-08-09 11:25:05;170.85;28.68099049177621;144;;
2026-08-09 11:25:35;170.86;28.685846923146578;144;;
2026-08-09 11:26:05;170.77;28.642160455440088;144;;
2026-08-09 11:26:35;170.74;28.62760900343861;144;;
2026-08-09 11:27:05;170.72;28.617911007537202;144;;
2026-08-09 11:27:35;170.66;28.588831281363507;144;;
2026-08-09 11:28:05;170.67;28.59367641711771;144;;
2026-08-09 11:28:35;170.67;28.59367641711771;144;;
2026-08-09 11:29:05;170.49;28.50655481178168;144;;
2026-08-09 11:29:35;170.41;28.467895799825722;144;;
2026-08-09 11:30:05;170.42;28.472726101331098;144;;
2026-08-09 11:30:35;170.22;28.376232625354017;144;;
2026-08-09 11:31:05;170.07;28.30401786757601;144;;
2026-08-09 11:31:35;170.08;28.308828046198876;144;;
2026-08-09 11:32:05;170.10;28.31845017649687;144;;
2026-08-09 11:32:35;170.32;28.424449751563177;144;;
2026-08-09 11:33:05;171.33;28.914771279151385;144;;
2026-08-09 11:33:35;171.97;29.228621284044653;144;;
2026-08-09 11:34:05;171.77;29.13027945205844;144;;
2026-08-09 11:34:36;170.96;28.734443971659573;144;;
2026-08-09 11:35:06;170.86;28.685846923146578;144;;
2026-08-09 11:35:36;171.55;29.022380503926684;144;;
2026-08-09 11:36:06;172.41;29.445819814194618;144;;
2026-08-09 11:36:36;173.02;29.748868302903574;144;;
2026-08-09 11:37:06;173.05;29.76383043320762;144;;
2026-08-09 11:37:36;172.58;29.530049885591325;144;;
2026-08-09 11:38:06;172.08;29.282811699561627;144;;
2026-08-09 11:38:36;172;29.243393275881704;144;;
2026-08-09 11:39:06;171.91;29.1990935202759;144;;
2026-08-09 11:39:36;171.80;29.145015423125194;144;;
2026-08-09 11:40:06;171.83;29.159756793319886;144;;
2026-08-09 11:40:36;171.38;28.93920250928338;144;;
2026-08-09 11:41:06;171.21;28.85619725527411;144;;
2026-08-09 11:41:36;170.99;28.74903469690062;144;;
2026-08-09 11:42:06;170.91;28.71013800638009;144;;
2026-08-09 11:42:36;170.94;28.72471979928824;144;;
2026-08-09 11:43:06;170.88;28.69556157100841;144;;
2026-08-09 11:43:36;170.83;28.671279413898045;144;;
2026-08-09 11:44:06;170.77;28.642160455440088;144;;
2026-08-09 11:44:36;170.75;28.632458892967506;144;;
2026-08-09 11:45:06;170.63;28.574299437830415;144;;
2026-08-09 11:45:36;170.57;28.545251782899864;144;;
2026-08-09 11:46:06;170.50;28.511389856738145;144;;
2026-08-09 11:46:36;170.41;28.467895799825722;144;;
2026-08-09 11:47:06;170.36;28.443753181758222;144;;
2026-08-09 11:47:36;170.27;28.40033378873319;144;;
2026-08-09 11:48:06;170.25;28.390691547807855;144;;
2026-08-09 11:48:36;170.13;28.332887805346168;144;;
2026-08-09 11:49:06;170.08;28.308828046198876;144;;
2026-08-09 11:49:36;170.08;28.308828046198876;144;;
2026-08-09 11:50:06;170.03;28.28478306205948;144;;
2026-08-09 11:50:36;170.02;28.279975837667;144;;
2026-08-09 11:51:07;170.05;28.294399283125646;144;;
2026-08-09 11:51:37;170.02;28.279975837667;144;;
2026-08-09 11:52:07;170.02;28.279975837667;144;;
2026-08-09 11:52:37;170;28.270363160906168;144;;
2026-08-09 11:53:07;169.88;28.212736695436668;144;;
2026-08-09 11:53:37;169.91;28.227135343706582;144;;
2026-08-09 11:54:07;169.89;28.21753565481884;144;;
2026-08-09 11:54:37;169.83;28.188750747088992;144;;
2026-08-09 11:55:07;169.74;28.14561318786102;144;;
2026-08-09 11:55:37;169.91;28.227135343706582;144;;
2026-08-09 11:56:07;169.99;28.265557708435036;144;;
2026-08-09 11:56:37;169.99;28.265557708435036;144;;
2026-08-09 11:57:07;169.99;28.265557708435036;144;;
2026-08-09 11:57:37;169.97;28.25594857505444;144;;
2026-08-09 11:58:07;170;28.270363160906168;144;;
2026-08-09 11:58:37;169.99;28.265557708435036;144;;
2026-08-09 11:59:07;170;28.270363160906168;144;;
2026-08-09 11:59:37;169.96;28.25114489404219;144;;
2026-08-09 12:00:07;169.91;28.227135343706582;144;;
2026-08-09 12:00:37;169.88;28.212736695436668;144;;
2026-08-09 12:01:07;169.82;28.183955326772725;144;;
2026-08-09 12:01:37;169.78;28.1647795416414;144;;
2026-08-09 12:02:07;169.78;28.1647795416414;144;;
2026-08-09 12:02:37;169.69;28.121668503471522;144;;
2026-08-09 12:03:07;169.53;28.045144433493437;144;;
2026-08-09 12:03:37;169.52;28.040366680810184;144;;
2026-08-09 12:04:07;169.46;28.01171251358242;144;;
2026-08-09 12:04:37;169.41;27.987850206403817;144;;
2026-08-09 12:05:07;169.28;27.92587693675356;144;;
2026-08-09 12:05:37;169.57;28.064261326519116;144;;
2026-08-09 12:06:07;169.21;27.892547804729997;144;;
2026-08-09 12:06:37;169.19;27.883030475219734;144;;
2026-08-09 12:07:07;169.21;27.892547804729997;144;;
2026-08-09 12:07:38;169.13;27.854492559597645;144;;
2026-08-09 12:08:08;169.05;27.816474826973106;144;;
2026-08-09 12:08:38;169.08;27.8307270823693;144;;
2026-08-09 12:09:08;169.08;27.8307270823693;144;;
2026-08-09 12:09:38;169.11;27.844984610664905;144;;
2026-08-09 12:10:08;169.42;27.992621492507162;144;;
2026-08-09 12:10:38;169.77;28.159987069135433;144;;
2026-08-09 12:11:08;169.27;27.921113871890263;144;;
2026-08-09 12:11:38;169.03;27.80697625208385;144;;
2026-08-09 12:12:08;168.97;27.77849458072643;144;;
2026-08-09 12:12:38;168.94;27.76426164751031;144;;
2026-08-09 12:13:08;168.91;27.750033980767085;144;;
2026-08-09 12:13:38;168.83;27.712119272854377;144;;
2026-08-09 12:14:08;168.80;27.697910904739945;144;;
2026-08-09 12:14:38;168.82;27.70738256561431;144;;
2026-08-09 12:15:08;168.72;27.660047635183673;144;;
2026-08-09 12:15:38;168.66;27.6316747142525;144;;
2026-08-09 12:16:08;168.53;27.57027212920284;144;;
2026-08-09 12:16:38;168.44;27.527820378567263;144;;
2026-08-09 12:17:08;168.38;27.49954543164769;144;;
2026-08-09 12:17:38;168.33;27.475998990010318;144;;
2026-08-09 12:18:08;168.27;27.447762467509847;144;;
2026-08-09 12:18:38;168.35;27.485415820126196;144;;
2026-08-09 12:19:08;168.25;27.438354947939303;144;;
2026-08-09 12:19:38;168.13;27.38195867538076;144;;
2026-08-09 12:20:08;168.19;27.41014634733665;144;;
2026-08-09 12:20:38;168.36;27.49012510840295;144;;
2026-08-09 12:21:08;168.33;27.475998990010318;144;;
2026-08-09 12:21:38;168.28;27.452467099905096;144;;
2026-08-09 12:22:08;168.61;27.608046666733287;144;;
2026-08-09 12:22:38;168.72;27.660047635183673;144;;
2026-08-09 12:23:08;168.53;27.57027212920284;144;;
2026-08-09 12:23:38;168.63;27.617496134934377;144;;
2026-08-09 12:24:09;168.49;27.551398855908964;144;;
2026-08-09 12:24:39;168.44;27.527820378567263;144;;
2026-08-09 12:25:09;168.49;27.551398855908964;144;;
2026-08-09 12:25:39;168.36;27.49012510840295;144;;
2026-08-09 12:26:09;168.30;27.46187811016922;144;;
2026-08-09 12:26:39;168.25;27.438354947939303;144;;
2026-08-09 12:27:09;168.22;27.424248030872832;144;;
2026-08-09 12:27:39;168.21;27.41954688825832;144;;
2026-08-09 12:28:09;168.24;27.43365206066261;144;;
2026-08-09 12:28:39;168.13;27.38195867538076;144;;
2026-08-09 12:29:09;168.16;27.396049895962097;144;;
2026-08-09 12:29:39;168.10;27.367872684224565;144;;
2026-08-09 12:30:09;168.10;27.367872684224565;144;;
2026-08-09 12:30:39;168.46;27.53725002128944;144;;
2026-08-09 12:31:09;168.22;27.424248030872832;144;;
2026-08-09 12:31:39;167.99;27.31626876852242;144;;
2026-08-09 12:32:09;168.44;27.527820378567263;144;;
2026-08-09 12:32:39;168.66;27.6316747142525;144;;
2026-08-09 12:33:09;168.63;27.617496134934377;144;;
2026-08-09 12:33:39;168.55;27.579712264107766;144;;
2026-08-09 12:34:09;168.36;27.49012510840295;144;;
2026-08-09 12:34:39;168.21;27.41954688825832;144;;
2026-08-09 12:35:09;168.13;27.38195867538076;144;;
2026-08-09 12:35:39;168.13;27.38195867538076;144;;
2026-08-09 12:36:09;168.03;27.335025700497717;144;;
2026-08-09 12:36:39;168.55;27.579712264107766;144;;
2026-08-09 12:37:09;168.71;27.655317355217555;144;;
2026-08-09 12:37:39;168.75;27.674241979544245;144;;
2026-08-09 12:38:09;168.67;27.63640207476635;144;;
2026-08-09 12:38:39;168.57;27.589154731726676;144;;
2026-08-09 12:39:09;168.24;27.43365206066261;144;;
2026-08-09 12:39:39;168.11;27.372567433647177;144;;
2026-08-09 12:40:09;167.94;27.292835660786174;144;;
2026-08-09 12:40:40;168.05;27.34440764952766;144;;
2026-08-09 12:41:10;168.19;27.41014634733665;144;;
2026-08-09 12:41:40;168.10;27.367872684224565;144;;
2026-08-09 12:42:10;168.13;27.38195867538076;144;;
2026-08-09 12:42:40;168.08;27.358484928014573;144;;
2026-08-09 12:43:10;168;27.320957130882213;144;;
2026-08-09 12:43:40;167.94;27.292835660786174;144;;
2026-08-09 12:44:10;167.82;27.236655358885233;144;;
2026-08-09 12:44:40;167.72;27.189902186982202;144;;
2026-08-09 12:45:10;167.77;27.213271532610616;144;;
2026-08-09 12:45:40;167.66;27.16187807779064;144;;
2026-08-09 12:46:10;167.44;27.059301158318597;144;;
2026-08-09 12:46:40;167.52;27.096569484678515;144;;
2026-08-09 12:47:10;167.38;27.03137417250586;144;;
2026-08-09 12:47:40;167.44;27.059301158318597;144;;
2026-08-09 12:48:10;167.49;27.082589528950756;144;;
2026-08-09 12:48:40;167.38;27.03137417250586;144;;
2026-08-09 12:49:10;167.30;26.994170516006207;144;;
2026-08-09 12:49:40;167.52;27.096569484678515;144;;
2026-08-09 12:50:10;167.52;27.096569484678515;144;;
2026-08-09 12:50:40;167.42;27.04998985334278;144;;
2026-08-09 12:51:10;167.41;27.045335067069814;144;;
2026-08-09 12:51:40;167.55;27.110554642081524;144;;
2026-08-09 12:52:10;167.60;27.133874800730254;144;;
2026-08-09 12:52:40;167.52;27.096569484678515;144;;
2026-08-09 12:53:10;167.49;27.082589528950756;144;;
2026-08-09 12:53:40;167.33;27.008117559393387;144;;
2026-08-09 12:54:10;167.28;26.984875371442357;144;;
2026-08-09 12:54:40;167.41;27.045335067069814;144;;
2026-08-09 12:55:10;167.25;26.970936980131107;144;;
2026-08-09 12:55:40;167.27;26.980228664317668;144;;
2026-08-09 12:56:10;167.24;26.96629200296858;144;;
2026-08-09 12:56:40;167.28;26.984875371442357;144;;
2026-08-09 12:57:11;167.19;26.943075764450548;144;;
2026-08-09 12:57:41;167.16;26.929152937364243;144;;
2026-08-09 12:58:11;167.14;26.919873933478577;144;;
2026-08-09 12:58:41;167.08;26.892050745421596;144;;
2026-08-09 12:59:11;167.39;27.03602722670172;144;;
2026-08-09 12:59:41;167.52;27.096569484678515;144;;
2026-08-09 13:00:11;167.27;26.980228664317668;144;;
2026-08-09 13:00:41;167.21;26.9523605306001;144;;
2026-08-09 13:01:11;167.11;26.905959747902187;144;;
2026-08-09 13:01:41;167;26.854985401399237;144;;
2026-08-09 13:02:11;166.88;26.799456418945294;144;;
2026-08-09 13:02:41;166.86;26.79020963729873;144;;
2026-08-09 13:03:11;166.80;26.76248308220748;144;;
2026-08-09 13:03:41;166.71;26.720932014333837;144;;
2026-08-09 13:04:11;166.52;26.633365704039505;144;;
2026-08-09 13:04:41;166.44;26.59655757601095;144;;
2026-08-09 13:05:11;166.60;26.67021050023543;144;;
2026-08-09 13:05:41;166.55;26.647178204185728;144;;
2026-08-09 13:06:11;166.44;26.59655757601095;144;;
2026-08-09 13:06:41;166.36;26.559786090533088;144;;
2026-08-09 13:07:11;166.25;26.509285081391443;144;;
2026-08-09 13:07:41;166.33;26.546006225160784;144;;
2026-08-09 13:08:11;166.36;26.559786090533088;144;;
2026-08-09 13:08:41;166.33;26.546006225160784;144;;
2026-08-09 13:09:11;166.27;26.51846193679359;144;;
2026-08-09 13:09:41;166.27;26.51846193679359;144;;
2026-08-09 13:10:11;166.21;26.490938229269915;144;;
2026-08-09 13:10:41;166.14;26.45885323466721;144;;
2026-08-09 13:11:11;166.08;26.431374081971068;144;;
2026-08-09 13:11:41;166.05;26.417642211308934;144;;
2026-08-09 13:12:11;166.08;26.431374081971068;144;;
2026-08-09 13:12:41;166.05;26.417642211308934;144;;
2026-08-09 13:13:11;166.02;26.40391547597519;144;;
2026-08-09 13:13:42;166.02;26.40391547597519;144;;
2026-08-09 13:14:12;165.97;26.381048991936552;144;;
2026-08-09 13:14:42;165.97;26.381048991936552;144;;
2026-08-09 13:15:12;165.97;26.381048991936552;144;;
2026-08-09 13:15:42;165.86;26.330792895284052;144;;
2026-08-09 13:16:12;165.83;26.317098652444567;144;;
2026-08-09 13:16:42;165.75;26.28060572570492;144;;
2026-08-09 13:17:12;165.69;26.253259934145273;144;;
2026-08-09 13:17:42;165.69;26.253259934145273;144;;
2026-08-09 13:18:12;165.32;26.085079624081366;144;;
2026-08-09 13:18:42;165.21;26.0352298638661;144;;
2026-08-09 13:19:12;165.17;26.017119674291582;144;;
2026-08-09 13:19:42;165.17;26.017119674291582;144;;
2026-08-09 13:20:12;165.38;26.112299313208325;144;;
2026-08-09 13:20:42;165.35;26.098686916648017;144;;
2026-08-09 13:21:12;165.50;26.16679996618096;144;;
2026-08-09 13:21:42;165.52;26.175891355994867;144;;
2026-08-09 13:22:12;165.44;26.139539423668282;144;;
2026-08-09 13:22:42;165.30;26.076010930594308;144;;
2026-08-09 13:23:12;165.46;26.148624000414927;144;;
2026-08-09 13:23:42;165.46;26.148624000414927;144;;
2026-08-09 13:24:12;165.66;26.239594717825845;144;;
2026-08-09 13:24:42;165.85;26.326227578092094;144;;
2026-08-09 13:25:12;166.02;26.40391547597519;144;;
2026-08-09 13:25:42;165.97;26.381048991936552;144;;
2026-08-09 13:26:12;165.99;26.39019387462348;144;;
2026-08-09 13:26:42;165.92;26.358196762728127;144;;
2026-08-09 13:27:12;165.94;26.367335944230582;144;;
2026-08-09 13:27:42;165.91;26.353628026917917;144;;
2026-08-09 13:28:12;165.88;26.339925238653382;144;;
2026-08-09 13:28:42;165.83;26.317098652444567;144;;
2026-08-09 13:29:12;165.80;26.303409535067452;144;;
2026-08-09 13:29:42;165.75;26.28060572570492;144;;
2026-08-09 13:30:13;165.52;26.175891355994867;144;;
2026-08-09 13:30:43;165.22;26.039758827176588;144;;
2026-08-09 13:31:13;165.13;25.999018544206873;144;;
2026-08-09 13:31:43;165.08;25.976404866679385;144;;
2026-08-09 13:32:13;164.99;25.935735886634795;144;;
2026-08-09 13:32:43;164.97;25.926704555381068;144;;
2026-08-09 13:33:13;164.97;25.926704555381068;144;;
2026-08-09 13:33:43;164.97;25.926704555381068;144;;
2026-08-09 13:34:13;165.11;25.98997137548255;144;;
2026-08-09 13:34:43;165.02;25.949287123591812;144;;
2026-08-09 13:35:13;164.96;25.922189737621043;144;;
2026-08-09 13:35:43;164.72;25.814003551264815;144;;
2026-08-09 13:36:13;164.72;25.814003551264815;144;;
2026-08-09 13:36:43;164.77;25.836515527757186;144;;
2026-08-09 13:37:13;164.78;25.841019615576826;144;;
2026-08-09 13:37:43;164.64;25.778013713929848;144;;
2026-08-09 13:38:13;164.30;25.625459009008356;144;;
2026-08-09 13:38:43;164.50;25.715118277471294;144;;
2026-08-09 13:39:13;164.41;25.674743766318414;144;;
2026-08-09 13:39:43;164.46;25.69716842335317;144;;
2026-08-09 13:40:13;164.47;25.701655042694025;144;;
2026-08-09 13:40:43;164.58;25.751045008420107;144;;
2026-08-09 13:41:13;164.57;25.746552196012704;144;;
2026-08-09 13:41:43;164.52;25.724096581777918;144;;
2026-08-09 13:42:13;164.47;25.701655042694025;144;;
2026-08-09 13:42:43;164.61;25.7645268256507;144;;
2026-08-09 13:43:13;164.42;25.679227572600297;144;;
2026-08-09 13:43:43;164.55;25.737568260906304;144;;
2026-08-09 13:44:13;164.61;25.7645268256507;144;;
2026-08-09 13:44:43;164.49;25.710629969703806;144;;
2026-08-09 13:45:13;164.28;25.616505450954282;144;;
2026-08-09 13:45:43;164.28;25.616505450954282;144;;
2026-08-09 13:46:13;164.22;25.589658258994167;144;;
2026-08-09 13:46:44;164.19;25.57624224431769;144;;
2026-08-09 13:47:14;164.10;25.536024509569746;144;;
2026-08-09 13:47:44;164.08;25.527093406770874;144;;
2026-08-09 13:48:14;164.05;25.51370095875458;144;;
2026-08-09 13:48:44;164.02;25.50031355697773;144;;
2026-08-09 13:49:14;163.99;25.486931200114206;144;;
2026-08-09 13:49:44;164.02;25.50031355697773;144;;
2026-08-09 13:50:14;164;25.491391425271303;144;;
2026-08-09 13:50:44;164;25.491391425271303;144;;
2026-08-09 13:51:14;163.96;25.473553886838264;144;;
2026-08-09 13:51:44;163.99;25.486931200114206;144;;
2026-08-09 13:52:14;163.99;25.486931200114206;144;;
2026-08-09 13:52:44;163.99;25.486931200114206;144;;
2026-08-09 13:53:14;163.83;25.415643778435868;144;;
2026-08-09 13:53:44;164.11;25.540490902353007;144;;
2026-08-09 13:54:14;164.30;25.625459009008356;144;;
2026-08-09 13:54:44;164.33;25.638893560630777;144;;
2026-08-09 13:55:14;164.53;25.72858657841561;144;;
2026-08-09 13:55:44;164.82;25.85904161023907;144;;
2026-08-09 13:56:14;164.78;25.841019615576826;144;;
2026-08-09 13:56:44;164.86;25.877072636686417;144;;
2026-08-09 13:57:14;164.86;25.877072636686417;144;;
2026-08-09 13:57:44;164.38;25.661295722059748;144;;
2026-08-09 13:58:14;164.52;25.724096581777918;144;;
2026-08-09 13:58:44;164.30;25.625459009008356;144;;
2026-08-09 13:59:14;164.11;25.540490902353007;144;;
2026-08-09 13:59:44;164.11;25.540490902353007;144;;
2026-08-09 14:00:14;164.07;25.52262869665695;144;;
2026-08-09 14:00:44;164;25.491391425271303;144;;
2026-08-09 14:01:14;164.02;25.50031355697773;144;;
2026-08-09 14:01:44;163.94;25.46463847932613;144;;
2026-08-09 14:02:14;163.75;25.380053803054285;144;;
2026-08-09 14:02:44;163.80;25.402293341914692;144;;
2026-08-09 14:03:15;163.80;25.402293341914692;144;;
2026-08-09 14:03:45;163.63;25.326735938704267;144;;
2026-08-09 14:04:15;163.24;25.154008002680346;144;;
2026-08-09 14:04:45;163.39;25.220341455118064;144;;
2026-08-09 14:05:15;163.88;25.43790569889551;144;;
2026-08-09 14:05:45;164.05;25.51370095875458;144;;
2026-08-09 14:06:15;164.02;25.50031355697773;144;;
2026-08-09 14:06:45;164.11;25.540490902353007;144;;
2026-08-09 14:07:15;164.11;25.540490902353007;144;;
2026-08-09 14:07:45;164.13;25.549425370932806;144;;
2026-08-09 14:08:15;164.11;25.540490902353007;144;;
2026-08-09 14:08:45;164.13;25.549425370932806;144;;
2026-08-09 14:09:15;164.08;25.527093406770874;144;;
2026-08-09 14:09:45;164.11;25.540490902353007;144;;
2026-08-09 14:10:15;164.16;25.56283128207307;144;;
2026-08-09 14:10:45;164.13;25.549425370932806;144;;
2026-08-09 14:11:15;164.17;25.567301041521887;144;;
2026-08-09 14:11:45;164.21;25.58518569263874;144;;
2026-08-09 14:12:15;164.02;25.50031355697773;144;;
2026-08-09 14:12:45;164;25.491391425271303;144;;
2026-08-09 14:13:15;164;25.491391425271303;144;;
2026-08-09 14:13:45;163.97;25.478012430946787;144;;
2026-08-09 14:14:15;163.97;25.478012430946787;144;;
2026-08-09 14:14:45;163.97;25.478012430946787;144;;
2026-08-09 14:15:15;164;25.491391425271303;144;;
2026-08-09 14:15:45;163.97;25.478012430946787;144;;
2026-08-09 14:16:15;163.99;25.486931200114206;144;;
2026-08-09 14:16:45;163.91;25.45126956908403;144;;
2026-08-09 14:17:15;163.86;25.428999251478736;144;;
2026-08-09 14:17:45;163.91;25.45126956908403;144;;
2026-08-09 14:18:15;163.86;25.428999251478736;144;;
2026-08-09 14:18:45;163.77;25.388947940591372;144;;
2026-08-09 14:19:15;163.63;25.326735938704267;144;;
2026-08-09 14:19:46;163.61;25.317857451133683;144;;
2026-08-09 14:20:16;163.61;25.317857451133683;144;;
2026-08-09 14:20:46;163.36;25.20706473563834;144;;
2026-08-09 14:21:16;163.11;25.096620340757973;144;;
2026-08-09 14:21:46;163.05;25.070165431314432;144;;
2026-08-09 14:22:16;162.97;25.03492334169009;144;;
2026-08-09 14:22:46;162.94;25.021716723683852;144;;
2026-08-09 14:23:16;162.88;24.995318478476776;144;;
2026-08-09 14:23:46;162.78;24.951365795662092;144;;
2026-08-09 14:24:16;162.78;24.951365795662092;144;;
2026-08-09 14:24:46;162.67;24.90308188569433;144;;
2026-08-09 14:25:16;162.47;24.81546463776457;144;;
2026-08-09 14:25:46;162.33;24.754264196199124;144;;
2026-08-09 14:26:16;162.44;24.802341137822587;144;;
2026-08-09 14:26:46;162.86;24.986523503699367;144;;
2026-08-09 14:27:16;162.97;25.03492334169009;144;;
2026-08-09 14:27:46;162.97;25.03492334169009;144;;
2026-08-09 14:28:16;162.94;25.021716723683852;144;;
2026-08-09 14:28:46;162.91;25.008515103051067;144;;
2026-08-09 14:29:16;162.88;24.995318478476776;144;;
2026-08-09 14:29:46;162.85;24.982126848646217;144;;
2026-08-09 14:30:16;162.88;24.995318478476776;144;;
2026-08-09 14:30:46;162.88;24.995318478476776;144;;
2026-08-09 14:31:16;162.96;25.030520580343097;144;;
2026-08-09 14:31:46;162.88;24.995318478476776;144;;
2026-08-09 14:32:16;162.83;24.97333520296773;144;;
2026-08-09 14:32:46;162.83;24.97333520296773;144;;
2026-08-09 14:33:16;162.75;24.938190805485938;144;;
2026-08-09 14:33:46;162.77;24.9469735778501;144;;
2026-08-09 14:34:16;162.66;24.89869576400536;144;;
2026-08-09 14:34:46;162.78;24.951365795662092;144;;
2026-08-09 14:35:16;162.80;24.960151894789284;144;;
2026-08-09 14:35:46;162.88;24.995318478476776;144;;
2026-08-09 14:36:17;162.88;24.995318478476776;144;;
2026-08-09 14:36:47;162.94;25.021716723683852;144;;
2026-08-09 14:37:17;162.92;25.01291508807944;144;;
2026-08-09 14:37:47;162.88;24.995318478476776;144;;
2026-08-09 14:38:17;162.91;25.008515103051067;144;;
2026-08-09 14:38:47;162.97;25.03492334169009;144;;
2026-08-09 14:39:17;162.99;25.043730530662398;144;;
2026-08-09 14:39:47;162.94;25.021716723683852;144;;
2026-08-09 14:40:17;162.91;25.008515103051067;144;;
2026-08-09 14:40:47;162.91;25.008515103051067;144;;
2026-08-09 14:41:17;162.86;24.986523503699367;144;;
2026-08-09 14:41:47;162.92;25.01291508807944;144;;
2026-08-09 14:42:17;162.91;25.008515103051067;144;;
2026-08-09 14:42:47;162.86;24.986523503699367;144;;
2026-08-09 14:43:17;162.97;25.03492334169009;144;;
2026-08-09 14:43:47;162.94;25.021716723683852;144;;
2026-08-09 14:44:17;162.96;25.030520580343097;144;;
2026-08-09 14:44:47;162.99;25.043730530662398;144;;
2026-08-09 14:45:17;163;25.048134958385162;144;;
2026-08-09 14:45:47;162.94;25.021716723683852;144;;
2026-08-09 14:46:17;162.99;25.043730530662398;144;;
2026-08-09 14:46:47;162.99;25.043730530662398;144;;
2026-08-09 14:47:17;162.97;25.03492334169009;144;;
2026-08-09 14:47:47;162.97;25.03492334169009;144;;
2026-08-09 14:48:17;162.97;25.03492334169009;144;;
2026-08-09 14:48:47;162.96;25.030520580343097;144;;
2026-08-09 14:49:17;162.94;25.021716723683852;144;;
2026-08-09 14:49:47;162.89;24.99971679829842;144;;
2026-08-09 14:50:17;162.94;25.021716723683852;144;;
2026-08-09 14:50:47;162.92;25.01291508807944;144;;
2026-08-09 14:51:17;162.97;25.03492334169009;144;;
2026-08-09 14:51:47;162.99;25.043730530662398;144;;
2026-08-09 14:52:17;163;25.048134958385162;144;;
2026-08-09 14:52:48;163.02;25.05694548054758;144;;
2026-08-09 14:53:18;162.96;25.030520580343097;144;;
2026-08-09 14:53:48;162.91;25.008515103051067;144;;
2026-08-09 14:54:18;162.88;24.995318478476776;144;;
2026-08-09 14:54:48;162.88;24.995318478476776;144;;
2026-08-09 14:55:18;162.88;24.995318478476776;144;;
2026-08-09 14:55:48;162.83;24.97333520296773;144;;
2026-08-09 14:56:18;162.88;24.995318478476776;144;;
2026-08-09 14:56:48;162.86;24.986523503699367;144;;
2026-08-09 14:57:18;162.94;25.021716723683852;144;;
2026-08-09 14:57:48;162.88;24.995318478476776;144;;
2026-08-09 14:58:18;162.91;25.008515103051067;144;;
2026-08-09 14:58:48;162.83;24.97333520296773;144;;
2026-08-09 14:59:18;162.91;25.008515103051067;144;;
2026-08-09 14:59:48;162.96;25.030520580343097;144;;
2026-08-09 15:00:18;162.88;24.995318478476776;144;;
2026-08-09 15:00:48;162.83;24.97333520296773;144;;
2026-08-09 15:01:18;162.71;24.92063191243525;144;;
2026-08-09 15:01:48;162.64;24.88992518228262;144;;
2026-08-09 15:02:18;162.67;24.90308188569433;144;;
2026-08-09 15:02:48;162.69;24.91185579097056;144;;
2026-08-09 15:03:18;162.69;24.91185579097056;144;;
2026-08-09 15:03:48;162.63;24.885540722151664;144;;
2026-08-09 15:04:18;162.53;24.841726569375957;144;;
2026-08-09 15:04:48;162.46;24.811089584870224;144;;
2026-08-09 15:05:18;162.47;24.81546463776457;144;;
2026-08-09 15:05:48;162.55;24.85048497221938;144;;
2026-08-09 15:06:18;162.42;24.79359490210615;144;;
2026-08-09 15:06:48;162.57;24.859245588530044;144;;
2026-08-09 15:07:18;162.58;24.86362672685707;144;;
2026-08-09 15:07:48;162.63;24.885540722151664;144;;
2026-08-09 15:08:18;162.55;24.85048497221938;144;;
2026-08-09 15:08:49;162.61;24.87677346310757;144;;
2026-08-09 15:09:19;162.64;24.88992518228262;144;;
2026-08-09 15:09:49;162.63;24.885540722151664;144;;
2026-08-09 15:10:19;162.47;24.81546463776457;144;;
2026-08-09 15:10:49;162.63;24.885540722151664;144;;
2026-08-09 15:11:19;162.69;24.91185579097056;144;;
2026-08-09 15:11:49;162.71;24.92063191243525;144;;
2026-08-09 15:12:19;162.75;24.938190805485938;144;;
2026-08-09 15:12:49;162.83;24.97333520296773;144;;
2026-08-09 15:13:19;162.80;24.960151894789284;144;;
2026-08-09 15:13:49;162.77;24.9469735778501;144;;
2026-08-09 15:14:19;162.72;24.925020804359807;144;;
2026-08-09 15:14:49;162.53;24.841726569375957;144;;
2026-08-09 15:15:19;162.57;24.859245588530044;144;;
2026-08-09 15:15:49;162.33;24.754264196199124;144;;
2026-08-09 15:16:19;162.42;24.79359490210615;144;;
2026-08-09 15:16:49;162.38;24.776109063114248;144;;
2026-08-09 15:17:19;162.36;24.767369459062575;144;;
2026-08-09 15:17:49;162.38;24.776109063114248;144;;
2026-08-09 15:18:19;162.39;24.7804796939284;144;;
2026-08-09 15:18:49;162.33;24.754264196199124;144;;
2026-08-09 15:19:19;162.36;24.767369459062575;144;;
2026-08-09 15:19:49;162.33;24.754264196199124;144;;
2026-08-09 15:20:19;162.28;24.73243313676482;144;;
2026-08-09 15:20:49;162.33;24.754264196199124;144;;
2026-08-09 15:21:19;162.22;24.706254082786597;144;;
2026-08-09 15:21:49;162.16;24.680094892388244;144;;
2026-08-09 15:22:19;162.27;24.7280685812424;144;;
2026-08-09 15:22:49;162.27;24.7280685812424;144;;
2026-08-09 15:23:19;162.30;24.74116390402871;144;;
2026-08-09 15:23:49;162.53;24.841726569375957;144;;
2026-08-09 15:24:19;162.88;24.995318478476776;144;;
2026-08-09 15:24:49;162.91;25.008515103051067;144;;
2026-08-09 15:25:20;162.91;25.008515103051067;144;;
2026-08-09 15:25:50;162.91;25.008515103051067;144;;
2026-08-09 15:26:20;162.86;24.986523503699367;144;;
2026-08-09 15:26:50;162.86;24.986523503699367;144;;
2026-08-09 15:27:20;162.88;24.995318478476776;144;;
2026-08-09 15:27:50;162.91;25.008515103051067;144;;
2026-08-09 15:28:20;162.86;24.986523503699367;144;;
2026-08-09 15:28:50;162.64;24.88992518228262;144;;
2026-08-09 15:29:20;162.66;24.89869576400536;144;;
2026-08-09 15:29:50;162.55;24.85048497221938;144;;
2026-08-09 15:30:20;162.61;24.87677346310757;144;;
2026-08-09 15:30:50;162.92;25.01291508807944;144;;
2026-08-09 15:31:20;162.83;24.97333520296773;144;;
2026-08-09 15:31:50;162.78;24.951365795662092;144;;
2026-08-09 15:32:20;162.77;24.9469735778501;144;;
2026-08-09 15:32:50;162.80;24.960151894789284;144;;
2026-08-09 15:33:20;162.83;24.97333520296773;144;;
2026-08-09 15:33:50;162.86;24.986523503699367;144;;
2026-08-09 15:34:20;162.83;24.97333520296773;144;;
2026-08-09 15:34:50;162.77;24.9469735778501;144;;
2026-08-09 15:35:20;162.74;24.933800250836523;144;;
2026-08-09 15:35:50;162.66;24.89869576400536;144;;
2026-08-09 15:36:20;162.74;24.933800250836523;144;;
2026-08-09 15:36:50;162.71;24.92063191243525;144;;
2026-08-09 15:37:20;162.83;24.97333520296773;144;;
2026-08-09 15:37:50;162.77;24.9469735778501;144;;
2026-08-09 15:38:20;162.72;24.925020804359807;144;;
2026-08-09 15:38:50;162.66;24.89869576400536;144;;
2026-08-09 15:39:20;162.66;24.89869576400536;144;;
2026-08-09 15:39:50;162.78;24.951365795662092;144;;
2026-08-09 15:40:20;162.83;24.97333520296773;144;;
2026-08-09 15:40:50;162.75;24.938190805485938;144;;
2026-08-09 15:41:20;162.80;24.960151894789284;144;;
2026-08-09 15:41:51;162.83;24.97333520296773;144;;
2026-08-09 15:42:21;162.86;24.986523503699367;144;;
2026-08-09 15:42:51;162.83;24.97333520296773;144;;
2026-08-09 15:43:21;162.91;25.008515103051067;144;;
2026-08-09 15:43:51;162.91;25.008515103051067;144;;
2026-08-09 15:44:21;162.88;24.995318478476776;144;;
2026-08-09 15:44:51;162.83;24.97333520296773;144;;
2026-08-09 15:45:21;162.83;24.97333520296773;144;;
2026-08-09 15:45:51;162.92;25.01291508807944;144;;
2026-08-09 15:46:21;162.91;25.008515103051067;144;;
2026-08-09 15:46:51;162.94;25.021716723683852;144;;
2026-08-09 15:47:21;162.92;25.01291508807944;144;;
2026-08-09 15:47:51;162.96;25.030520580343097;144;;
2026-08-09 15:48:21;162.94;25.021716723683852;144;;
2026-08-09 15:48:51;162.82;24.968940212244977;144;;
2026-08-09 15:49:21;162.89;24.99971679829842;144;;
2026-08-09 15:49:51;162.86;24.986523503699367;144;;
2026-08-09 15:50:21;162.82;24.968940212244977;144;;
2026-08-09 15:50:51;162.83;24.97333520296773;144;;
2026-08-09 15:51:21;162.83;24.97333520296773;144;;
2026-08-09 15:51:51;162.91;25.008515103051067;144;;
2026-08-09 15:52:21;162.88;24.995318478476776;144;;
2026-08-09 15:52:51;162.88;24.995318478476776;144;;
2026-08-09 15:53:21;162.83;24.97333520296773;144;;
2026-08-09 15:53:51;162.86;24.986523503699367;144;;
2026-08-09 15:54:21;162.86;24.986523503699367;144;;
2026-08-09 15:54:51;162.88;24.995318478476776;144;;
2026-08-09 15:55:21;162.94;25.021716723683852;144;;
2026-08-09 15:55:51;163.08;25.0833903842791;144;;
2026-08-09 15:56:21;163.13;25.105443092124226;144;;
2026-08-09 15:56:51;163.10;25.092209799237704;144;;
2026-08-09 15:57:21;163.07;25.078981510743173;144;;
2026-08-09 15:57:51;162.99;25.043730530662398;144;;
