"date Y-m-d m:s";gas adc;LPG PPM;Theoretical Warmup;Warmup End;Curve: Power-law (9)
2026-08-08 12:31:10;62;17.62819466155868;62;;
2026-08-08 12:31:40;62;17.64433409947133;61.97955535569717;;
2026-08-08 12:32:10;62.27;17.874572932157307;61.95917694856018;;
2026-08-08 12:32:40;63.02;18.494515071000745;61.93886462032982;;
2026-08-08 12:33:10;64.68;19.89351331414711;61.91861821299019;;
2026-08-08 12:33:40;64.11;19.428611554586308;61.898437568768514;;64.11
2026-08-08 12:34:10;62.97;18.503092062205578;61.878322530134966;;
2026-08-08 12:34:40;62;17.74026883907718;61.85827293980251;;
2026-08-08 12:35:10;62;17.756108002995536;61.83828864072673;;
2026-08-08 12:35:40;62;17.771904424897823;61.81836947610567;;
2026-08-08 12:36:10;61.91;17.71631631445643;61.798515289379665;;
2026-08-08 12:36:40;61.79;17.637093504140253;61.778725924231175;;
2026-08-08 12:37:11;62;17.81903763570037;61.7590012245846;;
2026-08-08 12:37:41;63.22;18.821326015604537;61.739341034606156;;
2026-08-08 12:38:11;64.08;19.55365252051836;61.71974519870366;;
2026-08-08 12:38:41;64.58;19.994543359062536;61.70021356152641;;
2026-08-08 12:39:11;64.98;20.355072867889888;61.68074596796496;;
2026-08-08 12:39:41;64.98;20.371849123202267;61.66134226315102;;
2026-08-08 12:40:11;65;20.405888975633403;61.64200229245724;;
2026-08-08 12:40:41;64.80;20.24981075061103;61.62272590149707;;
2026-08-08 12:41:11;64.98;20.42189978180669;61.603512936124574;;
2026-08-08 12:41:41;65.01;20.4644995401982;61.584363242434264;;
2026-08-08 12:42:11;65;20.47238135824485;61.56527666676097;;
2026-08-08 12:42:41;65;20.488888926836623;61.54625305567962;;
2026-08-08 12:43:11;65.01;20.51403560170213;61.52729225600511;;
2026-08-08 12:43:41;64.98;20.504393541319;61.50839411479211;;
2026-08-08 12:44:11;64.25;19.892712319042083;61.48955847933493;;
2026-08-08 12:44:41;64;19.696354343865657;61.470785197167324;;
2026-08-08 12:45:11;64;19.71219795404571;61.452074116062334;;
2026-08-08 12:45:41;64.01;19.736472161396392;61.43342508403214;;
2026-08-08 12:46:11;64.93;20.542238933045;61.41483794932784;;
2026-08-08 12:46:41;65;20.619293933001913;61.396312560439355;;
2026-08-08 12:47:11;64.76;20.426806247040037;61.3778487660952;;
2026-08-08 12:47:41;63.97;19.76528667973649;61.359446415262354;;
2026-08-08 12:48:11;63.08;19.03449284985394;61.34110535714609;;
2026-08-08 12:48:41;62.88;18.884329366398546;61.32282544118977;;
2026-08-08 12:49:11;62.04;18.214612255486543;61.30460651707474;;
2026-08-08 12:49:41;62;18.197020176800926;61.2864484347201;;
2026-08-08 12:50:11;61.45;17.77191904592605;61.26835104428259;;
2026-08-08 12:50:41;61.04;17.62819466155868;61.25031419615638;;
2026-08-08 12:51:11;61;17.62819466155868;61.232337740972945;;
2026-08-08 12:51:41;60.84;17.62819466155868;61.214421529600834;;
2026-08-08 12:52:11;60.65;17.62819466155868;61.196565413145585;;
2026-08-08 12:52:41;60.65;17.62819466155868;61.178769242949485;;
2026-08-08 12:53:11;60.74;17.62819466155868;61.16103287059145;;
2026-08-08 12:53:42;60.61;17.62819466155868;61.143356147886834;;
2026-08-08 12:54:12;60.43;17.62819466155868;61.12573892688726;;
2026-08-08 12:54:42;60.54;17.62819466155868;61.10818105988047;;
2026-08-08 12:55:12;60.02;17.62819466155868;61.09068239939015;;
2026-08-08 12:55:42;60;17.62819466155868;61.07324279817574;;
2026-08-08 12:56:12;60;17.62819466155868;61.05586210923231;;
2026-08-08 12:56:42;59.93;17.62819466155868;61.03854018579034;;
2026-08-08 12:57:12;59.40;17.62819466155868;61.021276881315615;;
2026-08-08 12:57:42;59.02;17.62819466155868;61.004072049509;;
2026-08-08 12:58:12;59;17.62819466155868;60.98692554430629;;
2026-08-08 12:58:42;59;17.62819466155868;60.969837219878066;;
2026-08-08 12:59:12;59;17.62819466155868;60.95280693062949;;
2026-08-08 12:59:42;59;17.62819466155868;60.93583453120017;;
2026-08-08 13:00:12;59.18;17.62819466155868;60.918919876463974;;
2026-08-08 13:00:42;59.02;17.62819466155868;60.90206282152885;;
2026-08-08 13:01:12;59;17.62819466155868;60.88526322173669;;
2026-08-08 13:01:42;59;17.62819466155868;60.86852093266315;;
2026-08-08 13:02:12;59.08;17.62819466155868;60.85183581011745;;
2026-08-08 13:02:42;59.24;17.62819466155868;60.83520771014227;;
2026-08-08 13:03:12;59.86;17.62819466155868;60.81863648901351;;
2026-08-08 13:03:42;60;17.62819466155868;60.80212200324018;;
2026-08-08 13:04:12;60;17.62819466155868;60.7856641095642;;
2026-08-08 13:04:42;59.86;17.62819466155868;60.76926266496025;;
2026-08-08 13:05:12;59.13;17.62819466155868;60.75291752663558;;
2026-08-08 13:05:42;59.90;17.62819466155868;60.736628552029856;;
2026-08-08 13:06:12;62.06;18.705529683942302;60.720395598814996;;
2026-08-08 13:06:42;63;19.499372127895132;60.70421852489499;;
2026-08-08 13:07:12;62.97;19.487700110045363;60.68809718840575;;
2026-08-08 13:07:42;61.90;18.61420426318097;60.67203144771491;;
2026-08-08 13:08:12;60.79;17.73413015115835;60.656021161421684;;
2026-08-08 13:08:42;60;17.62819466155868;60.6400661883567;;
2026-08-08 13:09:12;60;17.62819466155868;60.62416638758181;;
2026-08-08 13:09:42;59.97;17.62819466155868;60.60832161838993;;
2026-08-08 13:10:13;59.88;17.62819466155868;60.592531740304885;;
2026-08-08 13:10:43;59.09;17.62819466155868;60.57679661308123;;
2026-08-08 13:11:13;59;17.62819466155868;60.561116096704076;;
2026-08-08 13:11:43;59;17.62819466155868;60.545490051388924;;
2026-08-08 13:12:13;59;17.62819466155868;60.5299183375815;;
2026-08-08 13:12:43;58.97;17.62819466155868;60.5144008159576;;
2026-08-08 13:13:13;59;17.62819466155868;60.49893734742289;;
2026-08-08 13:13:43;59;17.62819466155868;60.483527793112756;;
2026-08-08 13:14:13;58.90;17.62819466155868;60.468172014392145;;
2026-08-08 13:14:43;58.29;17.62819466155868;60.45286987285537;;
2026-08-08 13:15:13;58.06;17.62819466155868;60.437621230325966;;
2026-08-08 13:15:43;58.31;17.62819466155868;60.42242594885651;;
2026-08-08 13:16:13;58.50;17.62819466155868;60.407283890728436;;
2026-08-08 13:16:43;58.13;17.62819466155868;60.392194918451914;;
2026-08-08 13:17:13;57.65;17.62819466155868;60.377158894765614;;
2026-08-08 13:17:43;57.50;17.62819466155868;60.36217568263661;;
2026-08-08 13:18:13;57.97;17.62819466155868;60.34724514526015;;
2026-08-08 13:18:43;57.97;17.62819466155868;60.33236714605951;;
2026-08-08 13:19:13;57.38;17.62819466155868;60.317541548685845;;
2026-08-08 13:19:43;57.29;17.62819466155868;60.30276821701798;;
2026-08-08 13:20:13;57.83;17.62819466155868;60.28804701516226;;
2026-08-08 13:20:43;58.45;17.62819466155868;60.27337780745241;;
2026-08-08 13:21:13;60.66;17.94664864577852;60.258760458449316;;
2026-08-08 13:21:43;61.61;18.72700458519236;60.244194832940885;;
2026-08-08 13:22:13;59.40;17.62819466155868;60.22968079594186;;
2026-08-08 13:22:43;58.63;17.62819466155868;60.215218212693664;;
2026-08-08 13:23:13;58;17.62819466155868;60.20080694866423;;
2026-08-08 13:23:43;57.99;17.62819466155868;60.18644686954783;;
2026-08-08 13:24:13;58;17.62819466155868;60.1721378412649;;
2026-08-08 13:24:43;59.20;17.62819466155868;60.15787972996186;;
2026-08-08 13:25:13;60.95;18.27181864167855;60.143672402010985;;
2026-08-08 13:25:43;61.79;18.96960655121319;60.12951572401019;;
2026-08-08 13:26:13;62.13;19.26375152356276;60.11540956278289;;
2026-08-08 13:26:44;62.09;19.242103178434256;60.101353785377796;;
2026-08-08 13:27:14;60.91;18.28499965546852;60.08734825906881;;
2026-08-08 13:27:44;60.11;17.657099724326567;60.073392851354775;;
2026-08-08 13:28:14;60;17.62819466155868;60.059487429959376;;
2026-08-08 13:28:44;59.99;17.62819466155868;60.045631862830916;;
2026-08-08 13:29:14;59.29;17.62819466155868;60.03182601814218;;
2026-08-08 13:29:44;59;17.62819466155868;60.01806976429026;;
2026-08-08 13:30:14;58.97;17.62819466155868;60.00436296989637;;
2026-08-08 13:30:44;58.95;17.62819466155868;59.990705503805685;;
2026-08-08 13:31:14;58.68;17.62819466155868;59.977097235087186;;
2026-08-08 13:31:44;58.06;17.62819466155868;59.963538033033466;;
2026-08-08 13:32:14;58;17.62819466155868;59.95002776716057;;
2026-08-08 13:32:44;57.99;17.62819466155868;59.93656630720783;;
2026-08-08 13:33:14;57.97;17.62819466155868;59.923153523137685;;
2026-08-08 13:33:44;57.59;17.62819466155868;59.90978928513553;;
2026-08-08 13:34:14;57.68;17.62819466155868;59.89647346360951;;
2026-08-08 13:34:44;57.93;17.62819466155868;59.8832059291904;;
2026-08-08 13:35:14;57.38;17.62819466155868;59.86998655273139;;
2026-08-08 13:35:44;56.29;17.62819466155868;59.856815205307925;;
2026-08-08 13:36:14;56.43;17.62819466155868;59.84369175821756;;
2026-08-08 13:36:44;57;17.62819466155868;59.830616082979766;;
2026-08-08 13:37:14;57;17.62819466155868;59.81758805133577;;
2026-08-08 13:37:44;57;17.62819466155868;59.804607535248365;;
2026-08-08 13:38:14;56.90;17.62819466155868;59.79167440690177;;
2026-08-08 13:38:44;56.56;17.62819466155868;59.778788538701434;;
2026-08-08 13:39:14;56.97;17.62819466155868;59.76594980327389;;
2026-08-08 13:39:44;56.54;17.62819466155868;59.753158073466565;;
2026-08-08 13:40:14;56.36;17.62819466155868;59.740413222347605;;
2026-08-08 13:40:44;56.63;17.62819466155868;59.727715123205726;;
2026-08-08 13:41:14;56.95;17.62819466155868;59.71506364955004;;
2026-08-08 13:41:44;56.93;17.62819466155868;59.70245867510987;;
2026-08-08 13:42:14;56.99;17.62819466155868;59.68990007383456;;
2026-08-08 13:42:44;57;17.62819466155868;59.67738771989338;;
2026-08-08 13:43:14;57.16;17.62819466155868;59.66492148767527;;
2026-08-08 13:43:45;57;17.62819466155868;59.652501251788735;;
2026-08-08 13:44:15;57.02;17.62819466155868;59.640126887061605;;
2026-08-08 13:44:45;57;17.62819466155868;59.62779826854094;;
2026-08-08 13:45:15;57;17.62819466155868;59.615515271492804;;
2026-08-08 13:45:45;57;17.62819466155868;59.60327777140213;;
2026-08-08 13:46:15;56.99;17.62819466155868;59.591085643972505;;
2026-08-08 13:46:45;57;17.62819466155868;59.57893876512607;;
2026-08-08 13:47:15;57;17.62819466155868;59.56683701100326;;
2026-08-08 13:47:45;57;17.62819466155868;59.554780257962705;;
2026-08-08 13:48:15;57.11;17.62819466155868;59.54276838258104;;
2026-08-08 13:48:45;57;17.62819466155868;59.5308012616527;;
2026-08-08 13:49:15;57;17.62819466155868;59.5188787721898;;
2026-08-08 13:49:45;57.58;17.62819466155868;59.50700079142194;;
2026-08-08 13:50:15;57.52;17.62819466155868;59.495167196796004;;
2026-08-08 13:50:45;57.27;17.62819466155868;59.48337786597607;;
2026-08-08 13:51:15;57.09;17.62819466155868;59.47163267684313;;
2026-08-08 13:51:45;57.40;17.62819466155868;59.45993150749503;;
2026-08-08 13:52:15;57.93;17.62819466155868;59.4482742362462;;
2026-08-08 13:52:45;58;17.62819466155868;59.43666074162756;;
2026-08-08 13:53:15;58;17.62819466155868;59.42509090238631;;
2026-08-08 13:53:45;57.99;17.62819466155868;59.41356459748575;;
2026-08-08 13:54:15;57.99;17.62819466155868;59.40208170610514;;
2026-08-08 13:54:45;57.97;17.62819466155868;59.39064210763951;;
2026-08-08 13:55:15;57.47;17.62819466155868;59.37924568169949;;
2026-08-08 13:55:45;57.11;17.62819466155868;59.36789230811113;;
2026-08-08 13:56:15;57.04;17.62819466155868;59.356581866915754;;
2026-08-08 13:56:45;57.36;17.62819466155868;59.34531423836976;;
2026-08-08 13:57:15;57.75;17.62819466155868;59.33408930294448;;
2026-08-08 13:57:45;57.95;17.62819466155868;59.322906941325954;;
2026-08-08 13:58:15;58;17.62819466155868;59.311767034414835;;
2026-08-08 13:58:45;58;17.62819466155868;59.30066946332615;;
2026-08-08 13:59:15;58;17.62819466155868;59.28961410938917;;
2026-08-08 13:59:45;58.16;17.62819466155868;59.2786008541472;;
2026-08-08 14:00:16;58.11;17.62819466155868;59.267629579357454;;
2026-08-08 14:00:46;58;17.62819466155868;59.256700166990846;;
2026-08-08 14:01:16;58;17.62819466155868;59.24581249923184;;
2026-08-08 14:01:46;58;17.62819466155868;59.23496645847826;;
2026-08-08 14:02:16;58;17.62819466155868;59.22416192734114;;
2026-08-08 14:02:46;58;17.62819466155868;59.21339878864452;;
2026-08-08 14:03:16;58;17.62819466155868;59.202676925425315;;
2026-08-08 14:03:46;57.99;17.62819466155868;59.191996220933106;;
2026-08-08 14:04:16;58;17.62819466155868;59.181356558629986;;
2026-08-08 14:04:46;58;17.62819466155868;59.170757822190396;;
2026-08-08 14:05:16;58;17.62819466155868;59.16019989550094;;
2026-08-08 14:05:46;58;17.62819466155868;59.1496826626602;;
2026-08-08 14:06:16;58;17.62819466155868;59.139206007978586;;
2026-08-08 14:06:46;58;17.62819466155868;59.12876981597817;;
2026-08-08 14:07:16;58;17.62819466155868;59.11837397139249;;
2026-08-08 14:07:46;58;17.62819466155868;59.10801835916637;;
2026-08-08 14:08:16;58;17.62819466155868;59.09770286445582;;
2026-08-08 14:08:46;58;17.62819466155868;59.087427372627744;;
2026-08-08 14:09:16;58;17.62819466155868;59.07719176925987;;
2026-08-08 14:09:46;58;17.62819466155868;59.06699594014054;;
2026-08-08 14:10:16;58;17.62819466155868;59.056839771268514;;
2026-08-08 14:10:46;58;17.62819466155868;59.04672314885286;;
2026-08-08 14:11:16;58;17.62819466155868;59.03664595931272;;
2026-08-08 14:11:46;58;17.62819466155868;59.026608089277154;;
2026-08-08 14:12:16;58;17.62819466155868;59.01660942558498;;
2026-08-08 14:12:46;58;17.62819466155868;59.00664985528461;;
2026-08-08 14:13:16;58;17.62819466155868;58.99672926563384;;
2026-08-08 14:13:46;58;17.62819466155868;58.98684754409971;;
2026-08-08 14:14:16;58;17.62819466155868;58.977004578358326;;
2026-08-08 14:14:46;58;17.62819466155868;58.96720025629468;;
2026-08-08 14:15:16;58;17.62819466155868;58.95743446600247;;
2026-08-08 14:15:46;58;17.62819466155868;58.94770709578395;;
2026-08-08 14:16:16;58;17.62819466155868;58.93801803414973;;
2026-08-08 14:16:47;58;17.62819466155868;58.92836716981863;;
2026-08-08 14:17:17;58;17.62819466155868;58.91875439171748;;
2026-08-08 14:17:47;58;17.62819466155868;58.90917958898097;;
2026-08-08 14:18:17;58;17.62819466155868;58.89964265095148;;
2026-08-08 14:18:47;58;17.62819466155868;58.89014346717885;;
2026-08-08 14:19:17;58;17.62819466155868;58.88068192742032;;
2026-08-08 14:19:47;58;17.62819466155868;58.87125792164022;;
2026-08-08 14:20:17;58;17.62819466155868;58.86187134000991;;
2026-08-08 14:20:47;57.86;17.62819466155868;58.85252207290754;;
2026-08-08 14:21:17;57.40;17.62819466155868;58.843210010917915;;
2026-08-08 14:21:47;57.25;17.62819466155868;58.83393504483229;;
2026-08-08 14:22:17;57.20;17.62819466155868;58.824697065648216;;
2026-08-08 14:22:47;57.18;17.62819466155868;58.815495964569365;;
2026-08-08 14:23:17;57.47;17.62819466155868;58.806331633005364;;
2026-08-08 14:23:47;58;17.62819466155868;58.79720396257159;;
2026-08-08 14:24:17;58;17.62819466155868;58.78811284508904;;
2026-08-08 14:24:47;58;17.62819466155868;58.779058172584115;;
2026-08-08 14:25:17;58;17.62819466155868;58.77003983728848;;
2026-08-08 14:25:47;58;17.62819466155868;58.761057731638886;;
2026-08-08 14:26:17;58;17.62819466155868;58.752111748276974;;
2026-08-08 14:26:47;58;17.62819466155868;58.743201780049105;;
2026-08-08 14:27:17;58;17.62819466155868;58.734327720006235;;
2026-08-08 14:27:47;58;17.62819466155868;58.725489461403654;;
2026-08-08 14:28:17;58;17.62819466155868;58.7166868977009;;
2026-08-08 14:28:47;58;17.62819466155868;58.70791992256154;;
2026-08-08 14:29:17;58;17.62819466155868;58.699188429852974;;
2026-08-08 14:29:47;58;17.62819466155868;58.690492313646324;;
2026-08-08 14:30:17;58;17.62819466155868;58.6818314682162;;
2026-08-08 14:30:47;58;17.62819466155868;58.673205788040576;;
2026-08-08 14:31:17;58;17.62819466155868;58.66461516780057;;
2026-08-08 14:31:47;58;17.62819466155868;58.6560595023803;;
2026-08-08 14:32:17;58;17.62819466155868;58.64753868686672;;
2026-08-08 14:32:47;58;17.62819466155868;58.639052616549385;;
2026-08-08 14:33:18;58;17.62819466155868;58.63060118692035;;
2026-08-08 14:33:48;58;17.62819466155868;58.622184293673975;;
2026-08-08 14:34:18;58;17.62819466155868;58.613801832706706;;
2026-08-08 14:34:48;58;17.62819466155868;58.60545370011697;;
2026-08-08 14:35:18;58;17.62819466155868;58.597139792204935;;
2026-08-08 14:35:48;58;17.62819466155868;58.58886000547239;;
2026-08-08 14:36:18;58;17.62819466155868;58.580614236622544;;
2026-08-08 14:36:48;58;17.62819466155868;58.572402382559844;;
2026-08-08 14:37:18;58;17.62819466155868;58.56422434038983;;
2026-08-08 14:37:48;58;17.62819466155868;58.55608000741893;;
2026-08-08 14:38:18;58;17.62819466155868;58.54796928115428;;
2026-08-08 14:38:48;58.02;17.62819466155868;58.53989205930361;;
2026-08-08 14:39:18;58;17.62819466155868;58.531848239775;;
2026-08-08 14:39:48;58;17.62819466155868;58.523837720676724;;
2026-08-08 14:40:18;58.13;17.62819466155868;58.5158604003171;;
2026-08-08 14:40:48;58.25;17.62819466155868;58.5079161772043;;
2026-08-08 14:41:18;58.63;17.73097443480423;58.50000495004616;;
2026-08-08 14:41:48;58.88;17.935982241717507;58.492126617750024;;
2026-08-08 14:42:18;59;18.03816911364746;58.48428107942257;;
2026-08-08 14:42:48;58.99;18.036417838175446;58.47646823436962;;
2026-08-08 14:43:18;58.97;18.02663534785545;58.468687982095986;;
2026-08-08 14:43:48;58.90;17.976851488438815;58.460940222305275;;
2026-08-08 14:44:18;58.72;17.839526371252063;58.45322485489972;;
2026-08-08 14:44:48;58.70;17.82973422311231;58.445541779980026;;
2026-08-08 14:45:18;58.59;17.748496328237405;58.43789089784514;;
2026-08-08 14:45:48;58.29;17.62819466155868;58.430272108992156;;
2026-08-08 14:46:18;58.06;17.62819466155868;58.422685314116066;;
2026-08-08 14:46:48;58.22;17.62819466155868;58.415130414109626;;
2026-08-08 14:47:18;58.22;17.62819466155868;58.40760731006316;;
2026-08-08 14:47:48;58.31;17.62819466155868;58.400115903264414;;
2026-08-08 14:48:18;58.47;17.689300684182662;58.39265609519833;;
2026-08-08 14:48:48;58.18;17.62819466155868;58.38522778754695;;
2026-08-08 14:49:18;58.06;17.62819466155868;58.377830882189144;;
2026-08-08 14:49:48;58.02;17.62819466155868;58.37046528120051;;
2026-08-08 14:50:19;58;17.62819466155868;58.363130886853156;;
2026-08-08 14:50:49;58;17.62819466155868;58.35582760161556;;
2026-08-08 14:51:19;58;17.62819466155868;58.34855532815235;;
2026-08-08 14:51:49;58;17.62819466155868;58.341313969324176;;
2026-08-08 14:52:19;58;17.62819466155868;58.334103428187504;;
2026-08-08 14:52:49;58;17.62819466155868;58.32692360799444;;
2026-08-08 14:53:19;58;17.62819466155868;58.319774412192565;;
2026-08-08 14:53:49;58;17.62819466155868;58.31265574442477;;
2026-08-08 14:54:19;58;17.62819466155868;58.305567508529045;;
2026-08-08 14:54:49;58;17.62819466155868;58.29850960853834;;
2026-08-08 14:55:19;58;17.62819466155868;58.291481948680364;;
2026-08-08 14:55:49;58;17.62819466155868;58.284484433377436;;
2026-08-08 14:56:19;58;17.62819466155868;58.27751696724627;;
2026-08-08 14:56:49;58;17.62819466155868;58.27057945509784;;
2026-08-08 14:57:19;58;17.62819466155868;58.26367180193717;;
2026-08-08 14:57:49;58;17.62819466155868;58.25679391296319;;
2026-08-08 14:58:19;58;17.62819466155868;58.24994569356853;;
2026-08-08 14:58:49;58;17.62819466155868;58.24312704933935;;
2026-08-08 14:59:19;58;17.62819466155868;58.23633788605519;;
2026-08-08 14:59:49;58;17.62819466155868;58.22957810968877;;
2026-08-08 15:00:19;58;17.62819466155868;58.22284762640581;;
2026-08-08 15:00:49;58;17.62819466155868;58.21614634256486;;
2026-08-08 15:01:19;58.06;17.62819466155868;58.20947416471714;;
2026-08-08 15:01:49;58.08;17.62819466155868;58.20283099960634;;
2026-08-08 15:02:19;58.04;17.62819466155868;58.19621675416846;;
2026-08-08 15:02:49;58.15;17.62819466155868;58.18963133553161;;
2026-08-08 15:03:19;58.20;17.641555228404364;58.183074651015865;;
2026-08-08 15:03:49;58.29;17.717874926309943;58.17654660813307;;
2026-08-08 15:04:19;58.41;17.818206608132076;58.17004711458667;;
2026-08-08 15:04:49;58.34;17.767774596168625;58.16357607827152;;
2026-08-08 15:05:19;58.81;18.148199196178684;58.15713340727373;;
2026-08-08 15:05:49;58.83;18.169439359687345;58.15071900987048;;
2026-08-08 15:06:19;58.54;17.942201347683273;58.14433279452982;;
2026-08-08 15:06:50;58.47;17.89145793857697;58.13797466991052;;
2026-08-08 15:07:20;58.40;17.840782988202637;58.13164454486191;;
2026-08-08 15:07:50;58.52;17.941395710143105;58.12534232842366;;
2026-08-08 15:08:20;58.74;18.12254118300757;58.119067929825626;;
2026-08-08 15:08:50;58.79;18.167748339062108;58.112821258487664;;
2026-08-08 15:09:20;58.74;18.132554111808105;58.10660222401946;;
2026-08-08 15:09:50;58.63;18.04927772799721;58.10041073622037;;
2026-08-08 15:10:20;58.74;18.142481982488626;58.09424670507921;;
2026-08-08 15:10:50;58.72;18.131342790309372;58.08811004077408;;
2026-08-08 15:11:20;58.50;17.960028891915613;58.08200065367224;;
2026-08-08 15:11:50;58.40;17.88513051218558;58.07591845432986;;
2026-08-08 15:12:20;58.36;17.858108457831133;58.069863353491876;;
2026-08-08 15:12:50;58.36;17.86290527455732;58.063835262091835;;
2026-08-08 15:13:20;58.22;17.756468373815032;58.05783409125168;;
2026-08-08 15:13:50;58.04;17.62819466155868;58.051859752281594;;
2026-08-08 15:14:20;58.04;17.62819466155868;58.04591215667982;;
2026-08-08 15:14:50;58;17.62819466155868;58.039991216132464;;
2026-08-08 15:15:20;58.02;17.62819466155868;58.03409684251336;;
2026-08-08 15:15:50;58.02;17.62819466155868;58.02822894788384;;
2026-08-08 15:16:20;58;17.62819466155868;58.0223874444926;;
2026-08-08 15:16:50;58;17.62819466155868;58.01657224477551;;
2026-08-08 15:17:20;58.02;17.635469397320982;58.010783261355414;;
2026-08-08 15:17:50;58.08;17.687430767056302;58.00502040704198;;
2026-08-08 15:18:20;58.11;17.715708067817022;57.99928359483151;;
2026-08-08 15:18:50;58.06;17.680667832580788;57.993572737906774;;
2026-08-08 15:19:20;58.02;17.653548935414722;57.987887749636805;;
2026-08-08 15:19:50;58.02;17.65801955416765;57.98222854357675;;
2026-08-08 15:20:20;58;17.646671813710352;57.97659503346769;;
2026-08-08 15:20:50;58;17.651100809578725;57.97098713323643;;
2026-08-08 15:21:20;58.06;17.70294842034516;57.96540475699536;;
2026-08-08 15:21:50;58.54;18.08980963243897;57.95984781904226;;
2026-08-08 15:22:20;58.68;18.206790457591463;57.954316233860126;;
2026-08-08 15:22:50;58.91;18.397105101007522;57.94880991611697;;
2026-08-08 15:23:21;58.90;18.393441594688007;57.943328780665695;;
2026-08-08 15:23:51;58.97;18.4546753096745;57.937872742543846;;
2026-08-08 15:24:21;59;18.483472517158138;57.932441716973486;;
2026-08-08 15:24:51;59;18.487868916753275;57.927035619361;;
2026-08-08 15:25:21;59;18.49224576923808;57.92165436529692;;
2026-08-08 15:25:51;59;18.496603134107712;57.91629787055573;;
2026-08-08 15:26:21;59;18.500941070789082;57.91096605109572;;
2026-08-08 15:26:51;59;18.505259638640386;57.90565882305877;;
2026-08-08 15:27:21;59;18.50955889695073;57.9003761027702;;
2026-08-08 15:27:51;59;18.513838904939686;57.89511780673858;;
2026-08-08 15:28:21;59;18.518099721756897;57.889883851655554;;
2026-08-08 15:28:51;59;18.52234140648167;57.884674154395654;;
2026-08-08 15:29:21;59;18.526564018122613;57.879488632016134;;
2026-08-08 15:29:51;59;18.530767615617172;57.87432720175678;;
2026-08-08 15:30:21;59.02;18.551248776709322;57.869189781039736;;
2026-08-08 15:30:51;59.11;18.628873689055975;57.864076287469345;;
2026-08-08 15:31:21;59.09;18.616691367773626;57.85898663883191;;
2026-08-08 15:31:51;59.09;18.620829822994835;57.85392075309559;;
2026-08-08 15:32:21;59.11;18.64129600261946;57.848878548410184;;
2026-08-08 15:32:51;59.49;18.957751558357455;57.843859943106935;;
2026-08-08 15:33:21;59.58;19.03634897413868;57.83886485569838;;
2026-08-08 15:33:51;59.65;19.098524640426174;57.833893204878166;;
2026-08-08 15:34:21;59.61;19.069439511221077;57.82894490952087;;
2026-08-08 15:34:51;59.72;19.164906566513814;57.8240198886818;;
2026-08-08 15:35:21;59.72;19.168985174108368;57.819118061596846;;
2026-08-08 15:35:51;59.72;19.173045095525588;57.81423934768228;;
2026-08-08 15:36:21;59.88;19.310553149283024;57.8093836665346;;
2026-08-08 15:36:51;59.90;19.331320338395958;57.804550937930294;;
2026-08-08 15:37:21;59.91;19.343712295719392;57.79974108182575;;
2026-08-08 15:37:51;59.59;19.08104548013998;57.794954018357;;
2026-08-08 15:38:21;59.72;19.193066480039512;57.790189667839556;;
2026-08-08 15:38:51;59.81;19.272067772640195;57.78544795076827;;
2026-08-08 15:39:21;59.93;19.376379396786632;57.780728787817125;;
2026-08-08 15:39:52;60;19.439024363855776;57.776032099839036;;
2026-08-08 15:40:22;60;19.442948752085893;57.771357807865705;;
2026-08-08 15:40:52;60;19.446854901408248;57.76670583310742;;
2026-08-08 15:41:22;60;19.450742870723637;57.7620760969529;;
2026-08-08 15:41:52;59.99;19.446214457037026;57.757468520969084;;
2026-08-08 15:42:22;59.97;19.43327344752124;57.75288302690097;;
2026-08-08 15:42:52;60;19.462298286389597;57.748319536671424;;
2026-08-08 15:43:22;60;19.466114123020755;57.74377797238102;;
2026-08-08 15:43:52;60;19.469912072897706;57.73925825630783;;
2026-08-08 15:44:22;60;19.473692194418454;57.73476031090727;;
2026-08-08 15:44:52;59.95;19.435454988664738;57.73028405881192;;
2026-08-08 15:45:22;59.97;19.4559894953588;57.72582942283132;;
2026-08-08 15:45:52;59.93;19.426128576846352;57.7213963259518;;
2026-08-08 15:46:22;59.90;19.404663298714816;57.716984691336336;;
2026-08-08 15:46:52;59.97;19.46710860649504;57.71259444232429;;
2026-08-08 15:47:22;59.97;19.470779969234588;57.708225502431326;;
2026-08-08 15:47:52;60;19.499658738610012;57.703877795349136;;
2026-08-08 15:48:22;59.97;19.47807052986614;57.69955124494535;;
2026-08-08 15:48:52;59.99;19.49850805412717;57.695245775263274;;
2026-08-08 15:49:22;59.97;19.48529192133102;57.690961310521764;;
2026-08-08 15:49:52;59.97;19.488876822283927;57.68669777511502;;
2026-08-08 15:50:22;59.97;19.4924446031589;57.682455093612425;;
2026-08-08 15:50:52;59.93;19.462370830081568;57.678233190758334;;
2026-08-08 15:51:22;59.93;19.46590068287631;57.674031991471935;;
2026-08-08 15:51:52;59.91;19.45261128880808;57.66985142084702;;
2026-08-08 15:52:22;59.93;19.472909655544992;57.66569140415184;;
2026-08-08 15:52:52;59.84;19.400833618122117;57.66155186682893;;
2026-08-08 15:53:22;59.77;19.345644228558577;57.65743273449488;;
2026-08-08 15:53:52;59.86;19.424502653308668;57.653333932940214;;
2026-08-08 15:54:22;59.86;19.427925223609154;57.64925538812916;;
2026-08-08 15:54:52;59.86;19.43133123605322;57.645197026199504;;
2026-08-08 15:55:22;59.95;19.510359478091104;57.64115877346239;;
2026-08-08 15:55:52;59.97;19.530576569041056;57.63714055640213;;
2026-08-08 15:56:22;60;19.559216924022433;57.63314230167607;;
2026-08-08 15:56:53;60;19.562570062318805;57.62916393611434;;
2026-08-08 15:57:23;60;19.56590685993126;57.62520538671973;;
2026-08-08 15:57:53;60;19.569227372862848;57.62126658066747;;
2026-08-08 15:58:23;60;19.572531657024157;57.61734744530509;;
2026-08-08 15:58:53;59.99;19.567388414648033;57.613447908152196;;
2026-08-08 15:59:23;60;19.579091762214542;57.6095678969003;;
2026-08-08 15:59:53;60;19.58234769460033;57.605707339412675;;
2026-08-08 16:00:23;60;19.58558762092879;57.601866163724104;;
2026-08-08 16:00:53;60;19.588811596644597;57.598044298040776;;
2026-08-08 16:01:23;60;19.592019677098598;57.59424167074004;;
2026-08-08 16:01:53;60.06;19.645880090845893;57.59045821037026;;
2026-08-08 16:02:23;60.59;20.10028370279692;57.58669384565062;;
2026-08-08 16:02:53;62.20;21.514446169322433;57.58294850547096;;
2026-08-08 16:03:23;62.27;21.58051647073785;57.57922211889156;;
2026-08-08 16:03:53;60.97;20.43749302497282;57.575514615142986;;
2026-08-08 16:04:23;60.15;19.7378276810026;57.57182592362591;;
2026-08-08 16:04:53;60;19.614035802592745;57.56815597391089;;
2026-08-08 16:05:23;60;19.617118702240337;57.56450469573824;;
2026-08-08 16:05:53;60;19.620186200521367;57.560872019017836;;
2026-08-08 16:06:23;60;19.623238351835518;57.55725787382888;;
2026-08-08 16:06:53;60;19.626275210486185;57.5536621904198;;
2026-08-08 16:07:23;60;19.629296830680246;57.55008489920801;;
2026-08-08 16:07:53;60;19.632303266527906;57.54652593077974;;
2026-08-08 16:08:23;60;19.635294572042454;57.54298521588986;;
2026-08-08 16:08:53;60;19.638270801140077;57.539462685461714;;
2026-08-08 16:09:23;60;19.641232007639665;57.53595827058691;;
2026-08-08 16:09:53;60;19.644178245262623;57.532471902525145;;
2026-08-08 16:10:23;60;19.64710956763268;57.52900351270402;;
2026-08-08 16:10:53;60;19.65002602827567;57.52555303271889;;
2026-08-08 16:11:23;60;19.65292768061939;57.52212039433261;;
2026-08-08 16:11:53;60;19.65581457799339;57.51870552947543;;
2026-08-08 16:12:23;60;19.65868677362878;57.515308370244774;;
2026-08-08 16:12:53;60;19.66154432065802;57.51192884890506;;
2026-08-08 16:13:24;60;19.664387272114876;57.50856689788751;;
2026-08-08 16:13:54;60;19.66721568093403;57.50522244979;;
2026-08-08 16:14:24;60;19.67002959995112;57.50189543737682;;
2026-08-08 16:14:54;60;19.67282908190241;57.49858579357854;;
2026-08-08 16:15:24;60;19.675614179424684;57.49529345149184;;
2026-08-08 16:15:54;59.97;19.653013948879707;57.492018344379254;;
2026-08-08 16:16:24;60;19.681141431230927;57.488760405669055;;
2026-08-08 16:16:54;59.99;19.67542289144202;57.48551956895505;;
2026-08-08 16:17:24;59.97;19.66123406027838;57.48229576799638;;
2026-08-08 16:17:54;59.91;19.613248119244325;57.479088936717375;;
2026-08-08 16:18:24;59.93;19.6328328882485;57.47589900920733;;
2026-08-08 16:18:54;59.97;19.669327171103028;57.47272591972035;;
2026-08-08 16:19:24;59.97;19.671996894757115;57.469569602675136;;
2026-08-08 16:19:54;59.90;19.615493069648153;57.46642999265485;;
2026-08-08 16:20:24;59.97;19.677294682426464;57.46330702440689;;
2026-08-08 16:20:54;59.95;19.663005711690463;57.460200632842714;;
2026-08-08 16:21:24;59.97;19.68253726733306;57.45711075303767;;
2026-08-08 16:21:54;59.95;19.668218010031243;57.4540373202308;;
2026-08-08 16:22:24;59.97;19.687725060165363;57.45098026982466;;
2026-08-08 16:22:54;59.97;19.69029853744954;57.44793953738515;;
2026-08-08 16:23:24;59.97;19.692858469986668;57.44491505864131;;
2026-08-08 16:23:54;59.97;19.69540490865499;57.441906769485115;;
2026-08-08 16:24:24;59.99;19.714874065823118;57.43891460597136;;
2026-08-08 16:24:54;59.97;19.700457507387473;57.435938504317434;;
2026-08-08 16:25:24;60;19.72837557255601;57.4329784009031;;
2026-08-08 16:25:54;60;19.730870578263822;57.43003423227039;;
2026-08-08 16:26:24;60;19.733352332060747;57.427105935123336;;
2026-08-08 16:26:54;60;19.735820884252735;57.424193446327884;;
2026-08-08 16:27:24;60;19.738276285042772;57.421296702911604;;
2026-08-08 16:27:54;60;19.74071858453066;57.41841564206359;;
2026-08-08 16:28:24;60;19.74314783271301;57.415550201134224;;
2026-08-08 16:28:54;60;19.745564079483074;57.412700317635014;;
2026-08-08 16:29:24;59.99;19.73948913998557;57.409865929238414;;
2026-08-08 16:29:55;59.93;19.691053985417458;57.40704697377761;;
2026-08-08 16:30:25;59.99;19.74425577756357;57.40424338924639;;
2026-08-08 16:30:55;60;19.75510004668095;57.40145511379889;;
2026-08-08 16:31:25;60;19.75745203116238;57.39868208574947;;
2026-08-08 16:31:55;59.99;19.751309861812956;57.395924243572495;;
2026-08-08 16:32:25;59.99;19.753635854462708;57.39318152590216;;
2026-08-08 16:32:55;59.99;19.755949244563496;57.39045387153231;;
2026-08-08 16:33:25;59.99;19.758250081059607;57.387741219416235;;
2026-08-08 16:33:55;59.99;19.760538412790805;57.38504350866652;;
2026-08-08 16:34:25;60;19.77129886640239;57.38236067855483;;
2026-08-08 16:34:55;59.99;19.765077756795158;57.37969266851174;;
2026-08-08 16:35:25;59.99;19.767328866224993;57.377039418126536;;
2026-08-08 16:35:55;59.95;19.73564507311954;57.374400867147045;;
2026-08-08 16:36:25;59.99;19.771794202045783;57.37177695547945;;
2026-08-08 16:36:55;59.97;19.757040202643033;57.36916762318808;;
2026-08-08 16:37:25;59.97;19.759241162709735;57.36657281049528;;
2026-08-08 16:37:55;59.99;19.778400721348888;57.36399245778114;;
2026-08-08 16:38:25;60;19.789068097952473;57.36142650558339;;
2026-08-08 16:38:55;59.99;19.782744637944106;57.358874894597186;;
2026-08-08 16:39:25;59.97;19.767924369286916;57.3563375656749;;
2026-08-08 16:39:55;59.97;19.770065251064178;57.353814459825976;;
2026-08-08 16:40:25;59.95;19.755226923846415;57.35130551821671;;
2026-08-08 16:40:55;59.97;19.774311443279842;57.3488106821701;;
2026-08-08 16:41:25;59.97;19.77641684829643;57.3463298931656;;
2026-08-08 16:41:55;59.97;19.77851052212812;57.34386309283902;;
2026-08-08 16:42:25;59.95;19.763620610731923;57.34141022298227;;
2026-08-08 16:42:55;59.95;19.765689837898563;57.33897122554319;;
2026-08-08 16:43:25;59.97;19.784721626231615;57.336546042625386;;
2026-08-08 16:43:55;59.84;19.676594534442977;57.334134616488015;;
2026-08-08 16:44:25;59.90;19.729427654339787;57.33173688954564;;
2026-08-08 16:44:55;59.99;19.807815530172487;57.329352804367986;;
2026-08-08 16:45:25;60;19.818326846593557;57.326982303679806;;
2026-08-08 16:45:55;60;19.820329986882633;57.32462533036066;;
2026-08-08 16:46:26;59.99;19.813823365084808;57.32228182744477;;
2026-08-08 16:46:56;60;19.82430235039506;57.319951738120764;;
2026-08-08 16:47:26;60;19.826271665727795;57.317635005731574;;
2026-08-08 16:47:56;60;19.828229798006834;57.31533157377417;;
2026-08-08 16:48:26;60;19.83017679302036;57.31304138589945;;
2026-08-08 16:48:56;60;19.832112696449837;57.31076438591199;;
2026-08-08 16:49:26;60;19.83403755386998;57.30850051776987;;
2026-08-08 16:49:56;60;19.835951410748688;57.306249725584536;;
2026-08-08 16:50:26;60;19.83785431244702;57.30401195362055;;
2026-08-08 16:50:56;60;19.83974630421915;57.30178714629543;;
2026-08-08 16:51:26;60;19.841627431212277;57.29957524817947;;
2026-08-08 16:51:56;60;19.843497738466642;57.297376203995555;;
2026-08-08 16:52:26;59.99;19.83685257500405;57.29518995861895;;
2026-08-08 16:52:56;59.99;19.83870087556904;57.29301645707713;;
2026-08-08 16:53:26;59.97;19.823534027325998;57.290855644549595;;
2026-08-08 16:53:56;59.99;19.842365474266447;57.28870746636768;;
2026-08-08 16:54:26;59.97;19.82717541685159;57.28657186801437;;
2026-08-08 16:54:56;59.99;19.84598769984794;57.28444879512409;;
2026-08-08 16:55:26;59.97;19.830774633832224;57.282338193482566;;
2026-08-08 16:55:56;59.97;19.832558538184603;57.280240009026585;;
2026-08-08 16:56:26;59.97;19.83433203186608;57.27815418784384;;
2026-08-08 16:56:56;60;19.86161555765349;57.27608067617274;;
2026-08-08 16:57:26;59.99;19.85486020460248;57.274019420402205;;
2026-08-08 16:57:56;60;19.8651137343303;57.271970367071496;;
2026-08-08 16:58:26;60;19.866847434892616;57.26993346287002;;
2026-08-08 16:58:56;60;19.86857093502491;57.26790865463715;;
2026-08-08 16:59:26;60;19.87028427815837;57.265895889362014;;
2026-08-08 16:59:56;59.99;19.863475583770107;57.263895114183335;;
2026-08-08 17:00:26;60;19.873680666616117;57.26190627638924;;
2026-08-08 17:00:56;60;19.875363798265283;57.25992932341705;;
2026-08-08 17:01:26;59.99;19.868523651576375;57.2579642028531;;
2026-08-08 17:01:56;59.99;19.87018640614307;57.25601086243258;;
2026-08-08 17:02:26;59.99;19.871839264738625;57.254069250039315;;
2026-08-08 17:02:56;59.97;19.856459921107092;57.25213931370556;;
2026-08-08 17:03:27;59.99;19.87511546457513;57.250221001611884;;
2026-08-08 17:03:57;60;19.88525441433839;57.248314262086886;;
2026-08-08 17:04:27;60;19.886868552543213;57.2464190436071;;
2026-08-08 17:04:57;59.97;19.862930745582602;57.24453529479672;;
2026-08-08 17:05:27;59.97;19.864524255478297;57.242662964427495;;
2026-08-08 17:05:57;59.97;19.866108171041745;57.240802001418466;;
2026-08-08 17:06:27;59.97;19.867682534163247;57.23895235483583;;
2026-08-08 17:06:57;59.97;19.869247386625577;57.237113973892725;;
2026-08-08 17:07:27;59.97;19.87080277010392;57.235286807949045;;
2026-08-08 17:07:57;59.95;19.855326992385017;57.233470806511264;;
2026-08-08 17:08:27;59.99;19.890917105089873;57.23166591923223;;
2026-08-08 17:08:57;59.97;19.875412521773896;57.22987209591097;;
2026-08-08 17:09:27;59.93;19.842891243026116;57.22808928649255;;
2026-08-08 17:09:57;59.93;19.844398265876315;57.22631744106782;;
2026-08-08 17:10:27;59.91;19.828888702248275;57.224556509873274;;
2026-08-08 17:10:57;59.91;19.830376535485534;57.22280644329082;;
2026-08-08 17:11:27;59.91;19.831855244202906;57.22106719184764;;
2026-08-08 17:11:57;59.81;19.748414430669687;57.21933870621596;;
2026-08-08 17:12:27;59.72;19.67364525891302;57.21762093721286;;
2026-08-08 17:12:57;59.70;19.65817485130705;57.21591383580013;;
2026-08-08 17:13:27;59.66;19.625806309251725;57.21421735308403;;
2026-08-08 17:13:57;59.68;19.644127929099213;57.21253144031513;;
2026-08-08 17:14:27;59.61;19.586439681446187;57.2108560488881;;
2026-08-08 17:14:57;59.52;19.512015223247346;57.20919113034152;;
2026-08-08 17:15:27;59.38;19.39581597696286;57.207536636357744;;
2026-08-08 17:15:57;59.56;19.548472942589264;57.205892518762624;;
2026-08-08 17:16:27;59.41;19.4237266498697;57.204258729525385;;
2026-08-08 17:16:57;59.31;19.34129026689864;57.2026352207584;;
2026-08-08 17:17:27;59.15;19.209033100884902;57.20102194471704;;
2026-08-08 17:17:57;59.25;19.293808358716213;57.19941885379942;;
2026-08-08 17:18:27;59.36;19.387191360343774;57.19782590054628;;
2026-08-08 17:18:57;59.52;19.52291308760218;57.19624303764074;;
2026-08-08 17:19:27;59.72;19.693065713515928;57.19467021790814;;
2026-08-08 17:19:58;59.83;19.787640961737523;57.19310739431584;;
2026-08-08 17:20:28;59.86;19.814441385212717;57.19155451997303;;
2026-08-08 17:20:58;59.77;19.739365697904425;57.19001154813054;;
2026-08-08 17:21:28;59.86;19.81705538610253;57.18847843218066;;
2026-08-08 17:21:58;59.91;19.86087138688966;57.186955125656915;;
2026-08-08 17:22:28;59.95;19.896219576886644;57.18544158223391;;
2026-08-08 17:22:58;59.97;19.914545435863747;57.18393775572715;;
2026-08-08 17:23:28;60;19.941404485193175;57.182443600092796;;
2026-08-08 17:23:58;59.99;19.934140005383952;57.180959069427516;;
2026-08-08 17:24:28;60;19.943929588753832;57.179484117968286;;
2026-08-08 17:24:58;59.97;19.91959161313288;57.178018700092196;;
2026-08-08 17:25:28;59.95;19.90378492799325;57.17656277031626;;
2026-08-08 17:25:58;59.97;19.922066308818877;57.17511628329722;;
2026-08-08 17:26:28;59.93;19.889202201314113;57.17367919383136;;
2026-08-08 17:26:58;59.93;19.890418335510077;57.172251456854326;;
2026-08-08 17:27:28;59.95;19.90866802559894;57.170833027440914;;
2026-08-08 17:27:58;59.93;19.89282699676709;57.169423860804876;;
2026-08-08 17:28:28;59.90;19.86847282610814;57.168023912298764;;
2026-08-08 17:28:58;59.93;19.895204429563854;57.16663313741369;;
2026-08-08 17:29:28;59.97;19.930478809336115;57.16525149177918;;
2026-08-08 17:29:58;59.97;19.931649480393784;57.163878931162955;;
2026-08-08 17:30:28;59.95;19.915757954229626;57.16251541147074;;
2026-08-08 17:30:58;59.97;19.93396785525479;57.161160888746096;;
2026-08-08 17:31:28;59.99;19.95218065968382;57.15981531917018;;
2026-08-08 17:31:58;60;19.961857788825547;57.15847865906161;;
2026-08-08 17:32:28;59.99;19.95445480730669;57.15715086487623;;
2026-08-08 17:32:58;59.97;19.93851375815982;57.15583189320695;;
2026-08-08 17:33:28;59.95;19.922573293392986;57.15452170078354;;
2026-08-08 17:33:58;59.95;19.923683038834735;57.153220244472415;;
2026-08-08 17:34:28;59.97;19.941844835987876;57.15192748127648;;
2026-08-08 17:34:58;59.95;19.925880444066564;57.15064336833493;;
2026-08-08 17:35:28;59.93;19.909916814520177;57.14936786292303;;
2026-08-08 17:35:58;59.97;19.945109834938698;57.14810092245196;;
2026-08-08 17:36:29;59.97;19.946183650012223;57.14684250446859;;
2026-08-08 17:36:59;59.95;19.930187909825808;57.14559256665531;;
2026-08-08 17:37:29;59.99;19.96538189665747;57.14435106682984;;
2026-08-08 17:37:59;59.97;19.949362036657075;57.14311796294501;;
2026-08-08 17:38:29;59.95;19.933343196848703;57.14189321308859;;
2026-08-08 17:38:59;59.97;19.951445430247208;57.14067677548311;;
2026-08-08 17:39:29;59.95;19.935411384808734;57.13946860848561;;
2026-08-08 17:39:59;59.99;19.970575720095027;57.13826867058752;;
2026-08-08 17:40:29;59.99;19.97159346864141;57.13707692041442;;
2026-08-08 17:40:59;60;19.98114581006988;57.13589331672586;;
2026-08-08 17:41:29;60;19.982150015985336;57.13471781841518;;
2026-08-08 17:41:59;60;19.983147364279603;57.133550384509284;;
2026-08-08 17:42:29;60;19.984137889190833;57.132390974168466;;
2026-08-08 17:42:59;60;19.985121624852347;57.13123954668623;;
2026-08-08 17:43:29;60;19.986098605292508;57.130096061489084;;
2026-08-08 17:43:59;60;19.98706886443492;57.12896047813634;;
2026-08-08 17:44:29;60;19.98803243609843;57.12783275631992;;
2026-08-08 17:44:59;60;19.98898935399722;57.12671285586418;;
2026-08-08 17:45:29;60;19.989939651740926;57.1256007367257;;
2026-08-08 17:45:59;60;19.99088336283467;57.12449635899309;;
2026-08-08 17:46:29;60;19.991820520679113;57.12339968288682;;
2026-08-08 17:46:59;60;19.992751158570574;57.12231066875899;;
2026-08-08 17:47:29;60;19.993675309701135;57.12122927709315;;
2026-08-08 17:47:59;60;19.99459300715868;57.12015546850413;;
2026-08-08 17:48:29;60;19.99550428392698;57.11908920373781;;
2026-08-08 17:48:59;60;19.996409172885727;57.11803044367093;;
2026-08-08 17:49:29;60;19.99730770681076;57.11697914931094;;
2026-08-08 17:49:59;60;19.998199918373995;57.11593528179575;;
2026-08-08 17:50:29;60;19.99908584014356;57.114898802393554;;
2026-08-08 17:50:59;60;19.999965504583905;57.11386967250265;;
2026-08-08 17:51:29;60;20.000838944055904;57.11284785365124;;
2026-08-08 17:51:59;60;20.00170619081687;57.11183330749721;;
2026-08-08 17:52:29;60;20.002567277020653;57.11082599582798;;
2026-08-08 17:52:59;60;20.003422234717814;57.109825880560265;;
2026-08-08 17:53:30;60;20.004271095855618;57.10883292373991;;
2026-08-08 17:54:00;60;20.005113892278178;57.107847087541685;;
2026-08-08 17:54:30;60;20.005950655726483;57.10686833426909;;
2026-08-08 17:55:00;60;20.006781417838585;57.10589662635415;;
2026-08-08 17:55:30;60;20.007606210149586;57.10493192635725;;
2026-08-08 17:56:00;60;20.008425064091817;57.1039741969669;;
2026-08-08 17:56:30;60;20.00923801099489;57.10302340099957;;
2026-08-08 17:57:00;59.99;20.001495738996045;57.10207950139947;;
2026-08-08 17:57:30;59.99;20.00229674848809;57.101142461238396;;
2026-08-08 17:58:00;60;20.01164172122623;57.10021224371548;;
2026-08-08 17:58:30;59.99;20.00388136211659;57.099288812157035;;
2026-08-08 17:59:00;59.97;19.987571569470425;57.09837213001634;;
2026-08-08 17:59:30;59.99;20.005442974168247;57.09746216087345;;
2026-08-08 18:00:00;59.97;19.98912093343219;57.096558868435004;;
2026-08-08 18:00:30;59.99;20.006981829890446;57.09566221653402;;
2026-08-08 18:01:00;60;20.016293835020274;57.09477216912972;;
2026-08-08 18:01:30;60;20.017049412129612;57.093888690307296;;
2026-08-08 18:02:00;60;20.017799420073295;57.09301174427774;;
2026-08-08 18:02:30;60;20.018543888955808;57.09214129537766;;
2026-08-08 18:03:00;60;20.019282848780186;57.09127730806904;;
2026-08-08 18:03:30;60;20.020016329448104;57.090419746939105;;
2026-08-08 18:04:00;60;20.02074436076003;57.08956857670007;;
2026-08-08 18:04:30;60;20.021466972415258;57.088723762188955;;
2026-08-08 18:05:00;60;20.022184194012063;57.08788526836742;;
2026-08-08 18:05:30;60;20.02289605504777;57.087053060321544;;
2026-08-08 18:06:00;60;20.023602584918912;57.086227103261606;;
2026-08-08 18:06:30;60;20.024303812921282;57.085407362521934;;
2026-08-08 18:07:00;60;20.024999768250026;57.084593803560686;;
2026-08-08 18:07:30;60;20.02569047999987;57.08378639195964;;
2026-08-08 18:08:00;60;20.026375977165067;57.08298509342402;;
2026-08-08 18:08:30;60;20.02705628863961;57.08218987378229;;
2026-08-08 18:09:00;60;20.02773144321733;57.08140069898595;;
2026-08-08 18:09:30;60;20.028401469591937;57.080617535109354;;
2026-08-08 18:10:01;60;20.029066396357255;57.07984034834949;;
2026-08-08 18:10:31;60;20.029726252007173;57.07906910502581;;
2026-08-08 18:11:01;60;20.030381064935924;57.07830377158001;;
2026-08-08 18:11:31;60;20.031030863438087;57.07754431457583;;
2026-08-08 18:12:01;60;20.031675675708687;57.0767907006989;;
2026-08-08 18:12:31;60;20.032315529843448;57.07604289675647;;
2026-08-08 18:13:01;60;20.032950453838716;57.07530086967728;;
2026-08-08 18:13:31;60;20.033580475591698;57.07456458651132;;
2026-08-08 18:14:01;60;20.034205622900608;57.07383401442964;;
2026-08-08 18:14:31;60;20.034825923464613;57.07310912072418;;
2026-08-08 18:15:01;60;20.035441404884136;57.072389872807534;;
2026-08-08 18:15:31;60;20.036052094660892;57.07167623821275;;
2026-08-08 18:16:01;60;20.036658020197972;57.070968184593184;;
2026-08-08 18:16:31;60;20.03725920880003;57.07026567972223;;
2026-08-08 18:17:01;60;20.037855687673353;57.0695686914932;;
2026-08-08 18:17:31;60;20.038447483926024;57.068877187919036;;
2026-08-08 18:18:01;60;20.03903462456795;57.068191137132196;;
2026-08-08 18:18:31;60;20.039617136511144;57.067510507384384;;
2026-08-08 18:19:01;60;20.040195046569668;57.06683526704642;;
2026-08-08 18:19:31;60;20.040768381459852;57.066165384607984;;
2026-08-08 18:20:01;60;20.04133716780043;57.065500828677436;;
2026-08-08 18:20:31;60;20.04190143211262;57.06484156798164;;
2026-08-08 18:21:01;60;20.042461200820238;57.064187571365714;;
2026-08-08 18:21:31;60;20.04301650024987;57.06353880779289;;
2026-08-08 18:22:01;60;20.043567356630923;57.062895246344276;;
2026-08-08 18:22:31;60;20.044113796095864;57.06225685621865;;
2026-08-08 18:23:01;60;20.044655844680232;57.06162360673231;;
2026-08-08 18:23:31;60;20.04519352832281;57.06099546731882;;
2026-08-08 18:24:01;60;20.04572687286575;57.06037240752882;;
2026-08-08 18:24:31;60;20.046255904054718;57.05975439702986;;
2026-08-08 18:25:01;60;20.046780647538974;57.059141405606184;;
2026-08-08 18:25:31;60;20.047301128871563;57.058533403158485;;
2026-08-08 18:26:01;60;20.047817373509343;57.057930359703796;;
2026-08-08 18:26:32;60;20.04832940681327;57.05733224537519;;
2026-08-08 18:27:02;60;20.048837254048365;57.05673903042166;;
2026-08-08 18:27:32;60;20.04934094038392;57.05615068520788;;
2026-08-08 18:28:02;60;20.049840490893676;57.055567180214;;
2026-08-08 18:28:32;60;20.05033593055583;57.054988486035455;;
2026-08-08 18:29:02;60;20.050827284253288;57.05441457338279;;
2026-08-08 18:29:32;60;20.05131457677371;57.05384541308142;;
2026-08-08 18:30:02;60;20.05179783280971;57.053280976071434;;
2026-08-08 18:30:32;60;20.052277076958916;57.052721233407425;;
2026-08-08 18:31:02;60;20.052752333724204;57.05216615625825;;
2026-08-08 18:31:32;60;20.053223627513677;57.05161571590687;;
2026-08-08 18:32:02;60;20.053690982640997;57.05106988375011;;
2026-08-08 18:32:32;60;20.054154423325333;57.05052863129848;;
2026-08-08 18:33:02;60;20.054613973691602;57.04999193017596;;
2026-08-08 18:33:32;60;20.055069657770616;57.04945975211984;;
2026-08-08 18:34:02;60;20.055521499499115;57.048932068980434;;
2026-08-08 18:34:32;60;20.055969522720023;57.048408852720975;;
2026-08-08 18:35:02;60;20.056413751182525;57.04789007541734;;
2026-08-08 18:35:32;60;20.056854208542177;57.0473757092579;;
2026-08-08 18:36:02;60;20.05729091836111;57.04686572654328;;
2026-08-08 18:36:32;60;20.057723904108116;57.04636009968617;;
2026-08-08 18:37:02;60;20.05815318915882;57.045858801211146;;
2026-08-08 18:37:32;60;20.058578796795807;57.04536180375442;;
2026-08-08 18:38:02;60;20.059000750208725;57.044869080063684;;
2026-08-08 18:38:32;60;20.059419072494528;57.044380602997876;;
2026-08-08 18:39:02;60;20.059833786657443;57.04389634552701;;
2026-08-08 18:39:32;60;20.06024491560932;57.04341628073194;;
2026-08-08 18:40:02;60;20.060652482169612;57.042940381804165;;
2026-08-08 18:40:32;60;20.061056509065562;57.04246862204565;;
2026-08-08 18:41:02;60;20.0614570189324;57.042000974868586;;
2026-08-08 18:41:32;60;20.06185403431341;57.04153741379523;;
2026-08-08 18:42:02;60;20.06224757766009;57.04107791245767;;
2026-08-08 18:42:32;60;20.06263767133235;57.04062244459763;;
2026-08-08 18:43:02;60;20.063024337598563;57.04017098406627;;
2026-08-08 18:43:33;60;20.063407598635816;57.039723504823975;;
2026-08-08 18:44:03;60;20.063787476529953;57.03927998094017;;
2026-08-08 18:44:33;60;20.064163993275773;57.038840386593094;;
2026-08-08 18:45:03;60;20.06453717077717;57.03840469606962;;
2026-08-08 18:45:33;60;20.064907030847305;57.03797288376502;;
2026-08-08 18:46:03;60;20.065273595208673;57.0375449241828;;
2026-08-08 18:46:33;60;20.06563688549331;57.03712079193446;;
2026-08-08 18:47:03;60;20.06599692324297;57.03670046173932;;
2026-08-08 18:47:33;60;20.066353729909185;57.036283908424295;;
2026-08-08 18:48:03;60;20.06670732685346;57.0358711069237;;
2026-08-08 18:48:33;60;20.06705773534745;57.03546203227905;;
2026-08-08 18:49:03;60;20.067404976573048;57.03505665963883;;
2026-08-08 18:49:33;60;20.06774907162258;57.03465496425834;;
2026-08-08 18:50:03;60;20.06809004149891;57.03425692149944;;
2026-08-08 18:50:33;60;20.068427907115645;57.033862506830374;;
2026-08-08 18:51:03;60;20.068762689297255;57.03347169582556;;
2026-08-08 18:51:33;60;20.06909440877918;57.03308446416539;;
2026-08-08 18:52:03;60;20.069423086208104;57.032700787635996;;
2026-08-08 18:52:33;60;20.06974874214195;57.032320642129086;;
2026-08-08 18:53:03;60;20.07007139705012;57.031944003641726;;
2026-08-08 18:53:33;60;20.0703910713137;57.03157084827611;;
2026-08-08 18:54:03;60;20.070707785225466;57.03120115223939;;
2026-08-08 18:54:33;60;20.07102155899013;57.030834891843455;;
2026-08-08 18:55:03;60;20.0713324127245;57.03047204350472;;
2026-08-08 18:55:33;60;20.07164036645763;57.03011258374392;;
2026-08-08 18:56:03;60;20.071945440130904;57.02975648918593;;
2026-08-08 18:56:33;60;20.072247653598282;57.02940373655952;;
2026-08-08 18:57:03;60;20.072547026626378;57.02905430269718;;
2026-08-08 18:57:33;60;20.072843578894673;57.0287081645349;;
2026-08-08 18:58:03;60;20.07313732999563;57.02836529911197;;
2026-08-08 18:58:33;60;20.07342829943489;57.02802568357076;;
2026-08-08 18:59:03;60;20.073716506631378;57.02768929515655;;
2026-08-08 18:59:33;60;20.07400197091748;57.02735611121726;;
2026-08-08 19:00:04;60;20.074284711539224;57.02702610920332;;
2026-08-08 19:00:34;60;20.07456474765639;57.02669926666741;;
2026-08-08 19:01:04;60;20.074842098342696;57.02637556126426;;
2026-08-08 19:01:34;60;20.075116782585944;57.026054970750465;;
2026-08-08 19:02:04;60;20.07538881928822;57.025737472984254;;
2026-08-08 19:02:34;60;20.07565822726597;57.02542304592531;;
2026-08-08 19:03:04;60;20.075925025250232;57.025111667634526;;
2026-08-08 19:03:34;60;20.076189231886715;57.02480331627384;;
2026-08-08 19:04:04;60;20.076450865736074;57.024497970106;;
2026-08-08 19:04:34;60;20.07670994527395;57.02419560749435;;
2026-08-08 19:05:04;60;20.076966488891234;57.023896206902656;;
2026-08-08 19:05:34;60;20.077220514894112;57.02359974689486;;
2026-08-08 19:06:04;60;20.077472041504336;57.023306206134905;;
2026-08-08 19:06:34;60;20.077721086859306;57.02301556338651;;
2026-08-08 19:07:04;60;20.077967669012267;57.02272779751295;;
2026-08-08 19:07:34;60;20.078211805932472;57.022442887476885;;
2026-08-08 19:08:04;60;20.07845351550534;57.02216081234011;;
2026-08-08 19:08:34;60;20.078692815532555;57.021881551263384;;
2026-08-08 19:09:04;60;20.078929723732355;57.021605083506195;;
2026-08-08 19:09:34;60;20.07916425773958;57.02133138842655;;
2026-08-08 19:10:04;60;20.07939643510591;57.021060445480806;;
2026-08-08 19:10:34;60;20.07962627329996;57.02079223422339;;
2026-08-08 19:11:04;60;20.07985378970749;57.02052673430668;;
2026-08-08 19:11:34;60;20.08007900163154;57.020263925480705;;
2026-08-08 19:12:04;60;20.08030192629264;57.02000378759301;;
2026-08-08 19:12:34;60;20.080522580828944;57.0197463005884;;
2026-08-08 19:13:04;60;20.080740982296337;57.01949144450876;;
2026-08-08 19:13:34;60;20.08095714766872;57.01923919949282;;
2026-08-08 19:14:04;60;20.081171093838094;57.01898954577596;;
2026-08-08 19:14:34;60;20.081382837614676;57.01874246369001;;
2026-08-08 19:15:04;60;20.08159239572725;57.018497933663014;;
2026-08-08 19:15:34;60;20.08179978482308;57.01825593621904;;
2026-08-08 19:16:04;60;20.082005021468312;57.01801645197798;;
2026-08-08 19:16:35;60;20.082208122147968;57.017779461655294;;
2026-08-08 19:17:05;60;20.082409103266222;57.01754494606187;;
2026-08-08 19:17:35;60;20.082607981146477;57.01731288610373;;
2026-08-08 19:18:05;60;20.082804772031633;57.01708326278191;;
2026-08-08 19:18:35;60;20.08299949208416;57.01685605719217;;
2026-08-08 19:19:05;60;20.08319215738631;57.01663125052484;;
2026-08-08 19:19:35;60;20.08338278394029;57.016408824064555;;
2026-08-08 19:20:05;60;20.083571387668425;57.016188759190115;;
2026-08-08 19:20:35;60;20.083757984413303;57.01597103737421;;
2026-08-08 19:21:05;60;20.083942589937973;57.01575564018324;;
2026-08-08 19:21:35;60;20.08412521992608;57.015542549277086;;
2026-08-08 19:22:05;60;20.0843058899821;57.015331746408926;;
2026-08-08 19:22:35;60;20.084484615631435;57.01512321342501;;
2026-08-08 19:23:05;60;20.08466141232059;57.01491693226443;;
2026-08-08 19:23:35;60;20.084836295417425;57.014712884958925;;
2026-08-08 19:24:05;60;20.085009280211196;57.01451105363268;;
2026-08-08 19:24:35;60;20.085180381912863;57.0143114205021;;
2026-08-08 19:25:05;60;20.08534961565513;57.014113967875595;;
2026-08-08 19:25:35;60;20.085516996492718;57.013918678153374;;
2026-08-08 19:26:05;60;20.085682539402484;57.013725533827234;;
2026-08-08 19:26:35;60;20.085846259283592;57.013534517480345;;
2026-08-08 19:27:05;60;20.08600817095772;57.01334561178703;;
2026-08-08 19:27:35;60;20.0861682891692;57.01315879951258;;
2026-08-08 19:28:05;60;20.086326628585176;57.012974063513;;
2026-08-08 19:28:35;60;20.086483203795826;57.012791386734825;;
2026-08-08 19:29:05;60;20.08663802931451;57.012610752214904;;
2026-08-08 19:29:35;60;20.086791119577914;57.012432143080176;;
2026-08-08 19:30:05;60;20.08694248894626;57.012255542547464;;
2026-08-08 19:30:35;60;20.08709215170348;57.012080933923265;;
2026-08-08 19:31:05;60;20.08724012205735;57.01190830060353;;
2026-08-08 19:31:35;60;20.087386414139726;57.01173762607344;;
2026-08-08 19:32:05;60;20.087531042006663;57.011568893907224;;
2026-08-08 19:32:35;60;20.08767401963861;57.01140208776792;;
2026-08-08 19:33:06;60;20.08781536094058;57.01123719140715;;
2026-08-08 19:33:36;60;20.087955079742347;57.011074188664935;;
2026-08-08 19:34:06;60;20.08809318979858;57.01091306346948;;
2026-08-08 19:34:36;60;20.08822970478905;57.01075379983693;;
2026-08-08 19:35:06;60;20.08836463831881;57.01059638187116;;
2026-08-08 19:35:36;60;20.088498003918332;57.010440793763614;;
2026-08-08 19:36:06;60;20.088629815043717;57.01028701979302;;
2026-08-08 19:36:36;60;20.08876008507687;57.010135044325196;;
2026-08-08 19:37:06;60;20.08888882732565;57.00998485181287;;
2026-08-08 19:37:36;60;20.08901605502408;57.00983642679542;;
2026-08-08 19:38:06;60;20.08914178133252;57.00968975389867;;
2026-08-08 19:38:36;60;20.089266019337796;57.00954481783471;;
2026-08-08 19:39:06;60;20.089388782053412;57.009401603401614;;
2026-08-08 19:39:36;60;20.0895100824198;57.0092600954833;;
2026-08-08 19:40:06;60;20.08962993330434;57.009120279049235;;
2026-08-08 19:40:36;60;20.08974834750168;57.00898213915429;;
2026-08-08 19:41:06;60;20.089865337733805;57.00884566093848;;
2026-08-08 19:41:36;60;20.089980916650344;57.008710829626764;;
2026-08-08 19:42:06;60;20.0900950968286;57.00857763052883;;
2026-08-08 19:42:36;60;20.09020789077384;57.00844604903886;;
2026-08-08 19:43:06;60;20.090319310919437;57.00831607063534;;
2026-08-08 19:43:36;60;20.090429369627053;57.00818768088082;;
2026-08-08 19:44:06;60;20.090538079186757;57.008060865421726;;
2026-08-08 19:44:36;60;20.090645451817355;57.0079356099881;;
2026-08-08 19:45:06;60;20.09075149966641;57.00781190039341;;
2026-08-08 19:45:36;60;20.090856234810502;57.00768972253436;;
2026-08-08 19:46:06;60;20.090959669255383;57.007569062390594;;
2026-08-08 19:46:36;60;20.091061814936214;57.007449906024554;;
2026-08-08 19:47:06;60.02;20.108312214843252;57.00733223958124;;
2026-08-08 19:47:36;60;20.091262287394112;57.00721604928796;;
2026-08-08 19:48:06;60.02;20.10851027587237;57.007101321454165;;
2026-08-08 19:48:36;60;20.091457746259426;57.006988042471185;;
2026-08-08 19:49:06;60;20.091553624687325;57.00687619881204;;
2026-08-08 19:49:36;60;20.091648284488734;57.0067657770312;;
2026-08-08 19:50:07;60;20.09174173710943;57.00665676376438;;
2026-08-08 19:50:37;60;20.091833993925963;57.00654914572832;;
2026-08-08 19:51:07;60;20.0919250662459;57.00644290972057;;
2026-08-08 19:51:37;60.02;20.109164957359383;57.00633804261925;;
2026-08-08 19:52:07;60;20.09210370228234;57.00623453138285;;
2026-08-08 19:52:37;60;20.09219128827064;57.006132363050014;;
2026-08-08 19:53:07;60;20.09227773430627;57.006031524739306;;
2026-08-08 19:53:37;60;20.09236305135452;57.00593200364899;;
2026-08-08 19:54:07;60;20.09244725031283;57.005833787056815;;
2026-08-08 19:54:37;60;20.09253034201085;57.005736862319814;;
2026-08-08 19:55:07;60;20.09261233721075;57.005641216874054;;
2026-08-08 19:55:37;60;20.092693246607336;57.005546838234416;;
2026-08-08 19:56:07;60;20.092773080828213;57.00545371399441;;
2026-08-08 19:56:37;60;20.092851850434087;57.00536183182591;;
2026-08-08 19:57:07;60;20.092929565918787;57.00527117947896;;
2026-08-08 19:57:37;60;20.093006237709567;57.005181744781545;;
2026-08-08 19:58:07;60;20.093081876167243;57.00509351563938;;
2026-08-08 19:58:37;60;20.093156491586413;57.00500648003566;;
2026-08-08 19:59:07;60;20.093230094195626;57.00492062603088;;
2026-08-08 19:59:37;60.02;20.110453382618246;57.00483594176257;;
2026-08-08 20:00:07;60;20.09337430156906;57.00475241544512;;
2026-08-08 20:00:37;60.02;20.110595691841425;57.0046700353695;;
2026-08-08 20:01:07;60;20.093514578801805;57.00458878990311;;
2026-08-08 20:01:37;60;20.093583268490217;57.004508667489475;;
2026-08-08 20:02:07;60;20.093651005363167;57.0044296566481;;
2026-08-08 20:02:37;60.04;20.128028898880757;57.0043517459742;;
2026-08-08 20:03:07;60;20.093783659683474;57.004274924138485;;
2026-08-08 20:03:37;60.02;20.110999580162648;57.00419917988695;;
2026-08-08 20:04:07;60;20.09391261916014;57.004124502040646;;
2026-08-08 20:04:37;60;20.093975737237805;57.004050879495445;;
2026-08-08 20:05:07;60;20.094037960163586;57.00397830122183;;
2026-08-08 20:05:37;60.02;20.111250416583914;57.003906756264676;;
2026-08-08 20:06:07;60;20.094159758043293;57.00383623374301;;
2026-08-08 20:06:38;60;20.094219351580758;57.00376672284979;;
2026-08-08 20:07:08;60.02;20.111429303081305;57.0036982128517;;
2026-08-08 20:07:38;60;20.094335973836703;57.0036306930889;;
2026-08-08 20:08:08;60;20.09439302076094;57.003564152974825;;
2026-08-08 20:08:38;60;20.094449236915622;57.00349858199593;;
2026-08-08 20:09:08;60;20.09450463124752;57.0034339697115;;
2026-08-08 20:09:38;60;20.09455921264132;57.0033703057534;;
2026-08-08 20:10:08;60;20.09461298991975;57.003307579825865;;
2026-08-08 20:10:38;60;20.094665971843874;57.00324578170525;;
2026-08-08 20:11:08;60;20.09471816711318;57.00318490123986;;
2026-08-08 20:11:38;60;20.094769584365796;57.00312492834965;;
2026-08-08 20:12:08;60;20.09482023217874;57.00306585302605;;
2026-08-08 20:12:38;60;20.09487011906805;57.00300766533172;;
2026-08-08 20:13:08;60;20.094919253489003;57.00295035540035;;
2026-08-08 20:13:38;60;20.094967643836274;57.002893913436374;;
2026-08-08 20:14:08;60;20.095015298444178;57.00283832971482;;
2026-08-08 20:14:38;60;20.09506222558681;57.00278359458102;;
2026-08-08 20:15:08;60;20.09510843347828;57.002729698450416;;
2026-08-08 20:15:38;60;20.095153930272872;57.00267663180833;;
2026-08-08 20:16:08;60;20.095198724065256;57.00262438520972;;
2026-08-08 20:16:38;60;20.095242822890725;57.00257294927898;;
2026-08-08 20:17:08;60;20.095286234725258;57.00252231470968;;
2026-08-08 20:17:38;60;20.09532896748586;57.00247247226436;;
2026-08-08 20:18:08;60;20.09537102903066;57.0024234127743;;
2026-08-08 20:18:38;60;20.095412427159136;57.00237512713928;;
2026-08-08 20:19:08;60;20.095453169612345;57.00232760632737;;
2026-08-08 20:19:38;60;20.095493264073017;57.00228084137469;;
2026-08-08 20:20:08;60;20.095532718165863;57.00223482338518;;
2026-08-08 20:20:38;60;20.095571539457705;57.002189543530356;;
2026-08-08 20:21:08;60;20.095609735457685;57.00214499304913;;
2026-08-08 20:21:38;60;20.095647313617466;57.00210116324752;;
2026-08-08 20:22:08;60;20.09568428133139;57.00205804549846;;
2026-08-08 20:22:38;60.02;20.112872641995683;57.00201563124157;;
2026-08-08 20:23:09;60;20.095756414713883;57.001973911982894;;
2026-08-08 20:23:39;60.02;20.11294362931293;57.00193287929471;;
2026-08-08 20:24:09;60;20.09582619362171;57.00189252481527;;
2026-08-08 20:24:39;60;20.0958602180304;57.00185284024857;;
2026-08-08 20:25:09;60;20.09589367516731;57.00181381736415;;
2026-08-08 20:25:39;60.02;20.113078679449956;57.001775447996835;;
2026-08-08 20:26:09;60;20.095958915565202;57.0017377240465;;
2026-08-08 20:26:39;60;20.09599071265688;57.00170063747785;;
2026-08-08 20:27:09;60.02;20.11317412914606;57.00166418032022;;
2026-08-08 20:27:39;60;20.09605269478704;57.00162834466726;;
2026-08-08 20:28:09;60;20.096082893324784;57.001593122676795;;
2026-08-08 20:28:39;60;20.096112572419166;57.001558506570525;;
2026-08-08 20:29:09;60;20.096141738683023;57.00152448863384;;
2026-08-08 20:29:39;60;20.096170398674975;57.001491061215546;;
2026-08-08 20:30:09;60;20.096198558899424;57.00145821672766;;
2026-08-08 20:30:39;60;20.09622622580682;57.00142594764519;;
2026-08-08 20:31:09;60.02;20.113405689955634;57.00139424650584;;
2026-08-08 20:31:39;60;20.096280105203885;57.00136310590985;;
2026-08-08 20:32:09;60;20.09630633032656;57.00133251851973;;
2026-08-08 20:32:39;60;20.09633208739867;57.001302477059994;;
2026-08-08 20:33:09;60;20.09635738260393;57.001272974317;;
2026-08-08 20:33:39;60.02;20.11353457589522;57.00124400313862;;
2026-08-08 20:34:09;60;20.09640661188541;57.001215556434126;;
2026-08-08 20:34:39;60;20.096430558066174;57.001187627173834;;
2026-08-08 20:35:09;60;20.096454066589633;57.00116020838894;;
2026-08-08 20:35:39;60;20.096477143377786;57.00113329317127;;
2026-08-08 20:36:09;60;20.096499794300936;57.001106874673034;;
2026-08-08 20:36:39;60;20.09652202517779;57.001080946106605;;
2026-08-08 20:37:09;60;20.096543841775745;57.00105550074427;;
2026-08-08 20:37:39;60;20.09656524981108;57.001030531918005;;
2026-08-08 20:38:09;60;20.096586254949052;57.00100603301923;;
2026-08-08 20:38:39;60;20.09660686280426;57.00098199749858;;
2026-08-08 20:39:09;60;20.096627078940777;57.00095841886564;;
2026-08-08 20:39:39;60;20.096646908872273;57.000935290688766;;
2026-08-08 20:40:10;60;20.096666358062354;57.000912606594795;;
2026-08-08 20:40:40;60;20.096685431924662;57.00089036026882;;
2026-08-08 20:41:10;60;20.096704135823142;57.00086854545397;;
2026-08-08 20:41:40;60;20.096722475072237;57.00084715595114;;
2026-08-08 20:42:10;60;20.096740454937013;57.00082618561879;;
2026-08-08 20:42:40;60;20.096758080633442;57.00080562837269;;
2026-08-08 20:43:10;60;20.096775357328685;57.000785478185655;;
2026-08-08 20:43:40;60;20.096792290141067;57.000765729087355;;
2026-08-08 20:44:10;60;20.096808884140472;57.000746375164034;;
2026-08-08 20:44:40;60;20.0968251443485;57.0007274105583;;
2026-08-08 20:45:10;60;20.096841075738652;57.00070882946885;;
2026-08-08 20:45:40;60;20.09685668323657;57.00069062615027;;
2026-08-08 20:46:10;60;20.096871971720148;57.00067279491279;;
2026-08-08 20:46:40;60;20.096886946019882;57.000655330121994;;
2026-08-08 20:47:10;60;20.096901610918987;57.00063822619863;;
2026-08-08 20:47:40;60;20.096915971153592;57.00062147761836;;
2026-08-08 20:48:10;60;20.09693003141299;57.00060507891151;;
2026-08-08 20:48:40;60;20.09694379633981;57.00058902466282;;
2026-08-08 20:49:10;60;20.09695727053029;57.00057330951123;;
2026-08-08 20:49:40;60;20.09697045853436;57.0005579281496;;
2026-08-08 20:50:10;60;20.096983364856033;57.000542875324484;;
2026-08-08 20:50:40;60;20.09699599395339;57.00052814583592;;
2026-08-08 20:51:10;60;20.09700835023896;57.00051373453714;;
2026-08-08 20:51:40;60;20.097020438079888;57.000499636334325;;
2026-08-08 20:52:10;60;20.09703226179808;57.000485846186415;;
2026-08-08 20:52:40;60;20.097043825670497;57.000472359104805;;
2026-08-08 20:53:10;60;20.097055133929295;57.000459170153135;;
2026-08-08 20:53:40;60;20.097066190762092;57.00044627444704;;
2026-08-08 20:54:10;60;20.09707700031215;57.00043366715389;;
2026-08-08 20:54:40;60;20.09708756667855;57.00042134349257;;
2026-08-08 20:55:10;60;20.09709789391647;57.0004092987332;;
2026-08-08 20:55:40;60;20.097107986037358;57.00039752819695;;
2026-08-08 20:56:10;60;20.097117847009137;57.00038602725571;;
2026-08-08 20:56:41;60;20.097127480756434;57.00037479133191;;
2026-08-08 20:57:11;60;20.097136891160766;57.000363815898254;;
2026-08-08 20:57:41;60;20.09714608206077;57.00035309647747;;
2026-08-08 20:58:11;60;20.097155057252472;57.000342628642045;;
2026-08-08 20:58:41;60;20.09716382048933;57.000332408014025;;
2026-08-08 20:59:11;60;20.09717237548266;57.00032243026472;;
2026-08-08 20:59:41;60;20.097180725901676;57.000312691114466;;
2026-08-08 21:00:11;60;20.09718887537381;57.00030318633241;;
2026-08-08 21:00:41;60;20.097196827484826;57.00029391173622;;
2026-08-08 21:01:11;60;20.097204585779192;57.00028486319185;;
2026-08-08 21:01:41;60;20.09721215376013;57.0002760366133;;
2026-08-08 21:02:11;60;20.097219534889877;57.000267427962356;;
2026-08-08 21:02:41;60;20.097226732589963;57.000259033248334;;
2026-08-08 21:03:11;60;20.097233750241347;57.000250848527855;;
2026-08-08 21:03:41;60;20.09724059118468;57.00024286990456;;
2026-08-08 21:04:11;60;20.097247258720504;57.0002350935289;;
2026-08-08 21:04:41;60;20.097253756109456;57.000227515597835;;
2026-08-08 21:05:11;60;20.0972600865725;57.00022013235462;;
2026-08-08 21:05:41;60;20.09726625329114;57.000212940088545;;
2026-08-08 21:06:11;60;20.097272259407646;57.00020593513467;;
2026-08-08 21:06:41;60;20.097278108025222;57.000199113873606;;
2026-08-08 21:07:11;60;20.09728380220828;57.00019247273119;;
2026-08-08 21:07:41;60;20.097289344982652;57.00018600817833;;
2026-08-08 21:08:11;60;20.097294739335776;57.00017971673066;;
2026-08-08 21:08:41;60;20.097299988216932;57.00017359494836;;
2026-08-08 21:09:11;60;20.097305094537415;57.00016763943584;;
2026-08-08 21:09:41;60;20.09731006117089;57.000161846841515;;
2026-08-08 21:10:11;60;20.09731489095345;57.00015621385756;;
2026-08-08 21:10:41;60;20.09731958668388;57.00015073721964;;
2026-08-08 21:11:11;60;20.09732415112398;57.00014541370665;;
2026-08-08 21:11:41;60;20.097328586998607;57.00014024014045;;
2026-08-08 21:12:11;60;20.09733289699608;57.00013521338567;;
2026-08-08 21:12:41;60;20.09733708376824;57.000130330349336;;
2026-08-08 21:13:12;60;20.097341149930774;57.00012558798073;;
2026-08-08 21:13:42;60;20.09734509806341;57.00012098327109;;
2026-08-08 21:14:12;60;20.09734893071012;57.000116513253296;;
2026-08-08 21:14:42;60;20.09735265037936;57.00011217500171;;
2026-08-08 21:15:12;60;20.09735625954428;57.00010796563184;;
2026-08-08 21:15:42;60;20.097359760642938;57.000103882300124;;
2026-08-08 21:16:12;60;20.097363156078575;57.00009992220363;;
2026-08-08 21:16:42;60;20.097366448219766;57.00009608257985;;
2026-08-08 21:17:12;60;20.09736963940071;57.00009236070638;;
2026-08-08 21:17:42;60;20.097372731921393;57.00008875390071;;
2026-08-08 21:18:12;60;20.097375728047833;57.000085259519935;;
2026-08-08 21:18:42;60;20.097378630012344;57.00008187496047;;
2026-08-08 21:19:12;60;20.097381440013727;57.00007859765786;;
2026-08-08 21:19:42;60;20.097384160217477;57.000075425086436;;
2026-08-08 21:20:12;60;20.097386792756037;57.000072354759105;;
2026-08-08 21:20:42;60;20.097389339729045;57.00006938422707;;
2026-08-08 21:21:12;60;20.097391803203458;57.00006651107955;;
2026-08-08 21:21:42;60;20.097394185213957;57.000063732943545;;
2026-08-08 21:22:12;60;20.097396487762985;57.00006104748354;;
2026-08-08 21:22:42;60;20.097398712821114;57.00005845240127;;
2026-08-08 21:23:12;60;20.097400862327166;57.000055945435435;;
2026-08-08 21:23:42;60;20.097402938188587;57.00005352436142;;
2026-08-08 21:24:12;60;20.09740494228147;57.00005118699107;;
2026-08-08 21:24:42;60;20.09740687645098;57.00004893117239;;
2026-08-08 21:25:12;60;20.097408742511472;57.00004675478926;;
2026-08-08 21:25:42;60;20.09741054224677;57.000044655761215;;
2026-08-08 21:26:12;60;20.097412277410367;57.000042632043154;;
2026-08-08 21:26:42;60;20.09741394972567;57.00004068162505;;
2026-08-08 21:27:12;60;20.097415560886212;57.000038802531705;;
2026-08-08 21:27:42;60;20.097417112555952;57.000036992822466;;
2026-08-08 21:28:12;60;20.097418606369402;57.000035250590976;;
2026-08-08 21:28:42;60;20.097420043931958;57.00003357396486;;
2026-08-08 21:29:12;60;20.097421426820066;57.000031961105506;;
2026-08-08 21:29:42;60;20.097422756581523;57.000030410207735;;
2026-08-08 21:30:13;60;20.097424034735592;57.00002891949958;;
2026-08-08 21:30:43;60;20.097425262773402;57.00002748724197;;
2026-08-08 21:31:13;60;20.09742644215805;57.00002611172849;;
2026-08-08 21:31:43;60;20.097427574324865;57.000024791285085;;
2026-08-08 21:32:13;60;20.097428660681715;57.000023524269785;;
2026-08-08 21:32:43;60;20.097429702609162;57.000022309072435;;
2026-08-08 21:33:13;60;20.097430701460723;57.00002114411441;;
2026-08-08 21:33:43;60;20.09743165856312;57.000020027848365;;
2026-08-08 21:34:13;60;20.097432575216526;57.000018958757906;;
2026-08-08 21:34:43;60;20.09743345269477;57.000017935357356;;
2026-08-08 21:35:13;60;20.097434292245623;57.00001695619146;;
2026-08-08 21:35:43;60;20.09743509509098;57.0000160198351;;
2026-08-08 21:36:13;60;20.09743586242716;57.000015124893025;;
2026-08-08 21:36:43;60;20.097436595425105;57.00001426999956;;
2026-08-08 21:37:13;60;20.09743729523064;57.000013453818326;;
2026-08-08 21:37:43;60;20.097437962964722;57.000012675041965;;
2026-08-08 21:38:13;60;20.097438599723638;57.00001193239184;;
2026-08-08 21:38:43;60;20.09743920657934;57.00001122461777;;
2026-08-08 21:39:13;60;20.097439784579603;57.00001055049775;;
2026-08-08 21:39:43;60;20.097440334748295;57.00000990883761;;
2026-08-08 21:40:13;60;20.097440858085626;57.00000929847082;;
2026-08-08 21:40:43;60;20.097441355568417;57.00000871825812;;
2026-08-08 21:41:13;60;20.097441828150288;57.00000816708728;;
2026-08-08 21:41:43;60;20.097442276762;57.00000764387279;;
2026-08-08 21:42:13;60;20.09744270231159;57.00000714755559;;
2026-08-08 21:42:43;60;20.097443105684675;57.00000667710277;;
2026-08-08 21:43:13;60;20.09744348774478;57.000006231507236;;
2026-08-08 21:43:43;60;20.09744384933341;57.00000580978752;;
2026-08-08 21:44:13;60;20.09744419127046;57.000005410987384;;
2026-08-08 21:44:43;60;20.09744451435439;57.00000503417558;;
2026-08-08 21:45:13;60;20.097444819362508;57.000004678445556;;
2026-08-08 21:45:43;60;20.097445107051186;57.00000434291514;;
2026-08-08 21:46:13;60;20.09744537815617;57.000004026726245;;
2026-08-08 21:46:44;60;20.097445633392763;57.0000037290446;;
2026-08-08 21:47:14;60;20.097445873456145;57.00000344905942;;
2026-08-08 21:47:44;60;20.09744609902162;57.00000318598312;;
2026-08-08 21:48:14;60;20.097446310744814;57.000002939051015;;
2026-08-08 21:48:44;60;20.09744650926204;57.00000270752102;;
2026-08-08 21:49:14;60;20.097446695190392;57.00000249067336;;
2026-08-08 21:49:44;60;20.09744686912822;57.00000228781023;;
2026-08-08 21:50:14;60;20.097447031655193;57.000002098255536;;
2026-08-08 21:50:44;60;20.097447183332687;57.00000192135456;;
2026-08-08 21:51:14;60;20.097447324703985;57.000001756473665;;
2026-08-08 21:51:44;60;20.097447456294564;57.00000160299998;;
2026-08-08 21:52:14;60;20.097447578612364;57.00000146034112;;
2026-08-08 21:52:44;60;20.097447692148044;57.00000132792482;;
2026-08-08 21:53:14;60;20.097447797375228;57.00000120519869;;
2026-08-08 21:53:44;60;20.09744789475081;57.00000109162986;;
2026-08-08 21:54:14;60;20.09744798471521;57.00000098670468;;
2026-08-08 21:54:44;60;20.09744806769263;57.00000088992839;;
2026-08-08 21:55:14;60;20.097448144091313;57.000000800824836;;
2026-08-08 21:55:44;60;20.09744821430389;57.00000071893614;;
2026-08-08 21:56:14;60;20.097448278707542;57.00000064382236;;
2026-08-08 21:56:44;60;20.097448337664385;57.00000057506119;;
2026-08-08 21:57:14;60;20.097448391521638;57.00000051224766;;
2026-08-08 21:57:44;60;20.097448440611974;57.000000454993746;;
2026-08-08 21:58:14;60;20.0974484852538;57.00000040292812;;
2026-08-08 21:58:44;60;20.097448525751496;57.000000355695796;;
2026-08-08 21:59:14;60;20.097448562395705;57.00000031295777;;
2026-08-08 21:59:44;60;20.097448595463636;57.00000027439075;;
2026-08-08 22:00:14;60;20.097448625219343;57.00000023968678;;
2026-08-08 22:00:44;60;20.09744865191396;57.00000020855292;;
2026-08-08 22:01:14;60;20.097448675786115;57.00000018071091;;
2026-08-08 22:01:44;60;20.097448697062045;57.000000155896856;;
2026-08-08 22:02:14;60;20.09744871595604;57.00000013386086;;
2026-08-08 22:02:44;60;20.097448732670635;57.00000011436667;;
2026-08-08 22:03:15;60;20.097448747396964;57.0000000971914;;
2026-08-08 22:03:45;60;20.097448760315014;57.00000008212512;;
2026-08-08 22:04:15;60;20.097448771593964;57.00000006897053;;
2026-08-08 22:04:45;60;20.09744878139243;57.00000005754261;;
2026-08-08 22:05:15;60;20.097448789858824;57.00000004766828;;
2026-08-08 22:05:45;60;20.09744879713162;57.00000003918604;;
2026-08-08 22:06:15;60;20.097448803339677;57.0000000319456;;
2026-08-08 22:06:45;60;20.09744880860256;57.00000002580752;;
2026-08-08 22:07:15;60;20.097448813030795;57.00000002064287;;
2026-08-08 22:07:45;60;20.09744881672629;57.000000016332834;;
2026-08-08 22:08:15;60;20.097448819782542;57.000000012768346;;
2026-08-08 22:08:45;60;20.097448822284985;57.00000000984976;;
2026-08-08 22:09:15;60;20.097448824311364;57.000000007486385;;
2026-08-08 22:09:45;60;20.097448825932037;57.0000000055962;;
2026-08-08 22:10:15;60;20.09744882721026;57.0000000041054;;
2026-08-08 22:10:45;60;20.097448828202626;57.00000000294803;;
2026-08-08 22:11:15;60;20.09744882895924;57.0000000020656;;
2026-08-08 22:11:45;60;20.097448829524218;57.000000001406654;;
2026-08-08 22:12:15;60;20.09744882993599;57.000000000926406;;
2026-08-08 22:12:45;60.02;20.114601760834656;57.0000000005863;;
2026-08-08 22:13:15;60.06;20.148935447514976;57.00000000035357;;
2026-08-08 22:13:45;60.09;20.174710068879754;57.000000000200885;;
2026-08-08 22:14:15;60.08;20.166116208307344;57.00000000010583;;
2026-08-08 22:14:45;60.02;20.114601761294306;57.00000000005049;;
2026-08-08 22:15:15;60.06;20.14893544780055;57.000000000021046;;
2026-08-08 22:15:45;60.08;20.166116208392076;57.00000000000721;;
2026-08-08 22:16:15;60.04;20.13176396624788;57.00000000000181;;
2026-08-08 22:16:45;60.09;20.17471006905219;57.000000000000256;;
2026-08-08 22:17:15;60.08;20.16611620839827;57.00000000000001;;
2026-08-08 22:17:45;60.11;20.19190475256019;57;60.11;
2026-08-08 22:18:15;60.13;20.209108720961954;57;;
2026-08-08 22:18:45;60.34;20.390311556878654;57;;
2026-08-08 22:19:15;60.27;20.329796674543342;57;;
2026-08-08 22:19:46;60.27;20.329796674543342;57;;
2026-08-08 22:20:16;60.22;20.286641542446894;57;;
2026-08-08 22:20:46;60.08;20.16611620839828;57;;
2026-08-08 22:21:16;60.08;20.16611620839828;57;;
2026-08-08 22:21:46;60.02;20.114601761337635;57;;
2026-08-08 22:22:16;60.04;20.131763966249437;57;;
2026-08-08 22:22:46;60.13;20.209108720961954;57;;
2026-08-08 22:23:16;60.11;20.19190475256019;57;;
2026-08-08 22:23:46;60.13;20.209108720961954;57;;
2026-08-08 22:24:16;60.09;20.174710069052402;57;;
2026-08-08 22:24:46;60.02;20.114601761337635;57;;
2026-08-08 22:25:16;60;20.097448830730304;57;;
2026-08-08 22:25:46;60;20.097448830730304;57;;
2026-08-08 22:26:16;60.02;20.114601761337635;57;;
2026-08-08 22:26:46;60.02;20.114601761337635;57;;
2026-08-08 22:27:16;60.02;20.114601761337635;57;;
2026-08-08 22:27:46;60;20.097448830730304;57;;
2026-08-08 22:28:16;60;20.097448830730304;57;;
2026-08-08 22:28:46;60;20.097448830730304;57;;
2026-08-08 22:29:16;60.02;20.114601761337635;57;;
2026-08-08 22:29:46;60;20.097448830730304;57;;
2026-08-08 22:30:16;60.06;20.148935447818623;57;;
2026-08-08 22:30:46;60.02;20.114601761337635;57;;
2026-08-08 22:31:16;60.02;20.114601761337635;57;;
2026-08-08 22:31:46;60;20.097448830730304;57;;
2026-08-08 22:32:16;60;20.097448830730304;57;;
2026-08-08 22:32:46;60.02;20.114601761337635;57;;
2026-08-08 22:33:16;60.02;20.114601761337635;57;;
2026-08-08 22:33:46;60;20.097448830730304;57;;
2026-08-08 22:34:16;60;20.097448830730304;57;;
2026-08-08 22:34:46;60;20.097448830730304;57;;
2026-08-08 22:35:16;60;20.097448830730304;57;;
2026-08-08 22:35:46;60.02;20.114601761337635;57;;
2026-08-08 22:36:16;60.02;20.114601761337635;57;;
2026-08-08 22:36:47;60.02;20.114601761337635;57;;
2026-08-08 22:37:17;60.02;20.114601761337635;57;;
2026-08-08 22:37:47;60.04;20.131763966249437;57;;
2026-08-08 22:38:17;60;20.097448830730304;57;;
2026-08-08 22:38:47;60;20.097448830730304;57;;
2026-08-08 22:39:17;60.02;20.114601761337635;57;;
2026-08-08 22:39:47;60.02;20.114601761337635;57;;
2026-08-08 22:40:17;60.02;20.114601761337635;57;;
2026-08-08 22:40:47;60.02;20.114601761337635;57;;
2026-08-08 22:41:17;60.13;20.209108720961954;57;;
2026-08-08 22:41:47;60.04;20.131763966249437;57;;
2026-08-08 22:42:17;60.02;20.114601761337635;57;;
2026-08-08 22:42:47;60.02;20.114601761337635;57;;
2026-08-08 22:43:17;60.04;20.131763966249437;57;;
2026-08-08 22:43:47;60.13;20.209108720961954;57;;
2026-08-08 22:44:17;60.15;20.226321976611427;57;;
2026-08-08 22:44:47;60.18;20.252159278824386;57;;
2026-08-08 22:45:17;60.18;20.252159278824386;57;;
2026-08-08 22:45:47;60.22;20.286641542446894;57;;
2026-08-08 22:46:17;60.16;20.234932087889664;57;;
2026-08-08 22:46:47;60.36;20.407622470783245;57;;
2026-08-08 22:47:17;60.29;20.347075006847238;57;;
2026-08-08 22:47:47;60.33;20.381659592063578;57;;
2026-08-08 22:48:17;60.25;20.31252764596856;57;;
2026-08-08 22:48:47;60.36;20.407622470783245;57;;
2026-08-08 22:49:17;60.43;20.468284035253884;57;;
2026-08-08 22:49:47;60.31;20.364362645235502;57;;
2026-08-08 22:50:17;60.24;20.303896619843638;57;;
2026-08-08 22:50:47;60.27;20.329796674543342;57;;
2026-08-08 22:51:17;60.34;20.390311556878654;57;;
2026-08-08 22:51:47;60.40;20.442272243936042;57;;
2026-08-08 22:52:17;60.43;20.468284035253884;57;;
2026-08-08 22:52:47;60.43;20.468284035253884;57;;
2026-08-08 22:53:18;60.52;20.54644529580558;57;;
2026-08-08 22:53:48;60.45;20.485636882195227;57;;
2026-08-08 22:54:18;60.59;20.607368040911886;57;;
2026-08-08 22:54:48;60.68;20.68586544461421;57;;
2026-08-08 22:55:18;60.74;20.738302244369972;57;;
2026-08-08 22:55:48;60.77;20.76455222732071;57;;
2026-08-08 22:56:18;60.81;20.79958497529897;57;;
2026-08-08 22:56:48;60.81;20.79958497529897;57;;
2026-08-08 22:57:18;60.90;20.878545685053755;57;;
2026-08-08 22:57:48;60.90;20.878545685053755;57;;
2026-08-08 22:58:18;60.90;20.878545685053755;57;;
2026-08-08 22:58:48;60.90;20.878545685053755;57;;
2026-08-08 22:59:18;60.88;20.860982456720695;57;;
2026-08-08 22:59:48;60.95;20.92249478984594;57;;
2026-08-08 23:00:18;60.90;20.878545685053755;57;;
2026-08-08 23:00:48;60.95;20.92249478984594;57;;
2026-08-08 23:01:18;60.97;20.940090851545204;57;;
2026-08-08 23:01:48;60.99;20.95769629951973;57;;
2026-08-08 23:02:18;60.97;20.940090851545204;57;;
2026-08-08 23:02:48;60.97;20.940090851545204;57;;
2026-08-08 23:03:18;60.99;20.95769629951973;57;;
2026-08-08 23:03:48;61;20.966502544098294;57;;
2026-08-08 23:04:18;60.99;20.95769629951973;57;;
2026-08-08 23:04:48;60.99;20.95769629951973;57;;
2026-08-08 23:05:18;60.99;20.95769629951973;57;;
2026-08-08 23:05:48;61;20.966502544098294;57;;
2026-08-08 23:06:18;60.99;20.95769629951973;57;;
2026-08-08 23:06:48;61;20.966502544098294;57;;
2026-08-08 23:07:18;61;20.966502544098294;57;;
2026-08-08 23:07:48;61;20.966502544098294;57;;
2026-08-08 23:08:18;61;20.966502544098294;57;;
2026-08-08 23:08:48;61;20.966502544098294;57;;
2026-08-08 23:09:18;61;20.966502544098294;57;;
2026-08-08 23:09:49;61;20.966502544098294;57;;
2026-08-08 23:10:19;61;20.966502544098294;57;;
2026-08-08 23:10:49;61;20.966502544098294;57;;
2026-08-08 23:11:19;61;20.966502544098294;57;;
2026-08-08 23:11:49;61;20.966502544098294;57;;
2026-08-08 23:12:19;61;20.966502544098294;57;;
2026-08-08 23:12:49;61;20.966502544098294;57;;
2026-08-08 23:13:19;61;20.966502544098294;57;;
2026-08-08 23:13:49;61;20.966502544098294;57;;
2026-08-08 23:14:19;61;20.966502544098294;57;;
2026-08-08 23:14:49;61;20.966502544098294;57;;
2026-08-08 23:15:19;61;20.966502544098294;57;;
2026-08-08 23:15:49;61;20.966502544098294;57;;
2026-08-08 23:16:19;61;20.966502544098294;57;;
2026-08-08 23:16:49;61;20.966502544098294;57;;
2026-08-08 23:17:19;61;20.966502544098294;57;;
2026-08-08 23:17:49;61;20.966502544098294;57;;
2026-08-08 23:18:19;61;20.966502544098294;57;;
2026-08-08 23:18:49;61;20.966502544098294;57;;
2026-08-08 23:19:19;61;20.966502544098294;57;;
2026-08-08 23:19:49;61;20.966502544098294;57;;
2026-08-08 23:20:19;61;20.966502544098294;57;;
2026-08-08 23:20:49;61;20.966502544098294;57;;
2026-08-08 23:21:19;61;20.966502544098294;57;;
2026-08-08 23:21:49;61;20.966502544098294;57;;
2026-08-08 23:22:19;61;20.966502544098294;57;;
2026-08-08 23:22:49;61;20.966502544098294;57;;
2026-08-08 23:23:19;61;20.966502544098294;57;;
2026-08-08 23:23:49;61;20.966502544098294;57;;
2026-08-08 23:24:19;61;20.966502544098294;57;;
2026-08-08 23:24:49;61;20.966502544098294;57;;
2026-08-08 23:25:19;61.02;20.984122075914314;57;;
2026-08-08 23:25:49;61;20.966502544098294;57;;
2026-08-08 23:26:19;61.04;21.001750999910666;57;;
2026-08-08 23:26:50;61.02;20.984122075914314;57;;
2026-08-08 23:27:20;61.02;20.984122075914314;57;;
2026-08-08 23:27:50;61;20.966502544098294;57;;
2026-08-08 23:28:20;61;20.966502544098294;57;;
2026-08-08 23:28:50;61;20.966502544098294;57;;
2026-08-08 23:29:20;61.02;20.984122075914314;57;;
2026-08-08 23:29:50;61;20.966502544098294;57;;
2026-08-08 23:30:20;61.06;21.01938931844978;57;;
2026-08-08 23:30:50;61.06;21.01938931844978;57;;
2026-08-08 23:31:20;61.04;21.001750999910666;57;;
2026-08-08 23:31:50;61.04;21.001750999910666;57;;
2026-08-08 23:32:20;61.09;21.045864416194235;57;;
2026-08-08 23:32:50;61.08;21.037037033894205;57;;
2026-08-08 23:33:20;61.02;20.984122075914314;57;;
2026-08-08 23:33:50;61.09;21.045864416194235;57;;
2026-08-08 23:34:20;61.15;21.098878072693058;57;;
2026-08-08 23:34:50;61.18;21.125416647399334;57;;
2026-08-08 23:35:20;61.16;21.107721911983063;57;;
2026-08-08 23:35:50;61.29;21.222905978716646;57;;
2026-08-08 23:36:20;61.38;21.30288200133682;57;;
2026-08-08 23:36:50;61.33;21.258427304625883;57;;
2026-08-08 23:37:20;61.43;21.347395665128012;57;;
2026-08-08 23:37:50;61.52;21.42766897500417;57;;
2026-08-08 23:38:20;61.52;21.42766897500417;57;;
2026-08-08 23:38:50;61.59;21.49023607870226;57;;
2026-08-08 23:39:20;61.72;21.606739641880473;57;;
2026-08-08 23:39:50;61.72;21.606739641880473;57;;
2026-08-08 23:40:20;61.72;21.606739641880473;57;;
2026-08-08 23:40:50;61.79;21.66963810042873;57;;
2026-08-08 23:41:20;61.77;21.651655262625003;57;;
2026-08-08 23:41:50;61.84;21.714636689437683;57;;
2026-08-08 23:42:20;61.93;21.79578362940087;57;;
2026-08-08 23:42:50;61.91;21.77773435891801;57;;
2026-08-08 23:43:21;61.97;21.831910672334146;57;;
2026-08-08 23:43:51;61.93;21.79578362940087;57;;
2026-08-08 23:44:21;61.93;21.79578362940087;57;;
2026-08-08 23:44:51;61.95;21.813842399749166;57;;
2026-08-08 23:45:21;61.93;21.79578362940087;57;;
2026-08-08 23:45:51;61.95;21.813842399749166;57;;
2026-08-08 23:46:21;61.97;21.831910672334146;57;;
2026-08-08 23:46:51;61.93;21.79578362940087;57;;
2026-08-08 23:47:21;61.95;21.813842399749166;57;;
2026-08-08 23:47:51;61.93;21.79578362940087;57;;
2026-08-08 23:48:21;61.97;21.831910672334146;57;;
2026-08-08 23:48:51;62;21.85903090309304;57;;
2026-08-08 23:49:21;61.99;21.84998844952728;57;;
2026-08-08 23:49:51;61.97;21.831910672334146;57;;
2026-08-08 23:50:21;61.99;21.84998844952728;57;;
2026-08-08 23:50:51;62;21.85903090309304;57;;
2026-08-08 23:51:21;61.99;21.84998844952728;57;;
2026-08-08 23:51:51;62;21.85903090309304;57;;
2026-08-08 23:52:21;61.99;21.84998844952728;57;;
2026-08-08 23:52:51;62;21.85903090309304;57;;
2026-08-08 23:53:21;62;21.85903090309304;57;;
2026-08-08 23:53:51;62;21.85903090309304;57;;
2026-08-08 23:54:21;61.99;21.84998844952728;57;;
2026-08-08 23:54:51;62;21.85903090309304;57;;
2026-08-08 23:55:21;62;21.85903090309304;57;;
2026-08-08 23:55:51;62;21.85903090309304;57;;
2026-08-08 23:56:21;62;21.85903090309304;57;;
2026-08-08 23:56:51;62;21.85903090309304;57;;
2026-08-08 23:57:21;62.93;22.710408913344033;57;;
2026-08-08 23:57:51;63.99;23.70617250664444;57;;
2026-08-08 23:58:21;63.99;23.70617250664444;57;;
2026-08-08 23:58:51;64;23.715696285140247;57;;
2026-08-08 23:59:21;64;23.715696285140247;57;;
2026-08-08 23:59:52;64;23.715696285140247;57;;
2026-08-09 00:00:22;64;23.715696285140247;57;;
2026-08-09 00:00:52;64;23.715696285140247;57;;
2026-08-09 00:01:22;64;23.715696285140247;57;;
2026-08-09 00:01:52;64;23.715696285140247;57;;
2026-08-09 00:02:22;64;23.715696285140247;57;;
2026-08-09 00:02:52;64;23.715696285140247;57;;
2026-08-09 00:03:22;64;23.715696285140247;57;;
2026-08-09 00:03:52;64;23.715696285140247;57;;
2026-08-09 00:04:22;64;23.715696285140247;57;;
2026-08-09 00:04:52;64;23.715696285140247;57;;
2026-08-09 00:05:22;64;23.715696285140247;57;;
2026-08-09 00:05:52;64;23.715696285140247;57;;
2026-08-09 00:06:22;64;23.715696285140247;57;;
2026-08-09 00:06:52;64;23.715696285140247;57;;
2026-08-09 00:07:22;64;23.715696285140247;57;;
2026-08-09 00:07:52;64;23.715696285140247;57;;
2026-08-09 00:08:22;64;23.715696285140247;57;;
2026-08-09 00:08:52;64;23.715696285140247;57;;
2026-08-09 00:09:22;64;23.715696285140247;57;;
2026-08-09 00:09:52;64;23.715696285140247;57;;
2026-08-09 00:10:22;64;23.715696285140247;57;;
2026-08-09 00:10:52;64;23.715696285140247;57;;
2026-08-09 00:11:22;64;23.715696285140247;57;;
2026-08-09 00:11:52;64;23.715696285140247;57;;
2026-08-09 00:12:22;64;23.715696285140247;57;;
2026-08-09 00:12:52;64.01;23.725222500226693;57;;
2026-08-09 00:13:22;64;23.715696285140247;57;;
2026-08-09 00:13:52;64.01;23.725222500226693;57;;
2026-08-09 00:14:22;64.05;23.76335173245978;57;;
2026-08-09 00:14:52;64.05;23.76335173245978;57;;
2026-08-09 00:15:22;64.05;23.76335173245978;57;;
2026-08-09 00:15:52;64.08;23.791974255490526;57;;
2026-08-09 00:16:23;64.23;23.93541629495473;57;;
2026-08-09 00:16:53;64.62;24.310941096385818;57;;
2026-08-09 00:17:23;64.38;24.079408115644906;57;;
2026-08-09 00:17:53;64.27;23.97376031570966;57;;
2026-08-09 00:18:23;64.33;24.03134969291023;57;;
2026-08-09 00:18:53;64.54;24.233606510794395;57;;
2026-08-09 00:19:23;64.62;24.310941096385818;57;;
2026-08-09 00:19:53;64.63;24.32061896463862;57;;
2026-08-09 00:20:23;64.58;24.27225417193631;57;;
2026-08-09 00:20:53;64.58;24.27225417193631;57;;
2026-08-09 00:21:23;64.66;24.34966730333173;57;;
2026-08-09 00:21:53;64.87;24.553625129340883;57;;
2026-08-09 00:22:23;64.94;24.621852274431564;57;;
2026-08-09 00:22:53;64.95;24.63160886607491;57;;
2026-08-09 00:23:23;64.93;24.612098147546327;57;;
2026-08-09 00:23:53;64.91;24.592597286849077;57;;
2026-08-09 00:24:23;64.91;24.592597286849077;57;;
2026-08-09 00:24:53;64.97;24.65112944483716;57;;
2026-08-09 00:25:23;64.98;24.660893432556637;57;;
2026-08-09 00:25:53;64.97;24.65112944483716;57;;
2026-08-09 00:26:23;64.98;24.660893432556637;57;;
2026-08-09 00:26:53;64.98;24.660893432556637;57;;
2026-08-09 00:27:23;64.98;24.660893432556637;57;;
2026-08-09 00:27:53;65;24.680428806173975;57;;
2026-08-09 00:28:23;64.98;24.660893432556637;57;;
2026-08-09 00:28:53;65;24.680428806173975;57;;
2026-08-09 00:29:23;65;24.680428806173975;57;;
2026-08-09 00:29:53;65;24.680428806173975;57;;
2026-08-09 00:30:23;65;24.680428806173975;57;;
2026-08-09 00:30:53;65;24.680428806173975;57;;
2026-08-09 00:31:23;65;24.680428806173975;57;;
2026-08-09 00:31:53;65;24.680428806173975;57;;
2026-08-09 00:32:23;65;24.680428806173975;57;;
2026-08-09 00:32:53;65;24.680428806173975;57;;
2026-08-09 00:33:24;65;24.680428806173975;57;;
2026-08-09 00:33:54;65;24.680428806173975;57;;
2026-08-09 00:34:24;65;24.680428806173975;57;;
2026-08-09 00:34:54;65;24.680428806173975;57;;
2026-08-09 00:35:24;65.01;24.690200192672524;57;;
2026-08-09 00:35:54;65;24.680428806173975;57;;
2026-08-09 00:36:24;65.01;24.690200192672524;57;;
2026-08-09 00:36:54;65.01;24.690200192672524;57;;
2026-08-09 00:37:24;65.01;24.690200192672524;57;;
2026-08-09 00:37:54;65.01;24.690200192672524;57;;
2026-08-09 00:38:24;65.11;24.788049784547486;57;;
2026-08-09 00:38:54;65.05;24.729310410274604;57;;
2026-08-09 00:39:24;65.12;24.79784832303365;57;;
2026-08-09 00:39:54;65.15;24.827258760686277;57;;
2026-08-09 00:40:24;65.23;24.90579534341658;57;;
2026-08-09 00:40:54;65.41;25.083081681570878;57;;
2026-08-09 00:41:24;65.33;25.004188702348788;57;;
2026-08-09 00:41:54;65.36;25.03375498768947;57;;
2026-08-09 00:42:24;65.40;25.073211386225857;57;;
2026-08-09 00:42:54;65.52;25.191818603062558;57;;
2026-08-09 00:43:24;65.65;25.320713127993038;57;;
2026-08-09 00:43:54;65.69;25.360457478905698;57;;
2026-08-09 00:44:24;65.90;25.569768690231125;57;;
2026-08-09 00:44:54;65.83;25.49987623562389;57;;
2026-08-09 00:45:24;65.81;25.479929391231213;57;;
2026-08-09 00:45:54;65.80;25.469959705586103;57;;
2026-08-09 00:46:24;65.83;25.49987623562389;57;;
2026-08-09 00:46:54;65.84;25.50985339497441;57;;
2026-08-09 00:47:24;65.93;25.59975999802798;57;;
2026-08-09 00:47:54;65.91;25.579763298780573;57;;
2026-08-09 00:48:24;65.97;25.639783333562125;57;;
2026-08-09 00:48:54;65.97;25.639783333562125;57;;
2026-08-09 00:49:24;65.97;25.639783333562125;57;;
2026-08-09 00:49:55;65.98;25.649795406088494;57;;
2026-08-09 00:50:25;65.98;25.649795406088494;57;;
2026-08-09 00:50:55;66;25.6698270396244;57;;
2026-08-09 00:51:25;65.98;25.649795406088494;57;;
2026-08-09 00:51:55;66;25.6698270396244;57;;
2026-08-09 00:52:25;65.98;25.649795406088494;57;;
2026-08-09 00:52:55;65.98;25.649795406088494;57;;
2026-08-09 00:53:25;65.98;25.649795406088494;57;;
2026-08-09 00:53:55;66;25.6698270396244;57;;
2026-08-09 00:54:25;66;25.6698270396244;57;;
2026-08-09 00:54:55;66;25.6698270396244;57;;
2026-08-09 00:55:25;66;25.6698270396244;57;;
2026-08-09 00:55:55;66;25.6698270396244;57;;
2026-08-09 00:56:25;66;25.6698270396244;57;;
2026-08-09 00:56:55;66;25.6698270396244;57;;
2026-08-09 00:57:25;66;25.6698270396244;57;;
2026-08-09 00:57:55;66;25.6698270396244;57;;
2026-08-09 00:58:25;66;25.6698270396244;57;;
2026-08-09 00:58:55;66;25.6698270396244;57;;
2026-08-09 00:59:25;66;25.6698270396244;57;;
2026-08-09 00:59:55;66;25.6698270396244;57;;
2026-08-09 01:00:25;66;25.6698270396244;57;;
2026-08-09 01:00:55;66;25.6698270396244;57;;
2026-08-09 01:01:25;66;25.6698270396244;57;;
2026-08-09 01:01:55;66;25.6698270396244;57;;
2026-08-09 01:02:25;66;25.6698270396244;57;;
2026-08-09 01:02:55;66;25.6698270396244;57;;
2026-08-09 01:03:25;66;25.6698270396244;57;;
2026-08-09 01:03:55;66;25.6698270396244;57;;
2026-08-09 01:04:25;66;25.6698270396244;57;;
2026-08-09 01:04:55;66.01;25.679846601237347;57;;
2026-08-09 01:05:25;66.01;25.679846601237347;57;;
2026-08-09 01:05:55;66.08;25.75005346446424;57;;
2026-08-09 01:06:26;66.04;25.709920269076978;57;;
2026-08-09 01:06:56;66.05;25.719949820362956;57;;
2026-08-09 01:07:26;66.08;25.75005346446424;57;;
2026-08-09 01:07:56;66.15;25.820382782521854;57;;
2026-08-09 01:08:26;66.12;25.790226645101775;57;;
2026-08-09 01:08:56;66.16;25.830439830308585;57;;
2026-08-09 01:09:26;66.27;25.941232520951278;57;;
2026-08-09 01:09:56;66.41;26.082679795552433;57;;
2026-08-09 01:10:26;66.45;26.123183591973987;57;;
2026-08-09 01:10:56;66.29;25.961409197343187;57;;
2026-08-09 01:11:26;66.23;25.900909223536114;57;;
2026-08-09 01:11:56;66.20;25.870693039407293;57;;
2026-08-09 01:12:26;66.36;26.032106501296965;57;;
2026-08-09 01:12:56;66.58;26.255098413811563;57;;
2026-08-09 01:13:26;66.41;26.082679795552433;57;;
2026-08-09 01:13:56;66.51;26.184014600316516;57;;
2026-08-09 01:14:26;66.61;26.285600612065824;57;;
2026-08-09 01:14:56;66.68;26.356860450429384;57;;
2026-08-09 01:15:26;66.72;26.397635730095224;57;;
2026-08-09 01:15:56;66.83;26.50997557742614;57;;
2026-08-09 01:16:26;66.83;26.50997557742614;57;;
2026-08-09 01:16:56;66.87;26.550902062442145;57;;
2026-08-09 01:17:26;66.94;26.622620557086048;57;;
2026-08-09 01:17:56;66.91;26.591868914918706;57;;
2026-08-09 01:18:26;66.97;26.653394925037816;57;;
2026-08-09 01:18:56;66.97;26.653394925037816;57;;
2026-08-09 01:19:26;66.98;26.663658099276937;57;;
2026-08-09 01:19:56;66.98;26.663658099276937;57;;
2026-08-09 01:20:26;66.98;26.663658099276937;57;;
2026-08-09 01:20:56;66.98;26.663658099276937;57;;
2026-08-09 01:21:26;67;26.684192026956463;57;;
2026-08-09 01:21:56;67;26.684192026956463;57;;
2026-08-09 01:22:26;67;26.684192026956463;57;;
2026-08-09 01:22:56;67;26.684192026956463;57;;
2026-08-09 01:23:27;67;26.684192026956463;57;;
2026-08-09 01:23:57;67;26.684192026956463;57;;
2026-08-09 01:24:27;67;26.684192026956463;57;;
2026-08-09 01:24:57;67;26.684192026956463;57;;
2026-08-09 01:25:27;67;26.684192026956463;57;;
2026-08-09 01:25:57;67;26.684192026956463;57;;
2026-08-09 01:26:27;67;26.684192026956463;57;;
2026-08-09 01:26:57;67;26.684192026956463;57;;
2026-08-09 01:27:27;67;26.684192026956463;57;;
2026-08-09 01:27:57;67;26.684192026956463;57;;
2026-08-09 01:28:27;67;26.684192026956463;57;;
2026-08-09 01:28:57;67;26.684192026956463;57;;
2026-08-09 01:29:27;67;26.684192026956463;57;;
2026-08-09 01:29:57;67;26.684192026956463;57;;
2026-08-09 01:30:27;67;26.684192026956463;57;;
2026-08-09 01:30:57;67;26.684192026956463;57;;
2026-08-09 01:31:27;67;26.684192026956463;57;;
2026-08-09 01:31:57;67;26.684192026956463;57;;
2026-08-09 01:32:27;67.01;26.694462781003104;57;;
2026-08-09 01:32:57;67;26.684192026956463;57;;
2026-08-09 01:33:27;67;26.684192026956463;57;;
2026-08-09 01:33:57;67;26.684192026956463;57;;
2026-08-09 01:34:27;67.01;26.694462781003104;57;;
2026-08-09 01:34:57;67.04;26.725290207607834;57;;
2026-08-09 01:35:27;67.01;26.694462781003104;57;;
2026-08-09 01:35:57;67.04;26.725290207607834;57;;
2026-08-09 01:36:27;67.06;26.74585446542996;57;;
2026-08-09 01:36:57;67.16;26.848827526532336;57;;
2026-08-09 01:37:27;67.13;26.817909038550546;57;;
2026-08-09 01:37:57;67.23;26.921059290818896;57;;
2026-08-09 01:38:27;67.23;26.921059290818896;57;;
2026-08-09 01:38:57;67.26;26.95205376337475;57;;
2026-08-09 01:39:27;67.26;26.95205376337475;57;;
2026-08-09 01:39:58;67.29;26.983071049053496;57;;
2026-08-09 01:40:28;67.33;27.024462931202407;57;;
2026-08-09 01:40:58;67.47;27.16965429769;57;;
2026-08-09 01:41:28;67.58;27.28408259732384;57;;
2026-08-09 01:41:58;67.61;27.31534373310257;57;;
2026-08-09 01:42:28;67.55;27.252844362137367;57;;
2026-08-09 01:42:58;67.62;27.32576920213447;57;;
2026-08-09 01:43:28;67.66;27.3674965385633;57;;
2026-08-09 01:43:58;67.80;27.513863258512124;57;;
2026-08-09 01:44:28;67.87;27.58723407955006;57;;
2026-08-09 01:44:58;67.87;27.58723407955006;57;;
2026-08-09 01:45:28;67.91;27.62921642957785;57;;
2026-08-09 01:45:58;67.93;27.650222930662867;57;;
2026-08-09 01:46:28;67.97;27.6922665971522;57;;
2026-08-09 01:46:58;67.91;27.62921642957785;57;;
2026-08-09 01:47:28;67.97;27.6922665971522;57;;
2026-08-09 01:47:58;67.98;27.702783903950483;57;;
2026-08-09 01:48:28;67.98;27.702783903950483;57;;
2026-08-09 01:48:58;67.98;27.702783903950483;57;;
2026-08-09 01:49:28;67.98;27.702783903950483;57;;
2026-08-09 01:49:58;67.98;27.702783903950483;57;;
2026-08-09 01:50:28;68;27.72382618788967;57;;
2026-08-09 01:50:58;67.98;27.702783903950483;57;;
2026-08-09 01:51:28;68;27.72382618788967;57;;
2026-08-09 01:51:58;68;27.72382618788967;57;;
2026-08-09 01:52:28;68;27.72382618788967;57;;
2026-08-09 01:52:58;68;27.72382618788967;57;;
2026-08-09 01:53:28;68;27.72382618788967;57;;
2026-08-09 01:53:58;68;27.72382618788967;57;;
2026-08-09 01:54:28;68;27.72382618788967;57;;
2026-08-09 01:54:58;68;27.72382618788967;57;;
2026-08-09 01:55:28;68;27.72382618788967;57;;
2026-08-09 01:55:58;68;27.72382618788967;57;;
2026-08-09 01:56:29;68;27.72382618788967;57;;
2026-08-09 01:56:59;68;27.72382618788967;57;;
2026-08-09 01:57:29;68;27.72382618788967;57;;
2026-08-09 01:57:59;68;27.72382618788967;57;;
2026-08-09 01:58:29;68;27.72382618788967;57;;
2026-08-09 01:58:59;68;27.72382618788967;57;;
2026-08-09 01:59:29;68;27.72382618788967;57;;
2026-08-09 01:59:59;68;27.72382618788967;57;;
2026-08-09 02:00:29;68;27.72382618788967;57;;
2026-08-09 02:00:59;68;27.72382618788967;57;;
2026-08-09 02:01:29;68;27.72382618788967;57;;
2026-08-09 02:01:59;68;27.72382618788967;57;;
2026-08-09 02:02:29;68;27.72382618788967;57;;
2026-08-09 02:02:59;68;27.72382618788967;57;;
2026-08-09 02:03:29;68;27.72382618788967;57;;
2026-08-09 02:03:59;68;27.72382618788967;57;;
2026-08-09 02:04:29;68.01;27.734351165639637;57;;
2026-08-09 02:04:59;68.01;27.734351165639637;57;;
2026-08-09 02:05:29;68.01;27.734351165639637;57;;
2026-08-09 02:05:59;68.01;27.734351165639637;57;;
2026-08-09 02:06:29;68;27.72382618788967;57;;
2026-08-09 02:06:59;68.01;27.734351165639637;57;;
2026-08-09 02:07:29;68.01;27.734351165639637;57;;
2026-08-09 02:07:59;68;27.72382618788967;57;;
2026-08-09 02:08:29;68.01;27.734351165639637;57;;
2026-08-09 02:08:59;68.01;27.734351165639637;57;;
2026-08-09 02:09:29;68;27.72382618788967;57;;
2026-08-09 02:09:59;68;27.72382618788967;57;;
2026-08-09 02:10:29;68;27.72382618788967;57;;
2026-08-09 02:10:59;68;27.72382618788967;57;;
2026-08-09 02:11:29;68;27.72382618788967;57;;
2026-08-09 02:11:59;68.01;27.734351165639637;57;;
2026-08-09 02:12:29;68.02;27.744878700982586;57;;
2026-08-09 02:13:00;68.05;27.77647665561509;57;;
2026-08-09 02:13:30;68.11;27.839741661011704;57;;
2026-08-09 02:14:00;68.19;27.924238408720328;57;;
2026-08-09 02:14:30;68.18;27.91366734768617;57;;
2026-08-09 02:15:00;68.19;27.924238408720328;57;;
2026-08-09 02:15:30;68.22;27.955966971506463;57;;
2026-08-09 02:16:00;68.29;28.03009003861975;57;;
2026-08-09 02:16:30;68.33;28.072502525040893;57;;
2026-08-09 02:17:00;68.55;28.30650598495932;57;;
2026-08-09 02:17:30;68.50;28.253214099630597;57;;
2026-08-09 02:18:00;68.52;28.274523134023685;57;;
2026-08-09 02:18:30;68.41;28.157450750029486;57;;
2026-08-09 02:19:00;68.55;28.30650598495932;57;;
2026-08-09 02:19:30;68.59;28.34918582447656;57;;
2026-08-09 02:20:00;68.75;28.520317423134436;57;;
2026-08-09 02:20:30;68.80;28.573931447824645;57;;
2026-08-09 02:21:00;68.80;28.573931447824645;57;;
2026-08-09 02:21:30;68.90;28.68135316281302;57;;
2026-08-09 02:22:00;68.91;28.69210954542566;57;;
2026-08-09 02:22:30;68.87;28.649099522289724;57;;
2026-08-09 02:23:00;68.91;28.69210954542566;57;;
2026-08-09 02:23:30;68.91;28.69210954542566;57;;
2026-08-09 02:24:00;68.97;28.756702138114044;57;;
2026-08-09 02:24:30;68.97;28.756702138114044;57;;
2026-08-09 02:25:00;68.94;28.724394204860353;57;;
2026-08-09 02:25:30;68.98;28.767476622586056;57;;
2026-08-09 02:26:00;69;28.7890333534471;57;;
2026-08-09 02:26:30;68.98;28.767476622586056;57;;
2026-08-09 02:27:00;68.98;28.767476622586056;57;;
2026-08-09 02:27:30;69;28.7890333534471;57;;
2026-08-09 02:28:00;68.98;28.767476622586056;57;;
2026-08-09 02:28:30;68.94;28.724394204860353;57;;
2026-08-09 02:29:00;68.98;28.767476622586056;57;;
2026-08-09 02:29:30;68.98;28.767476622586056;57;;
2026-08-09 02:30:01;68.98;28.767476622586056;57;;
2026-08-09 02:30:31;68.97;28.756702138114044;57;;
2026-08-09 02:31:01;68.98;28.767476622586056;57;;
2026-08-09 02:31:31;68.98;28.767476622586056;57;;
2026-08-09 02:32:01;69;28.7890333534471;57;;
2026-08-09 02:32:31;69;28.7890333534471;57;;
2026-08-09 02:33:01;69;28.7890333534471;57;;
2026-08-09 02:33:31;69;28.7890333534471;57;;
2026-08-09 02:34:01;68.98;28.767476622586056;57;;
2026-08-09 02:34:31;69;28.7890333534471;57;;
2026-08-09 02:35:01;69;28.7890333534471;57;;
2026-08-09 02:35:31;69;28.7890333534471;57;;
2026-08-09 02:36:01;69;28.7890333534471;57;;
2026-08-09 02:36:31;69;28.7890333534471;57;;
2026-08-09 02:37:01;69;28.7890333534471;57;;
2026-08-09 02:37:31;69;28.7890333534471;57;;
2026-08-09 02:38:01;69;28.7890333534471;57;;
2026-08-09 02:38:31;69;28.7890333534471;57;;
2026-08-09 02:39:01;69;28.7890333534471;57;;
2026-08-09 02:39:31;69;28.7890333534471;57;;
2026-08-09 02:40:01;69;28.7890333534471;57;;
2026-08-09 02:40:31;69;28.7890333534471;57;;
2026-08-09 02:41:01;69;28.7890333534471;57;;
2026-08-09 02:41:31;69.08;28.875363813999982;57;;
2026-08-09 02:42:01;69;28.7890333534471;57;;
2026-08-09 02:42:31;69;28.7890333534471;57;;
2026-08-09 02:43:01;69;28.7890333534471;57;;
2026-08-09 02:43:31;69;28.7890333534471;57;;
2026-08-09 02:44:01;69;28.7890333534471;57;;
2026-08-09 02:44:31;69;28.7890333534471;57;;
2026-08-09 02:45:01;69;28.7890333534471;57;;
2026-08-09 02:45:31;69;28.7890333534471;57;;
2026-08-09 02:46:01;69;28.7890333534471;57;;
2026-08-09 02:46:32;69;28.7890333534471;57;;
2026-08-09 02:47:02;69;28.7890333534471;57;;
2026-08-09 02:47:32;69;28.7890333534471;57;;
2026-08-09 02:48:02;69;28.7890333534471;57;;
2026-08-09 02:48:32;69;28.7890333534471;57;;
2026-08-09 02:49:02;69;28.7890333534471;57;;
2026-08-09 02:49:32;69;28.7890333534471;57;;
2026-08-09 02:50:02;69;28.7890333534471;57;;
2026-08-09 02:50:32;69;28.7890333534471;57;;
2026-08-09 02:51:02;69;28.7890333534471;57;;
2026-08-09 02:51:32;69;28.7890333534471;57;;
2026-08-09 02:52:02;69;28.7890333534471;57;;
2026-08-09 02:52:32;69;28.7890333534471;57;;
2026-08-09 02:53:02;69.01;28.799815600448092;57;;
2026-08-09 02:53:32;69.01;28.799815600448092;57;;
2026-08-09 02:54:02;69;28.7890333534471;57;;
2026-08-09 02:54:32;69.01;28.799815600448092;57;;
2026-08-09 02:55:02;69;28.7890333534471;57;;
2026-08-09 02:55:32;69;28.7890333534471;57;;
2026-08-09 02:56:02;69;28.7890333534471;57;;
2026-08-09 02:56:32;69;28.7890333534471;57;;
2026-08-09 02:57:02;69;28.7890333534471;57;;
2026-08-09 02:57:32;69.01;28.799815600448092;57;;
2026-08-09 02:58:02;69.01;28.799815600448092;57;;
2026-08-09 02:58:32;69;28.7890333534471;57;;
2026-08-09 02:59:02;69;28.7890333534471;57;;
2026-08-09 02:59:32;69.01;28.799815600448092;57;;
2026-08-09 03:00:02;69.01;28.799815600448092;57;;
2026-08-09 03:00:32;69;28.7890333534471;57;;
2026-08-09 03:01:02;69;28.7890333534471;57;;
2026-08-09 03:01:32;69;28.7890333534471;57;;
2026-08-09 03:02:02;69;28.7890333534471;57;;
2026-08-09 03:02:32;69.01;28.799815600448092;57;;
2026-08-09 03:03:03;69.05;28.842970472728965;57;;
2026-08-09 03:03:33;69.04;28.83217787140514;57;;
2026-08-09 03:04:03;69.04;28.83217787140514;57;;
2026-08-09 03:04:33;69.05;28.842970472728965;57;;
2026-08-09 03:05:03;69.01;28.799815600448092;57;;
2026-08-09 03:05:33;69.04;28.83217787140514;57;;
2026-08-09 03:06:03;69.02;28.81060043557075;57;;
2026-08-09 03:06:33;69.01;28.799815600448092;57;;
2026-08-09 03:07:03;69.04;28.83217787140514;57;;
2026-08-09 03:07:33;69.01;28.799815600448092;57;;
2026-08-09 03:08:03;69.01;28.799815600448092;57;;
2026-08-09 03:08:33;69.04;28.83217787140514;57;;
2026-08-09 03:09:03;69.04;28.83217787140514;57;;
2026-08-09 03:09:33;69.05;28.842970472728965;57;;
2026-08-09 03:10:03;69.02;28.81060043557075;57;;
2026-08-09 03:10:33;69.08;28.875363813999982;57;;
2026-08-09 03:11:03;69.16;28.961860051463823;57;;
2026-08-09 03:11:33;69.29;29.102770412442208;57;;
2026-08-09 03:12:03;69.34;29.15708351968131;57;;
2026-08-09 03:12:33;69.26;29.070213710902507;57;;
2026-08-09 03:13:03;69.20;29.005170385524142;57;;
2026-08-09 03:13:33;69.18;28.98351003184174;57;;
2026-08-09 03:14:03;69.27;29.08106334856375;57;;
2026-08-09 03:14:33;69.26;29.070213710902507;57;;
2026-08-09 03:15:03;69.38;29.20058077174442;57;;
2026-08-09 03:15:33;69.34;29.15708351968131;57;;
2026-08-09 03:16:03;69.30;29.11362783927221;57;;
2026-08-09 03:16:33;69.33;29.146215703002728;57;;
2026-08-09 03:17:03;69.41;29.233231003991307;57;;
2026-08-09 03:17:33;69.43;29.25501082684966;57;;
2026-08-09 03:18:03;69.44;29.265904639606806;57;;
2026-08-09 03:18:33;69.43;29.25501082684966;57;;
2026-08-09 03:19:03;69.41;29.233231003991307;57;;
2026-08-09 03:19:34;69.55;29.38590833282531;57;;
2026-08-09 03:20:04;69.48;29.309505906643988;57;;
2026-08-09 03:20:34;69.61;29.451497704772677;57;;
2026-08-09 03:21:04;69.58;29.418691293649143;57;;
2026-08-09 03:21:34;69.55;29.38590833282531;57;;
2026-08-09 03:22:04;69.47;29.298601686870043;57;;
2026-08-09 03:22:34;69.66;29.50622719092809;57;;
2026-08-09 03:23:04;69.65;29.495276078836376;57;;
2026-08-09 03:23:34;69.62;29.462438387757032;57;;
2026-08-09 03:24:04;69.63;29.47338167755778;57;;
2026-08-09 03:24:34;69.70;29.550057722807527;57;;
2026-08-09 03:25:04;69.55;29.38590833282531;57;;
2026-08-09 03:25:34;69.66;29.50622719092809;57;;
2026-08-09 03:26:04;69.55;29.38590833282531;57;;
2026-08-09 03:26:34;69.59;29.429624158025643;57;;
2026-08-09 03:27:04;69.70;29.550057722807527;57;;
2026-08-09 03:27:34;69.75;29.604904598587332;57;;
2026-08-09 03:28:04;69.86;29.725797530446275;57;;
2026-08-09 03:28:34;69.76;29.615881804938077;57;;
2026-08-09 03:29:04;69.87;29.73680347595581;57;;
2026-08-09 03:29:34;69.88;29.747812035959573;57;;
2026-08-09 03:30:04;69.88;29.747812035959573;57;;
2026-08-09 03:30:34;69.94;29.81391831757202;57;;
2026-08-09 03:31:04;69.97;29.847006778946035;57;;
2026-08-09 03:31:34;69.91;29.78085340600966;57;;
2026-08-09 03:32:04;69.98;29.858041500796826;57;;
2026-08-09 03:32:34;69.91;29.78085340600966;57;;
2026-08-09 03:33:04;69.87;29.73680347595581;57;;
2026-08-09 03:33:34;69.97;29.847006778946035;57;;
2026-08-09 03:34:04;69.94;29.81391831757202;57;;
2026-08-09 03:34:34;69.91;29.78085340600966;57;;
2026-08-09 03:35:04;69.93;29.802894064148695;57;;
2026-08-09 03:35:34;69.97;29.847006778946035;57;;
2026-08-09 03:36:04;69.94;29.81391831757202;57;;
2026-08-09 03:36:35;69.94;29.81391831757202;57;;
2026-08-09 03:37:05;69.95;29.824945187641077;57;;
2026-08-09 03:37:35;69.97;29.847006778946035;57;;
2026-08-09 03:38:05;69.97;29.847006778946035;57;;
2026-08-09 03:38:35;69.97;29.847006778946035;57;;
2026-08-09 03:39:05;69.98;29.858041500796826;57;;
2026-08-09 03:39:35;69.98;29.858041500796826;57;;
2026-08-09 03:40:05;69.94;29.81391831757202;57;;
2026-08-09 03:40:35;69.98;29.858041500796826;57;;
2026-08-09 03:41:05;69.98;29.858041500796826;57;;
2026-08-09 03:41:35;69.98;29.858041500796826;57;;
2026-08-09 03:42:05;69.98;29.858041500796826;57;;
2026-08-09 03:42:35;69.98;29.858041500796826;57;;
2026-08-09 03:43:05;69.97;29.847006778946035;57;;
2026-08-09 03:43:35;69.98;29.858041500796826;57;;
2026-08-09 03:44:05;70;29.88011879843229;57;;
2026-08-09 03:44:35;70;29.88011879843229;57;;
2026-08-09 03:45:05;70;29.88011879843229;57;;
2026-08-09 03:45:35;70;29.88011879843229;57;;
2026-08-09 03:46:05;69.98;29.858041500796826;57;;
2026-08-09 03:46:35;69.98;29.858041500796826;57;;
2026-08-09 03:47:05;70;29.88011879843229;57;;
2026-08-09 03:47:35;70;29.88011879843229;57;;
2026-08-09 03:48:05;70;29.88011879843229;57;;
2026-08-09 03:48:35;70;29.88011879843229;57;;
2026-08-09 03:49:05;69.98;29.858041500796826;57;;
2026-08-09 03:49:35;69.98;29.858041500796826;57;;
2026-08-09 03:50:05;70;29.88011879843229;57;;
2026-08-09 03:50:35;70;29.88011879843229;57;;
2026-08-09 03:51:05;70;29.88011879843229;57;;
2026-08-09 03:51:35;70;29.88011879843229;57;;
2026-08-09 03:52:05;70;29.88011879843229;57;;
2026-08-09 03:52:35;69.98;29.858041500796826;57;;
2026-08-09 03:53:06;70;29.88011879843229;57;;
2026-08-09 03:53:36;70;29.88011879843229;57;;
2026-08-09 03:54:06;70;29.88011879843229;57;;
2026-08-09 03:54:36;70;29.88011879843229;57;;
2026-08-09 03:55:06;70;29.88011879843229;57;;
2026-08-09 03:55:36;70;29.88011879843229;57;;
2026-08-09 03:56:06;70;29.88011879843229;57;;
2026-08-09 03:56:36;70;29.88011879843229;57;;
2026-08-09 03:57:06;70;29.88011879843229;57;;
2026-08-09 03:57:36;70;29.88011879843229;57;;
2026-08-09 03:58:06;70;29.88011879843229;57;;
2026-08-09 03:58:36;70;29.88011879843229;57;;
2026-08-09 03:59:06;70;29.88011879843229;57;;
2026-08-09 03:59:36;70;29.88011879843229;57;;
2026-08-09 04:00:06;69.98;29.858041500796826;57;;
2026-08-09 04:00:36;70;29.88011879843229;57;;
2026-08-09 04:01:06;70;29.88011879843229;57;;
2026-08-09 04:01:36;70;29.88011879843229;57;;
2026-08-09 04:02:06;69.98;29.858041500796826;57;;
2026-08-09 04:02:36;70;29.88011879843229;57;;
2026-08-09 04:03:06;70;29.88011879843229;57;;
2026-08-09 04:03:36;69.98;29.858041500796826;57;;
2026-08-09 04:04:06;69.98;29.858041500796826;57;;
2026-08-09 04:04:36;70;29.88011879843229;57;;
2026-08-09 04:05:06;69.98;29.858041500796826;57;;
2026-08-09 04:05:36;70;29.88011879843229;57;;
2026-08-09 04:06:06;70;29.88011879843229;57;;
2026-08-09 04:06:36;69.98;29.858041500796826;57;;
2026-08-09 04:07:06;69.98;29.858041500796826;57;;
2026-08-09 04:07:36;70;29.88011879843229;57;;
2026-08-09 04:08:06;70;29.88011879843229;57;;
2026-08-09 04:08:36;70;29.88011879843229;57;;
2026-08-09 04:09:06;70;29.88011879843229;57;;
2026-08-09 04:09:37;70;29.88011879843229;57;;
2026-08-09 04:10:07;70;29.88011879843229;57;;
2026-08-09 04:10:37;70;29.88011879843229;57;;
2026-08-09 04:11:07;70;29.88011879843229;57;;
2026-08-09 04:11:37;70;29.88011879843229;57;;
2026-08-09 04:12:07;70;29.88011879843229;57;;
2026-08-09 04:12:37;70;29.88011879843229;57;;
2026-08-09 04:13:07;70;29.88011879843229;57;;
2026-08-09 04:13:37;70;29.88011879843229;57;;
2026-08-09 04:14:07;70;29.88011879843229;57;;
2026-08-09 04:14:37;70;29.88011879843229;57;;
2026-08-09 04:15:07;70;29.88011879843229;57;;
2026-08-09 04:15:37;70;29.88011879843229;57;;
2026-08-09 04:16:07;70;29.88011879843229;57;;
2026-08-09 04:16:37;70;29.88011879843229;57;;
2026-08-09 04:17:07;70;29.88011879843229;57;;
2026-08-09 04:17:37;70;29.88011879843229;57;;
2026-08-09 04:18:07;70;29.88011879843229;57;;
2026-08-09 04:18:37;70;29.88011879843229;57;;
2026-08-09 04:19:07;70;29.88011879843229;57;;
2026-08-09 04:19:37;70;29.88011879843229;57;;
2026-08-09 04:20:07;70;29.88011879843229;57;;
2026-08-09 04:20:37;70;29.88011879843229;57;;
2026-08-09 04:21:07;70;29.88011879843229;57;;
2026-08-09 04:21:37;70;29.88011879843229;57;;
2026-08-09 04:22:07;70;29.88011879843229;57;;
2026-08-09 04:22:37;70;29.88011879843229;57;;
2026-08-09 04:23:07;70;29.88011879843229;57;;
2026-08-09 04:23:37;70;29.88011879843229;57;;
2026-08-09 04:24:07;70;29.88011879843229;57;;
2026-08-09 04:24:37;70;29.88011879843229;57;;
2026-08-09 04:25:07;69.98;29.858041500796826;57;;
2026-08-09 04:25:37;70;29.88011879843229;57;;
2026-08-09 04:26:07;70;29.88011879843229;57;;
2026-08-09 04:26:38;70;29.88011879843229;57;;
2026-08-09 04:27:08;70;29.88011879843229;57;;
2026-08-09 04:27:38;69.98;29.858041500796826;57;;
2026-08-09 04:28:08;70;29.88011879843229;57;;
2026-08-09 04:28:38;70;29.88011879843229;57;;
2026-08-09 04:29:08;70;29.88011879843229;57;;
2026-08-09 04:29:38;70;29.88011879843229;57;;
2026-08-09 04:30:08;70;29.88011879843229;57;;
2026-08-09 04:30:38;70;29.88011879843229;57;;
2026-08-09 04:31:08;70;29.88011879843229;57;;
2026-08-09 04:31:38;70;29.88011879843229;57;;
2026-08-09 04:32:08;70;29.88011879843229;57;;
2026-08-09 04:32:38;70;29.88011879843229;57;;
2026-08-09 04:33:08;70;29.88011879843229;57;;
2026-08-09 04:33:38;70;29.88011879843229;57;;
2026-08-09 04:34:08;70;29.88011879843229;57;;
2026-08-09 04:34:38;70;29.88011879843229;57;;
2026-08-09 04:35:08;70;29.88011879843229;57;;
2026-08-09 04:35:38;70;29.88011879843229;57;;
2026-08-09 04:36:08;69.98;29.858041500796826;57;;
2026-08-09 04:36:38;69.98;29.858041500796826;57;;
2026-08-09 04:37:08;70;29.88011879843229;57;;
2026-08-09 04:37:38;70;29.88011879843229;57;;
2026-08-09 04:38:08;70;29.88011879843229;57;;
2026-08-09 04:38:38;70;29.88011879843229;57;;
2026-08-09 04:39:08;70;29.88011879843229;57;;
2026-08-09 04:39:38;70;29.88011879843229;57;;
2026-08-09 04:40:08;70;29.88011879843229;57;;
2026-08-09 04:40:38;70;29.88011879843229;57;;
2026-08-09 04:41:08;70;29.88011879843229;57;;
2026-08-09 04:41:38;70;29.88011879843229;57;;
2026-08-09 04:42:08;70;29.88011879843229;57;;
2026-08-09 04:42:38;70;29.88011879843229;57;;
2026-08-09 04:43:09;70;29.88011879843229;57;;
2026-08-09 04:43:39;70;29.88011879843229;57;;
2026-08-09 04:44:09;70;29.88011879843229;57;;
2026-08-09 04:44:39;70;29.88011879843229;57;;
2026-08-09 04:45:09;70;29.88011879843229;57;;
2026-08-09 04:45:39;70;29.88011879843229;57;;
2026-08-09 04:46:09;70;29.88011879843229;57;;
2026-08-09 04:46:39;70;29.88011879843229;57;;
2026-08-09 04:47:09;70;29.88011879843229;57;;
2026-08-09 04:47:39;70;29.88011879843229;57;;
2026-08-09 04:48:09;70;29.88011879843229;57;;
2026-08-09 04:48:39;70;29.88011879843229;57;;
2026-08-09 04:49:09;70;29.88011879843229;57;;
2026-08-09 04:49:39;70;29.88011879843229;57;;
2026-08-09 04:50:09;70;29.88011879843229;57;;
2026-08-09 04:50:39;70;29.88011879843229;57;;
2026-08-09 04:51:09;70.01;29.891161374831956;57;;
2026-08-09 04:51:39;70;29.88011879843229;57;;
2026-08-09 04:52:09;70.01;29.891161374831956;57;;
2026-08-09 04:52:39;70.01;29.891161374831956;57;;
2026-08-09 04:53:09;70.01;29.891161374831956;57;;
2026-08-09 04:53:39;70.01;29.891161374831956;57;;
2026-08-09 04:54:09;70.01;29.891161374831956;57;;
2026-08-09 04:54:39;70.02;29.902206570029524;57;;
2026-08-09 04:55:09;70.01;29.891161374831956;57;;
2026-08-09 04:55:39;70.01;29.891161374831956;57;;
2026-08-09 04:56:09;70.01;29.891161374831956;57;;
2026-08-09 04:56:39;70.01;29.891161374831956;57;;
2026-08-09 04:57:09;70;29.88011879843229;57;;
2026-08-09 04:57:39;70;29.88011879843229;57;;
2026-08-09 04:58:09;70;29.88011879843229;57;;
2026-08-09 04:58:39;70.01;29.891161374831956;57;;
2026-08-09 04:59:09;70.01;29.891161374831956;57;;
2026-08-09 04:59:40;70.01;29.891161374831956;57;;
2026-08-09 05:00:10;70;29.88011879843229;57;;
2026-08-09 05:00:40;70.01;29.891161374831956;57;;
2026-08-09 05:01:10;70;29.88011879843229;57;;
2026-08-09 05:01:40;70;29.88011879843229;57;;
2026-08-09 05:02:10;70.01;29.891161374831956;57;;
2026-08-09 05:02:40;70.01;29.891161374831956;57;;
2026-08-09 05:03:10;70.01;29.891161374831956;57;;
2026-08-09 05:03:40;70.01;29.891161374831956;57;;
2026-08-09 05:04:10;70.02;29.902206570029524;57;;
2026-08-09 05:04:40;70.05;29.935357871485177;57;;
2026-08-09 05:05:10;70.06;29.94641354494986;57;;
2026-08-09 05:05:40;70.02;29.902206570029524;57;;
2026-08-09 05:06:10;70.01;29.891161374831956;57;;
2026-08-09 05:06:40;70;29.88011879843229;57;;
2026-08-09 05:07:10;70.01;29.891161374831956;57;;
2026-08-09 05:07:40;70.01;29.891161374831956;57;;
2026-08-09 05:08:10;70.01;29.891161374831956;57;;
2026-08-09 05:08:40;70.01;29.891161374831956;57;;
2026-08-09 05:09:10;70.01;29.891161374831956;57;;
2026-08-09 05:09:40;70;29.88011879843229;57;;
2026-08-09 05:10:10;70.01;29.891161374831956;57;;
2026-08-09 05:10:40;70.01;29.891161374831956;57;;
2026-08-09 05:11:10;70.01;29.891161374831956;57;;
2026-08-09 05:11:40;70.01;29.891161374831956;57;;
2026-08-09 05:12:10;70.02;29.902206570029524;57;;
2026-08-09 05:12:40;70.01;29.891161374831956;57;;
2026-08-09 05:13:10;70.01;29.891161374831956;57;;
2026-08-09 05:13:40;70.01;29.891161374831956;57;;
2026-08-09 05:14:10;70.01;29.891161374831956;57;;
2026-08-09 05:14:40;70.01;29.891161374831956;57;;
2026-08-09 05:15:10;70;29.88011879843229;57;;
2026-08-09 05:15:40;70;29.88011879843229;57;;
2026-08-09 05:16:10;70.01;29.891161374831956;57;;
2026-08-09 05:16:41;70;29.88011879843229;57;;
2026-08-09 05:17:11;70.01;29.891161374831956;57;;
2026-08-09 05:17:41;70.01;29.891161374831956;57;;
2026-08-09 05:18:11;70.01;29.891161374831956;57;;
2026-08-09 05:18:41;70.01;29.891161374831956;57;;
2026-08-09 05:19:11;70;29.88011879843229;57;;
2026-08-09 05:19:41;70;29.88011879843229;57;;
2026-08-09 05:20:11;70;29.88011879843229;57;;
2026-08-09 05:20:41;70;29.88011879843229;57;;
2026-08-09 05:21:11;70;29.88011879843229;57;;
2026-08-09 05:21:41;70.01;29.891161374831956;57;;
2026-08-09 05:22:11;70;29.88011879843229;57;;
2026-08-09 05:22:41;70;29.88011879843229;57;;
2026-08-09 05:23:11;70;29.88011879843229;57;;
2026-08-09 05:23:41;70;29.88011879843229;57;;
2026-08-09 05:24:11;70;29.88011879843229;57;;
2026-08-09 05:24:41;70.01;29.891161374831956;57;;
2026-08-09 05:25:11;70.01;29.891161374831956;57;;
2026-08-09 05:25:41;70.01;29.891161374831956;57;;
2026-08-09 05:26:11;70;29.88011879843229;57;;
2026-08-09 05:26:41;70;29.88011879843229;57;;
2026-08-09 05:27:11;70;29.88011879843229;57;;
2026-08-09 05:27:41;70;29.88011879843229;57;;
2026-08-09 05:28:11;70;29.88011879843229;57;;
2026-08-09 05:28:41;70;29.88011879843229;57;;
2026-08-09 05:29:11;70;29.88011879843229;57;;
2026-08-09 05:29:41;70;29.88011879843229;57;;
2026-08-09 05:30:11;70;29.88011879843229;57;;
2026-08-09 05:30:41;70;29.88011879843229;57;;
2026-08-09 05:31:11;70;29.88011879843229;57;;
2026-08-09 05:31:41;70;29.88011879843229;57;;
2026-08-09 05:32:11;70;29.88011879843229;57;;
2026-08-09 05:32:41;70;29.88011879843229;57;;
2026-08-09 05:33:12;70;29.88011879843229;57;;
2026-08-09 05:33:42;70.01;29.891161374831956;57;;
2026-08-09 05:34:12;70;29.88011879843229;57;;
2026-08-09 05:34:42;70.01;29.891161374831956;57;;
2026-08-09 05:35:12;70;29.88011879843229;57;;
2026-08-09 05:35:42;70;29.88011879843229;57;;
2026-08-09 05:36:12;70.01;29.891161374831956;57;;
2026-08-09 05:36:42;70;29.88011879843229;57;;
2026-08-09 05:37:12;70;29.88011879843229;57;;
2026-08-09 05:37:42;70.01;29.891161374831956;57;;
2026-08-09 05:38:12;70;29.88011879843229;57;;
2026-08-09 05:38:42;70;29.88011879843229;57;;
2026-08-09 05:39:12;70;29.88011879843229;57;;
2026-08-09 05:39:42;70.01;29.891161374831956;57;;
2026-08-09 05:40:12;70;29.88011879843229;57;;
2026-08-09 05:40:42;70;29.88011879843229;57;;
2026-08-09 05:41:12;70;29.88011879843229;57;;
2026-08-09 05:41:42;70;29.88011879843229;57;;
2026-08-09 05:42:12;70;29.88011879843229;57;;
2026-08-09 05:42:42;70;29.88011879843229;57;;
2026-08-09 05:43:12;70;29.88011879843229;57;;
2026-08-09 05:43:42;70;29.88011879843229;57;;
2026-08-09 05:44:12;70;29.88011879843229;57;;
2026-08-09 05:44:42;70;29.88011879843229;57;;
2026-08-09 05:45:12;70;29.88011879843229;57;;
2026-08-09 05:45:42;70;29.88011879843229;57;;
2026-08-09 05:46:12;70;29.88011879843229;57;;
2026-08-09 05:46:42;70;29.88011879843229;57;;
2026-08-09 05:47:12;70;29.88011879843229;57;;
2026-08-09 05:47:42;70;29.88011879843229;57;;
2026-08-09 05:48:12;70;29.88011879843229;57;;
2026-08-09 05:48:42;70;29.88011879843229;57;;
2026-08-09 05:49:12;70;29.88011879843229;57;;
2026-08-09 05:49:43;70;29.88011879843229;57;;
2026-08-09 05:50:13;70;29.88011879843229;57;;
2026-08-09 05:50:43;70.01;29.891161374831956;57;;
2026-08-09 05:51:13;70;29.88011879843229;57;;
2026-08-09 05:51:43;70;29.88011879843229;57;;
2026-08-09 05:52:13;70;29.88011879843229;57;;
2026-08-09 05:52:43;70.02;29.902206570029524;57;;
2026-08-09 05:53:13;70.09;29.979596288588443;57;;
2026-08-09 05:53:43;70.05;29.935357871485177;57;;
2026-08-09 05:54:13;70;29.88011879843229;57;;
2026-08-09 05:54:43;70;29.88011879843229;57;;
2026-08-09 05:55:13;70;29.88011879843229;57;;
2026-08-09 05:55:43;70;29.88011879843229;57;;
2026-08-09 05:56:13;70;29.88011879843229;57;;
2026-08-09 05:56:43;70;29.88011879843229;57;;
2026-08-09 05:57:13;70;29.88011879843229;57;;
2026-08-09 05:57:43;70.01;29.891161374831956;57;;
2026-08-09 05:58:13;70;29.88011879843229;57;;
2026-08-09 05:58:43;70.01;29.891161374831956;57;;
2026-08-09 05:59:13;70.01;29.891161374831956;57;;
2026-08-09 05:59:43;70;29.88011879843229;57;;
2026-08-09 06:00:13;70;29.88011879843229;57;;
2026-08-09 06:00:43;70;29.88011879843229;57;;
2026-08-09 06:01:13;70;29.88011879843229;57;;
2026-08-09 06:01:43;70;29.88011879843229;57;;
2026-08-09 06:02:13;70;29.88011879843229;57;;
2026-08-09 06:02:43;70;29.88011879843229;57;;
2026-08-09 06:03:13;70;29.88011879843229;57;;
2026-08-09 06:03:43;70;29.88011879843229;57;;
2026-08-09 06:04:13;70;29.88011879843229;57;;
2026-08-09 06:04:43;70.01;29.891161374831956;57;;
2026-08-09 06:05:13;70.01;29.891161374831956;57;;
2026-08-09 06:05:43;70.02;29.902206570029524;57;;
2026-08-09 06:06:14;70.01;29.891161374831956;57;;
2026-08-09 06:06:44;70.02;29.902206570029524;57;;
2026-08-09 06:07:14;70.01;29.891161374831956;57;;
2026-08-09 06:07:44;70;29.88011879843229;57;;
2026-08-09 06:08:14;70;29.88011879843229;57;;
2026-08-09 06:08:44;70;29.88011879843229;57;;
2026-08-09 06:09:14;70;29.88011879843229;57;;
2026-08-09 06:09:44;70;29.88011879843229;57;;
2026-08-09 06:10:14;70;29.88011879843229;57;;
2026-08-09 06:10:44;70.01;29.891161374831956;57;;
2026-08-09 06:11:14;70;29.88011879843229;57;;
2026-08-09 06:11:44;70;29.88011879843229;57;;
2026-08-09 06:12:14;70;29.88011879843229;57;;
2026-08-09 06:12:44;70;29.88011879843229;57;;
2026-08-09 06:13:14;70.01;29.891161374831956;57;;
2026-08-09 06:13:44;70;29.88011879843229;57;;
2026-08-09 06:14:14;70;29.88011879843229;57;;
2026-08-09 06:14:44;70.01;29.891161374831956;57;;
2026-08-09 06:15:14;70.01;29.891161374831956;57;;
2026-08-09 06:15:44;70;29.88011879843229;57;;
2026-08-09 06:16:14;70.01;29.891161374831956;57;;
2026-08-09 06:16:44;70.01;29.891161374831956;57;;
2026-08-09 06:17:14;70;29.88011879843229;57;;
2026-08-09 06:17:44;70.01;29.891161374831956;57;;
2026-08-09 06:18:14;70.01;29.891161374831956;57;;
2026-08-09 06:18:44;70.01;29.891161374831956;57;;
2026-08-09 06:19:14;70.01;29.891161374831956;57;;
2026-08-09 06:19:44;70.01;29.891161374831956;57;;
2026-08-09 06:20:14;70.01;29.891161374831956;57;;
2026-08-09 06:20:44;70;29.88011879843229;57;;
2026-08-09 06:21:14;70.01;29.891161374831956;57;;
2026-08-09 06:21:44;70;29.88011879843229;57;;
2026-08-09 06:22:14;70;29.88011879843229;57;;
2026-08-09 06:22:44;70;29.88011879843229;57;;
2026-08-09 06:23:15;70;29.88011879843229;57;;
2026-08-09 06:23:45;70;29.88011879843229;57;;
2026-08-09 06:24:15;70.02;29.902206570029524;57;;
2026-08-09 06:24:45;70;29.88011879843229;57;;
2026-08-09 06:25:15;70;29.88011879843229;57;;
2026-08-09 06:25:45;70;29.88011879843229;57;;
2026-08-09 06:26:15;70;29.88011879843229;57;;
2026-08-09 06:26:45;70;29.88011879843229;57;;
2026-08-09 06:27:15;70;29.88011879843229;57;;
2026-08-09 06:27:45;70.01;29.891161374831956;57;;
2026-08-09 06:28:15;70;29.88011879843229;57;;
2026-08-09 06:28:45;70.01;29.891161374831956;57;;
2026-08-09 06:29:15;70;29.88011879843229;57;;
2026-08-09 06:29:45;70;29.88011879843229;57;;
2026-08-09 06:30:15;70.01;29.891161374831956;57;;
2026-08-09 06:30:45;70.01;29.891161374831956;57;;
2026-08-09 06:31:15;70.02;29.902206570029524;57;;
2026-08-09 06:31:45;70.02;29.902206570029524;57;;
2026-08-09 06:32:15;70.08;29.96853275319391;57;;
2026-08-09 06:32:45;70.12;30.01280262355374;57;;
2026-08-09 06:33:15;70.01;29.891161374831956;57;;
2026-08-09 06:33:45;70;29.88011879843229;57;;
2026-08-09 06:34:15;70;29.88011879843229;57;;
2026-08-09 06:34:45;70;29.88011879843229;57;;
2026-08-09 06:35:15;70.02;29.902206570029524;57;;
2026-08-09 06:35:45;70.01;29.891161374831956;57;;
2026-08-09 06:36:15;70.01;29.891161374831956;57;;
2026-08-09 06:36:45;70.02;29.902206570029524;57;;
2026-08-09 06:37:15;70.02;29.902206570029524;57;;
2026-08-09 06:37:45;70.01;29.891161374831956;57;;
2026-08-09 06:38:15;70.05;29.935357871485177;57;;
2026-08-09 06:38:45;70.12;30.01280262355374;57;;
2026-08-09 06:39:15;70.38;30.301580311915114;57;;
2026-08-09 06:39:46;70.33;30.245908223374094;57;;
2026-08-09 06:40:16;70.05;29.935357871485177;57;;
2026-08-09 06:40:46;70.12;30.01280262355374;57;;
2026-08-09 06:41:16;70.04;29.9243048180486;57;;
2026-08-09 06:41:46;70;29.88011879843229;57;;
2026-08-09 06:42:16;70;29.88011879843229;57;;
2026-08-09 06:42:46;70;29.88011879843229;57;;
2026-08-09 06:43:16;70.01;29.891161374831956;57;;
2026-08-09 06:43:46;70.01;29.891161374831956;57;;
2026-08-09 06:44:16;70.01;29.891161374831956;57;;
2026-08-09 06:44:46;70;29.88011879843229;57;;
2026-08-09 06:45:16;70;29.88011879843229;57;;
2026-08-09 06:45:46;70;29.88011879843229;57;;
2026-08-09 06:46:16;70;29.88011879843229;57;;
2026-08-09 06:46:46;70;29.88011879843229;57;;
2026-08-09 06:47:16;70;29.88011879843229;57;;
2026-08-09 06:47:46;70;29.88011879843229;57;;
2026-08-09 06:48:16;70;29.88011879843229;57;;
2026-08-09 06:48:46;70;29.88011879843229;57;;
2026-08-09 06:49:16;70;29.88011879843229;57;;
2026-08-09 06:49:46;70;29.88011879843229;57;;
2026-08-09 06:50:16;70;29.88011879843229;57;;
2026-08-09 06:50:46;70.01;29.891161374831956;57;;
2026-08-09 06:51:16;70;29.88011879843229;57;;
2026-08-09 06:51:46;70;29.88011879843229;57;;
2026-08-09 06:52:16;70;29.88011879843229;57;;
2026-08-09 06:52:46;70.04;29.9243048180486;57;;
2026-08-09 06:53:16;70.01;29.891161374831956;57;;
2026-08-09 06:53:46;70;29.88011879843229;57;;
2026-08-09 06:54:16;70;29.88011879843229;57;;
2026-08-09 06:54:46;70.01;29.891161374831956;57;;
2026-08-09 06:55:16;70.01;29.891161374831956;57;;
2026-08-09 06:55:46;70.01;29.891161374831956;57;;
2026-08-09 06:56:17;70.05;29.935357871485177;57;;
2026-08-09 06:56:47;70.22;30.12366089523823;57;;
2026-08-09 06:57:17;70.12;30.01280262355374;57;;
2026-08-09 06:57:47;70.23;30.134761156252683;57;;
2026-08-09 06:58:17;70.37;30.290440635066737;57;;
2026-08-09 06:58:47;70;29.88011879843229;57;;
2026-08-09 06:59:17;70.01;29.891161374831956;57;;
2026-08-09 06:59:47;70.51;30.446635570045256;57;;
2026-08-09 07:00:17;70.88;30.86192406129744;57;;
2026-08-09 07:00:47;71;30.997389273373205;57;;
2026-08-09 07:01:17;71;30.997389273373205;57;;
2026-08-09 07:01:47;71;30.997389273373205;57;;
2026-08-09 07:02:17;70.58;30.52492659782281;57;;
2026-08-09 07:02:47;70.22;30.12366089523823;57;;
2026-08-09 07:03:17;70.95;30.940899102618502;57;;
2026-08-09 07:03:47;70.98;30.974785259286456;57;;
2026-08-09 07:04:17;71;30.997389273373205;57;;
2026-08-09 07:04:47;70.63;30.580927844875248;57;;
2026-08-09 07:05:17;70.01;29.891161374831956;57;;
2026-08-09 07:05:47;70.58;30.52492659782281;57;;
2026-08-09 07:06:17;71.01;31.00869525423601;57;;
2026-08-09 07:06:47;71.29;31.32633959574002;57;;
2026-08-09 07:07:17;71.18;31.201302573750183;57;;
2026-08-09 07:07:47;71.01;31.00869525423601;57;;
2026-08-09 07:08:17;70.94;30.929609013016552;57;;
2026-08-09 07:08:47;70.98;30.974785259286456;57;;
2026-08-09 07:09:17;71;30.997389273373205;57;;
2026-08-09 07:09:47;71;30.997389273373205;57;;
2026-08-09 07:10:17;71;30.997389273373205;57;;
2026-08-09 07:10:47;71;30.997389273373205;57;;
2026-08-09 07:11:17;71;30.997389273373205;57;;
2026-08-09 07:11:47;71;30.997389273373205;57;;
2026-08-09 07:12:17;71.38;31.428881840734;57;;
2026-08-09 07:12:48;71.83;31.944830782246232;57;;
2026-08-09 07:13:18;71.88;32.00249230275972;57;;
2026-08-09 07:13:48;71.55;31.62316102689517;57;;
2026-08-09 07:14:18;71.13;31.144573783734607;57;;
2026-08-09 07:14:48;71.11;31.12190084323459;57;;
2026-08-09 07:15:18;71.06;31.065264909105647;57;;
2026-08-09 07:15:48;71;30.997389273373205;57;;
2026-08-09 07:16:18;70.98;30.974785259286456;57;;
2026-08-09 07:16:48;71;30.997389273373205;57;;
2026-08-09 07:17:18;70.95;30.940899102618502;57;;
2026-08-09 07:17:48;70.22;30.12366089523823;57;;
2026-08-09 07:18:18;70.18;30.0792861006924;57;;
2026-08-09 07:18:48;71;30.997389273373205;57;;
2026-08-09 07:19:18;71.36;31.406076055636767;57;;
2026-08-09 07:19:48;71.48;31.5430704799521;57;;
2026-08-09 07:20:18;70.87;30.85065249744351;57;;
2026-08-09 07:20:48;70.26;30.168077693928517;57;;
2026-08-09 07:21:18;70.81;30.78307865481187;57;;
2026-08-09 07:21:48;71;30.997389273373205;57;;
2026-08-09 07:22:18;70.97;30.96348722544451;57;;
2026-08-09 07:22:48;70.48;30.413121791478662;57;;
2026-08-09 07:23:18;70.95;30.940899102618502;57;;
2026-08-09 07:23:48;71;30.997389273373205;57;;
2026-08-09 07:24:18;71;30.997389273373205;57;;
2026-08-09 07:24:48;71;30.997389273373205;57;;
2026-08-09 07:25:18;71;30.997389273373205;57;;
2026-08-09 07:25:48;70.52;30.457812097541286;57;;
2026-08-09 07:26:18;70.31;30.223657790636082;57;;
2026-08-09 07:26:48;70.90;30.884475126140675;57;;
2026-08-09 07:27:18;70.29;30.20141787001844;57;;
2026-08-09 07:27:48;69.98;29.858041500796826;57;;
2026-08-09 07:28:18;69.33;29.146215703002728;57;;
2026-08-09 07:28:48;69.06;28.853765663398658;57;;
2026-08-09 07:29:18;68.69;28.456065735759726;57;;
2026-08-09 07:29:49;68.01;27.734351165639637;57;;
2026-08-09 07:30:19;68.88;28.659848151550882;57;;
2026-08-09 07:30:49;68.98;28.767476622586056;57;;
2026-08-09 07:31:19;68.18;27.91366734768617;57;;
2026-08-09 07:31:49;68.30;28.0406893102731;57;;
2026-08-09 07:32:19;69.70;29.550057722807527;57;;
2026-08-09 07:32:49;70;29.88011879843229;57;;
2026-08-09 07:33:19;69.26;29.070213710902507;57;;
2026-08-09 07:33:49;68.13;27.860850478008366;57;;
2026-08-09 07:34:19;67.30;26.99341521527894;57;;
2026-08-09 07:34:49;67;26.684192026956463;57;;
2026-08-09 07:35:19;67;26.684192026956463;57;;
2026-08-09 07:35:49;66.98;26.663658099276937;57;;
2026-08-09 07:36:19;66.98;26.663658099276937;57;;
2026-08-09 07:36:49;66.76;26.43845130454277;57;;
2026-08-09 07:37:19;66.12;25.790226645101775;57;;
2026-08-09 07:37:49;66.58;26.255098413811563;57;;
2026-08-09 07:38:19;68.16;27.8925329136308;57;;
2026-08-09 07:38:49;68.98;28.767476622586056;57;;
2026-08-09 07:39:19;69.04;28.83217787140514;57;;
2026-08-09 07:39:49;69.61;29.451497704772677;57;;
2026-08-09 07:40:19;68.27;28.008899193387013;57;;
2026-08-09 07:40:49;67.23;26.921059290818896;57;;
2026-08-09 07:41:19;67;26.684192026956463;57;;
2026-08-09 07:41:49;67.41;27.107368486908584;57;;
2026-08-09 07:42:19;68.61;28.37054119470457;57;;
2026-08-09 07:42:49;68.06;27.78701442437579;57;;
2026-08-09 07:43:19;67.06;26.74585446542996;57;;
2026-08-09 07:43:49;66.93;26.612367485013813;57;;
2026-08-09 07:44:19;66.58;26.255098413811563;57;;
2026-08-09 07:44:49;66.58;26.255098413811563;57;;
2026-08-09 07:45:19;66.30;25.971501293517566;57;;
2026-08-09 07:45:49;66.33;26.00179261758006;57;;
2026-08-09 07:46:20;66.73;26.407835845314487;57;;
2026-08-09 07:46:50;66.19;25.86062598383592;57;;
2026-08-09 07:47:20;66.01;25.679846601237347;57;;
2026-08-09 07:47:50;66.16;25.830439830308585;57;;
2026-08-09 07:48:20;67.22;26.91073286813364;57;;
2026-08-09 07:48:50;67.30;26.99341521527894;57;;
2026-08-09 07:49:20;66.08;25.75005346446424;57;;
2026-08-09 07:49:50;66;25.6698270396244;57;;
2026-08-09 07:50:20;66.01;25.679846601237347;57;;
2026-08-09 07:50:50;66;25.6698270396244;57;;
2026-08-09 07:51:20;66.04;25.709920269076978;57;;
2026-08-09 07:51:50;67.98;27.702783903950483;57;;
2026-08-09 07:52:20;68.63;28.391906868503177;57;;
2026-08-09 07:52:50;67.51;27.211228990849516;57;;
2026-08-09 07:53:20;68.16;27.8925329136308;57;;
2026-08-09 07:53:50;68.88;28.659848151550882;57;;
2026-08-09 07:54:20;67.52;27.221629019337332;57;;
2026-08-09 07:54:50;66.88;26.561139990354484;57;;
2026-08-09 07:55:20;66.69;26.367050493769554;57;;
2026-08-09 07:55:50;66.61;26.285600612065824;57;;
2026-08-09 07:56:20;66.87;26.550902062442145;57;;
2026-08-09 07:56:50;66.23;25.900909223536114;57;;
2026-08-09 07:57:20;66;25.6698270396244;57;;
2026-08-09 07:57:50;66.01;25.679846601237347;57;;
2026-08-09 07:58:20;66.33;26.00179261758006;57;;
2026-08-09 07:58:50;67.79;27.50339191988548;57;;
2026-08-09 07:59:20;67.36;27.055533479371512;57;;
2026-08-09 07:59:50;67.01;26.694462781003104;57;;
2026-08-09 08:00:20;66.41;26.082679795552433;57;;
2026-08-09 08:00:50;66.23;25.900909223536114;57;;
2026-08-09 08:01:20;66.55;26.22461884324117;57;;
2026-08-09 08:01:50;67.51;27.211228990849516;57;;
2026-08-09 08:02:20;68.97;28.756702138114044;57;;
2026-08-09 08:02:51;68.40;28.14682323085528;57;;
2026-08-09 08:03:21;67.94;27.66073001378858;57;;
2026-08-09 08:03:51;68.48;28.23191535537267;57;;
2026-08-09 08:04:21;69.98;29.858041500796826;57;;
2026-08-09 08:04:51;70.83;30.805592691939644;57;;
2026-08-09 08:05:21;71;30.997389273373205;57;;
2026-08-09 08:05:51;71.01;31.00869525423601;57;;
2026-08-09 08:06:21;71;30.997389273373205;57;;
2026-08-09 08:06:51;70.11;30.001731223460702;57;;
2026-08-09 08:07:21;69.19;28.99433891186674;57;;
2026-08-09 08:07:51;68.48;28.23191535537267;57;;
2026-08-09 08:08:21;68.27;28.008899193387013;57;;
2026-08-09 08:08:51;69.80;29.65981674456112;57;;
2026-08-09 08:09:21;70;29.88011879843229;57;;
2026-08-09 08:09:51;70.19;30.09037586251767;57;;
2026-08-09 08:10:21;69.55;29.38590833282531;57;;
2026-08-09 08:10:51;68.29;28.03009003861975;57;;
2026-08-09 08:11:21;67.98;27.702783903950483;57;;
2026-08-09 08:11:51;67.12;26.80760793798904;57;;
2026-08-09 08:12:21;67.05;26.735571072308225;57;;
2026-08-09 08:12:51;67.02;26.704736062258416;57;;
2026-08-09 08:13:21;66.76;26.43845130454277;57;;
2026-08-09 08:13:51;66.81;26.48952746665758;57;;
2026-08-09 08:14:21;66.98;26.663658099276937;57;;
2026-08-09 08:14:51;67.55;27.252844362137367;57;;
2026-08-09 08:15:21;67.23;26.921059290818896;57;;
2026-08-09 08:15:51;68;27.72382618788967;57;;
2026-08-09 08:16:21;67.08;26.76642883815038;57;;
2026-08-09 08:16:51;66.73;26.407835845314487;57;;
2026-08-09 08:17:21;66.45;26.123183591973987;57;;
2026-08-09 08:17:51;66.43;26.10292667446173;57;;
2026-08-09 08:18:21;66.26;25.931147940129538;57;;
2026-08-09 08:18:51;66;25.6698270396244;57;;
2026-08-09 08:19:22;66;25.6698270396244;57;;
2026-08-09 08:19:52;66.01;25.679846601237347;57;;
2026-08-09 08:20:22;66.06;25.729981869821614;57;;
2026-08-09 08:20:52;66;25.6698270396244;57;;
2026-08-09 08:21:22;65.98;25.649795406088494;57;;
2026-08-09 08:21:52;66;25.6698270396244;57;;
2026-08-09 08:22:22;66;25.6698270396244;57;;
2026-08-09 08:22:52;66;25.6698270396244;57;;
2026-08-09 08:23:22;66.05;25.719949820362956;57;;
2026-08-09 08:23:52;67.63;27.33619721689244;57;;
2026-08-09 08:24:22;68.61;28.37054119470457;57;;
2026-08-09 08:24:52;68;27.72382618788967;57;;
2026-08-09 08:25:22;66.87;26.550902062442145;57;;
2026-08-09 08:25:52;66.58;26.255098413811563;57;;
2026-08-09 08:26:22;66.88;26.561139990354484;57;;
2026-08-09 08:26:52;66.98;26.663658099276937;57;;
2026-08-09 08:27:22;67.04;26.725290207607834;57;;
2026-08-09 08:27:52;67.73;27.440617446297484;57;;
2026-08-09 08:28:22;68;27.72382618788967;57;;
2026-08-09 08:28:52;68.37;28.114956089003034;57;;
2026-08-09 08:29:22;68.80;28.573931447824645;57;;
2026-08-09 08:29:52;67.73;27.440617446297484;57;;
2026-08-09 08:30:22;67;26.684192026956463;57;;
2026-08-09 08:30:52;67.01;26.694462781003104;57;;
2026-08-09 08:31:22;67.11;26.79730936797151;57;;
2026-08-09 08:31:52;68.26;27.998307619197753;57;;
2026-08-09 08:32:22;69.81;29.67080700955775;57;;
2026-08-09 08:32:52;69.70;29.550057722807527;57;;
2026-08-09 08:33:22;68.43;28.17871349804393;57;;
2026-08-09 08:33:52;67.98;27.702783903950483;57;;
2026-08-09 08:34:22;67.95;27.671239652375753;57;;
2026-08-09 08:34:52;68;27.72382618788967;57;;
2026-08-09 08:35:22;67.83;27.5452925828116;57;;
2026-08-09 08:35:52;67.33;27.024462931202407;57;;
2026-08-09 08:36:23;67.52;27.221629019337332;57;;
2026-08-09 08:36:53;67.79;27.50339191988548;57;;
2026-08-09 08:37:23;67.33;27.024462931202407;57;;
2026-08-09 08:37:53;67.93;27.650222930662867;57;;
2026-08-09 08:38:23;68;27.72382618788967;57;;
2026-08-09 08:38:53;68.16;27.8925329136308;57;;
2026-08-09 08:39:23;68;27.72382618788967;57;;
2026-08-09 08:39:53;68.20;27.934812032831854;57;;
2026-08-09 08:40:23;68.87;28.649099522289724;57;;
2026-08-09 08:40:53;68.98;28.767476622586056;57;;
2026-08-09 08:41:23;69;28.7890333534471;57;;
2026-08-09 08:41:53;68.98;28.767476622586056;57;;
2026-08-09 08:42:23;69;28.7890333534471;57;;
2026-08-09 08:42:53;69;28.7890333534471;57;;
2026-08-09 08:43:23;69;28.7890333534471;57;;
2026-08-09 08:43:53;69;28.7890333534471;57;;
2026-08-09 08:44:23;69;28.7890333534471;57;;
2026-08-09 08:44:53;68.98;28.767476622586056;57;;
2026-08-09 08:45:23;69;28.7890333534471;57;;
2026-08-09 08:45:53;69;28.7890333534471;57;;
2026-08-09 08:46:23;69.04;28.83217787140514;57;;
2026-08-09 08:46:53;69.23;29.03768037135378;57;;
2026-08-09 08:47:23;69.05;28.842970472728965;57;;
2026-08-09 08:47:53;69.05;28.842970472728965;57;;
2026-08-09 08:48:23;69.44;29.265904639606806;57;;
2026-08-09 08:48:53;69.33;29.146215703002728;57;;
2026-08-09 08:49:23;69.31;29.12448786310465;57;;
2026-08-09 08:49:53;69.61;29.451497704772677;57;;
2026-08-09 08:50:23;69.98;29.858041500796826;57;;
2026-08-09 08:50:53;69.80;29.65981674456112;57;;
2026-08-09 08:51:23;69.97;29.847006778946035;57;;
2026-08-09 08:51:53;69.98;29.858041500796826;57;;
2026-08-09 08:52:23;69.94;29.81391831757202;57;;
2026-08-09 08:52:54;69.97;29.847006778946035;57;;
2026-08-09 08:53:24;70;29.88011879843229;57;;
2026-08-09 08:53:54;70;29.88011879843229;57;;
2026-08-09 08:54:24;70;29.88011879843229;57;;
2026-08-09 08:54:54;70.19;30.09037586251767;57;;
2026-08-09 08:55:24;70.30;30.21253651646621;57;;
2026-08-09 08:55:54;70.06;29.94641354494986;57;;
2026-08-09 08:56:24;70;29.88011879843229;57;;
2026-08-09 08:56:54;70;29.88011879843229;57;;
2026-08-09 08:57:24;70;29.88011879843229;57;;
2026-08-09 08:57:54;70;29.88011879843229;57;;
2026-08-09 08:58:24;70;29.88011879843229;57;;
2026-08-09 08:58:54;70;29.88011879843229;57;;
2026-08-09 08:59:24;70;29.88011879843229;57;;
2026-08-09 08:59:54;70;29.88011879843229;57;;
2026-08-09 09:00:24;70;29.88011879843229;57;;
2026-08-09 09:00:54;70;29.88011879843229;57;;
2026-08-09 09:01:24;70;29.88011879843229;57;;
2026-08-09 09:01:54;70;29.88011879843229;57;;
2026-08-09 09:02:24;70.06;29.94641354494986;57;;
2026-08-09 09:02:54;70.73;30.69312821949963;57;;
2026-08-09 09:03:24;70.01;29.891161374831956;57;;
2026-08-09 09:03:54;70;29.88011879843229;57;;
2026-08-09 09:04:24;70;29.88011879843229;57;;
2026-08-09 09:04:54;70;29.88011879843229;57;;
2026-08-09 09:05:24;70;29.88011879843229;57;;
2026-08-09 09:05:54;70;29.88011879843229;57;;
2026-08-09 09:06:24;70;29.88011879843229;57;;
2026-08-09 09:06:54;70;29.88011879843229;57;;
2026-08-09 09:07:24;70;29.88011879843229;57;;
2026-08-09 09:07:54;70;29.88011879843229;57;;
2026-08-09 09:08:24;70;29.88011879843229;57;;
2026-08-09 09:08:54;70;29.88011879843229;57;;
2026-08-09 09:09:25;70;29.88011879843229;57;;
2026-08-09 09:09:55;70;29.88011879843229;57;;
2026-08-09 09:10:25;70;29.88011879843229;57;;
2026-08-09 09:10:55;70;29.88011879843229;57;;
2026-08-09 09:11:25;70;29.88011879843229;57;;
2026-08-09 09:11:55;70;29.88011879843229;57;;
2026-08-09 09:12:25;69.98;29.858041500796826;57;;
2026-08-09 09:12:55;70;29.88011879843229;57;;
2026-08-09 09:13:25;69.98;29.858041500796826;57;;
2026-08-09 09:13:55;70;29.88011879843229;57;;
2026-08-09 09:14:25;70.01;29.891161374831956;57;;
2026-08-09 09:14:55;70.02;29.902206570029524;57;;
2026-08-09 09:15:25;70;29.88011879843229;57;;
2026-08-09 09:15:55;70;29.88011879843229;57;;
2026-08-09 09:16:25;70;29.88011879843229;57;;
2026-08-09 09:16:55;70;29.88011879843229;57;;
2026-08-09 09:17:25;69.98;29.858041500796826;57;;
2026-08-09 09:17:55;70;29.88011879843229;57;;
2026-08-09 09:18:25;69.98;29.858041500796826;57;;
2026-08-09 09:18:55;69.98;29.858041500796826;57;;
2026-08-09 09:19:25;69.98;29.858041500796826;57;;
2026-08-09 09:19:55;69.87;29.73680347595581;57;;
2026-08-09 09:20:25;69.70;29.550057722807527;57;;
2026-08-09 09:20:55;69.73;29.58295801800191;57;;
2026-08-09 09:21:25;69.80;29.65981674456112;57;;
2026-08-09 09:21:55;69.98;29.858041500796826;57;;
2026-08-09 09:22:25;69.98;29.858041500796826;57;;
2026-08-09 09:22:55;69.86;29.725797530446275;57;;
2026-08-09 09:23:25;69.83;29.69279537781039;57;;
2026-08-09 09:23:55;69.66;29.50622719092809;57;;
2026-08-09 09:24:25;69.69;29.539096176696784;57;;
2026-08-09 09:24:55;69.26;29.070213710902507;57;;
2026-08-09 09:25:25;69.50;29.3313221540614;57;;
2026-08-09 09:25:56;69.81;29.67080700955775;57;;
2026-08-09 09:26:26;69.19;28.99433891186674;57;;
2026-08-09 09:26:56;69.08;28.875363813999982;57;;
2026-08-09 09:27:26;69.47;29.298601686870043;57;;
2026-08-09 09:27:56;69.52;29.353148814016397;57;;
2026-08-09 09:28:26;69.75;29.604904598587332;57;;
2026-08-09 09:28:56;69.23;29.03768037135378;57;;
2026-08-09 09:29:26;69.02;28.81060043557075;57;;
2026-08-09 09:29:56;69.06;28.853765663398658;57;;
2026-08-09 09:30:26;69.65;29.495276078836376;57;;
2026-08-09 09:30:56;69.66;29.50622719092809;57;;
2026-08-09 09:31:26;69.15;28.95103895049843;57;;
2026-08-09 09:31:56;69.04;28.83217787140514;57;;
2026-08-09 09:32:26;69.44;29.265904639606806;57;;
2026-08-09 09:32:56;69.12;28.918591200821634;57;;
2026-08-09 09:33:26;69.01;28.799815600448092;57;;
2026-08-09 09:33:56;69.08;28.875363813999982;57;;
2026-08-09 09:34:26;69.37;29.18970256031328;57;;
2026-08-09 09:34:56;69.02;28.81060043557075;57;;
2026-08-09 09:35:26;69;28.7890333534471;57;;
2026-08-09 09:35:56;69.01;28.799815600448092;57;;
2026-08-09 09:36:26;69.06;28.853765663398658;57;;
2026-08-09 09:36:56;69.56;29.39683338135582;57;;
2026-08-09 09:37:26;69.29;29.102770412442208;57;;
2026-08-09 09:37:56;69.09;28.88616677454381;57;;
2026-08-09 09:38:26;69.04;28.83217787140514;57;;
2026-08-09 09:38:56;69.05;28.842970472728965;57;;
2026-08-09 09:39:26;69.05;28.842970472728965;57;;
2026-08-09 09:39:56;69.45;29.276801053658144;57;;
2026-08-09 09:40:26;69.08;28.875363813999982;57;;
2026-08-09 09:40:56;69.01;28.799815600448092;57;;
2026-08-09 09:41:26;69.01;28.799815600448092;57;;
2026-08-09 09:41:56;69.08;28.875363813999982;57;;
2026-08-09 09:42:26;69.16;28.961860051463823;57;;
2026-08-09 09:42:57;69.01;28.799815600448092;57;;
2026-08-09 09:43:27;69.01;28.799815600448092;57;;
2026-08-09 09:43:57;69.01;28.799815600448092;57;;
2026-08-09 09:44:27;69.01;28.799815600448092;57;;
2026-08-09 09:44:57;69.01;28.799815600448092;57;;
2026-08-09 09:45:27;69.01;28.799815600448092;57;;
2026-08-09 09:45:57;69.12;28.918591200821634;57;;
2026-08-09 09:46:27;69.08;28.875363813999982;57;;
2026-08-09 09:46:57;69.12;28.918591200821634;57;;
2026-08-09 09:47:27;69.88;29.747812035959573;57;;
2026-08-09 09:47:57;69.91;29.78085340600966;57;;
2026-08-09 09:48:27;69.33;29.146215703002728;57;;
2026-08-09 09:48:57;69.18;28.98351003184174;57;;
2026-08-09 09:49:27;69.05;28.842970472728965;57;;
2026-08-09 09:49:57;69;28.7890333534471;57;;
2026-08-09 09:50:27;69;28.7890333534471;57;;
2026-08-09 09:50:57;69.01;28.799815600448092;57;;
2026-08-09 09:51:27;69.02;28.81060043557075;57;;
2026-08-09 09:51:57;69.01;28.799815600448092;57;;
2026-08-09 09:52:27;69;28.7890333534471;57;;
2026-08-09 09:52:57;69;28.7890333534471;57;;
2026-08-09 09:53:27;69;28.7890333534471;57;;
2026-08-09 09:53:57;69.01;28.799815600448092;57;;
2026-08-09 09:54:27;69;28.7890333534471;57;;
2026-08-09 09:54:57;69;28.7890333534471;57;;
2026-08-09 09:55:27;69.26;29.070213710902507;57;;
2026-08-09 09:55:57;70.02;29.902206570029524;57;;
2026-08-09 09:56:27;70.01;29.891161374831956;57;;
2026-08-09 09:56:57;69.91;29.78085340600966;57;;
2026-08-09 09:57:27;69.01;28.799815600448092;57;;
2026-08-09 09:57:57;69;28.7890333534471;57;;
2026-08-09 09:58:27;69;28.7890333534471;57;;
2026-08-09 09:58:57;69;28.7890333534471;57;;
2026-08-09 09:59:28;69.01;28.799815600448092;57;;
2026-08-09 09:59:58;69;28.7890333534471;57;;
2026-08-09 10:00:28;69;28.7890333534471;57;;
2026-08-09 10:00:58;69;28.7890333534471;57;;
2026-08-09 10:01:28;69;28.7890333534471;57;;
2026-08-09 10:01:58;69;28.7890333534471;57;;
2026-08-09 10:02:28;69;28.7890333534471;57;;
2026-08-09 10:02:58;69;28.7890333534471;57;;
2026-08-09 10:03:28;69;28.7890333534471;57;;
2026-08-09 10:03:58;69;28.7890333534471;57;;
2026-08-09 10:04:28;69;28.7890333534471;57;;
2026-08-09 10:04:58;69;28.7890333534471;57;;
2026-08-09 10:05:28;69.01;28.799815600448092;57;;
2026-08-09 10:05:58;69.62;29.462438387757032;57;;
2026-08-09 10:06:28;70;29.88011879843229;57;;
2026-08-09 10:06:58;69.88;29.747812035959573;57;;
2026-08-09 10:07:28;69.04;28.83217787140514;57;;
2026-08-09 10:07:58;69;28.7890333534471;57;;
2026-08-09 10:08:28;69;28.7890333534471;57;;
2026-08-09 10:08:58;69.01;28.799815600448092;57;;
2026-08-09 10:09:28;69;28.7890333534471;57;;
2026-08-09 10:09:58;69;28.7890333534471;57;;
2026-08-09 10:10:28;69;28.7890333534471;57;;
2026-08-09 10:10:58;69.01;28.799815600448092;57;;
2026-08-09 10:11:28;69;28.7890333534471;57;;
2026-08-09 10:11:58;69;28.7890333534471;57;;
2026-08-09 10:12:28;69;28.7890333534471;57;;
2026-08-09 10:12:58;68.91;28.69210954542566;57;;
2026-08-09 10:13:28;68.37;28.114956089003034;57;;
2026-08-09 10:13:58;68.01;27.734351165639637;57;;
2026-08-09 10:14:28;68.04;27.76594144566574;57;;
2026-08-09 10:14:58;68.47;28.22126984128126;57;;
2026-08-09 10:15:28;68.16;27.8925329136308;57;;
2026-08-09 10:15:59;68;27.72382618788967;57;;
2026-08-09 10:16:29;68;27.72382618788967;57;;
2026-08-09 10:16:59;68;27.72382618788967;57;;
2026-08-09 10:17:29;68;27.72382618788967;57;;
2026-08-09 10:17:59;68;27.72382618788967;57;;
2026-08-09 10:18:29;68;27.72382618788967;57;;
2026-08-09 10:18:59;68;27.72382618788967;57;;
2026-08-09 10:19:29;68;27.72382618788967;57;;
2026-08-09 10:19:59;68;27.72382618788967;57;;
2026-08-09 10:20:29;67.98;27.702783903950483;57;;
2026-08-09 10:20:59;68;27.72382618788967;57;;
2026-08-09 10:21:29;67.98;27.702783903950483;57;;
2026-08-09 10:21:59;67.95;27.671239652375753;57;;
2026-08-09 10:22:29;68.04;27.76594144566574;57;;
2026-08-09 10:22:59;68;27.72382618788967;57;;
2026-08-09 10:23:29;67.98;27.702783903950483;57;;
2026-08-09 10:23:59;67.98;27.702783903950483;57;;
2026-08-09 10:24:29;67.98;27.702783903950483;57;;
2026-08-09 10:24:59;67.98;27.702783903950483;57;;
2026-08-09 10:25:29;67.98;27.702783903950483;57;;
2026-08-09 10:25:59;67.94;27.66073001378858;57;;
2026-08-09 10:26:29;68;27.72382618788967;57;;
2026-08-09 10:26:59;68;27.72382618788967;57;;
2026-08-09 10:27:29;68;27.72382618788967;57;;
2026-08-09 10:27:59;67.98;27.702783903950483;57;;
2026-08-09 10:28:29;67.86;27.57674487613044;57;;
2026-08-09 10:28:59;67.87;27.58723407955006;57;;
2026-08-09 10:29:29;67.91;27.62921642957785;57;;
2026-08-09 10:29:59;67.88;27.597725836300206;57;;
2026-08-09 10:30:29;67.69;27.398818782714326;57;;
2026-08-09 10:30:59;67.52;27.221629019337332;57;;
2026-08-09 10:31:29;67.34;27.03481724327115;57;;
2026-08-09 10:31:59;67.41;27.107368486908584;57;;
2026-08-09 10:32:29;67.26;26.95205376337475;57;;
2026-08-09 10:33:00;67.12;26.80760793798904;57;;
2026-08-09 10:33:30;67.31;27.003761917509884;57;;
2026-08-09 10:34:00;67.84;27.555774128065547;57;;
2026-08-09 10:34:30;67.94;27.66073001378858;57;;
2026-08-09 10:35:00;67.70;27.409264626068126;57;;
2026-08-09 10:35:30;67.29;26.983071049053496;57;;
2026-08-09 10:36:00;67.70;27.409264626068126;57;;
2026-08-09 10:36:30;67.84;27.555774128065547;57;;
2026-08-09 10:37:00;67.63;27.33619721689244;57;;
2026-08-09 10:37:30;67.30;26.99341521527894;57;;
2026-08-09 10:38:00;67.54;27.242436704677385;57;;
2026-08-09 10:38:30;67.48;27.180044158468732;57;;
2026-08-09 10:39:00;67.69;27.398818782714326;57;;
2026-08-09 10:39:30;67.26;26.95205376337475;57;;
2026-08-09 10:40:00;67.44;27.138499961145172;57;;
2026-08-09 10:40:30;67.55;27.252844362137367;57;;
2026-08-09 10:41:00;67.72;27.430163957555585;57;;
2026-08-09 10:41:30;67.87;27.58723407955006;57;;
2026-08-09 10:42:00;67.97;27.6922665971522;57;;
2026-08-09 10:42:30;68;27.72382618788967;57;;
2026-08-09 10:43:00;68.16;27.8925329136308;57;;
2026-08-09 10:43:30;68.08;27.808097639549736;57;;
2026-08-09 10:44:00;67.73;27.440617446297484;57;;
2026-08-09 10:44:30;67.23;26.921059290818896;57;;
2026-08-09 10:45:00;67;26.684192026956463;57;;
2026-08-09 10:45:30;67;26.684192026956463;57;;
2026-08-09 10:46:00;67.70;27.409264626068126;57;;
2026-08-09 10:46:30;68;27.72382618788967;57;;
2026-08-09 10:47:00;68;27.72382618788967;57;;
2026-08-09 10:47:30;68.01;27.734351165639637;57;;
2026-08-09 10:48:00;67.81;27.52433714833915;57;;
2026-08-09 10:48:30;66.79;26.46908944048472;57;;
2026-08-09 10:49:00;66.87;26.550902062442145;57;;
2026-08-09 10:49:31;66.98;26.663658099276937;57;;
2026-08-09 10:50:01;67;26.684192026956463;57;;
2026-08-09 10:50:31;66.98;26.663658099276937;57;;
2026-08-09 10:51:01;66.98;26.663658099276937;57;;
2026-08-09 10:51:31;67;26.684192026956463;57;;
2026-08-09 10:52:01;67;26.684192026956463;57;;
2026-08-09 10:52:31;67;26.684192026956463;57;;
2026-08-09 10:53:01;67;26.684192026956463;57;;
2026-08-09 10:53:31;67;26.684192026956463;57;;
2026-08-09 10:54:01;67;26.684192026956463;57;;
2026-08-09 10:54:31;67;26.684192026956463;57;;
2026-08-09 10:55:01;67;26.684192026956463;57;;
2026-08-09 10:55:31;67.56;27.263254563195826;57;;
2026-08-09 10:56:01;67.56;27.263254563195826;57;;
2026-08-09 10:56:31;67.01;26.694462781003104;57;;
2026-08-09 10:57:01;67;26.684192026956463;57;;
2026-08-09 10:57:31;67;26.684192026956463;57;;
2026-08-09 10:58:01;67.33;27.024462931202407;57;;
2026-08-09 10:58:31;68.55;28.30650598495932;57;;
2026-08-09 10:59:01;68.33;28.072502525040893;57;;
2026-08-09 10:59:31;68.22;27.955966971506463;57;;
2026-08-09 11:00:01;68.01;27.734351165639637;57;;
2026-08-09 11:00:31;68;27.72382618788967;57;;
2026-08-09 11:01:01;68.15;27.881969540000036;57;;
2026-08-09 11:01:31;67.91;27.62921642957785;57;;
2026-08-09 11:02:01;67.73;27.440617446297484;57;;
2026-08-09 11:02:31;67.66;27.3674965385633;57;;
2026-08-09 11:03:01;67.62;27.32576920213447;57;;
2026-08-09 11:03:31;67.58;27.28408259732384;57;;
2026-08-09 11:04:01;67.66;27.3674965385633;57;;
2026-08-09 11:04:31;67.83;27.5452925828116;57;;
2026-08-09 11:05:01;67.55;27.252844362137367;57;;
2026-08-09 11:05:31;67.94;27.66073001378858;57;;
2026-08-09 11:06:02;67.69;27.398818782714326;57;;
2026-08-09 11:06:32;67.33;27.024462931202407;57;;
2026-08-09 11:07:02;67.62;27.32576920213447;57;;
2026-08-09 11:07:32;67.79;27.50339191988548;57;;
2026-08-09 11:08:02;67.95;27.671239652375753;57;;
2026-08-09 11:08:32;67.88;27.597725836300206;57;;
2026-08-09 11:09:02;67.93;27.650222930662867;57;;
2026-08-09 11:09:32;67.98;27.702783903950483;57;;
2026-08-09 11:10:02;68;27.72382618788967;57;;
2026-08-09 11:10:32;68;27.72382618788967;57;;
2026-08-09 11:11:02;68;27.72382618788967;57;;
2026-08-09 11:11:32;68;27.72382618788967;57;;
2026-08-09 11:12:02;68;27.72382618788967;57;;
2026-08-09 11:12:32;68;27.72382618788967;57;;
2026-08-09 11:13:02;68.22;27.955966971506463;57;;
2026-08-09 11:13:32;69.48;29.309505906643988;57;;
2026-08-09 11:14:02;69.98;29.858041500796826;57;;
2026-08-09 11:14:32;68.87;28.649099522289724;57;;
2026-08-09 11:15:02;68.11;27.839741661011704;57;;
2026-08-09 11:15:32;68.23;27.9665482866792;57;;
2026-08-09 11:16:02;68.01;27.734351165639637;57;;
2026-08-09 11:16:32;68;27.72382618788967;57;;
2026-08-09 11:17:02;68;27.72382618788967;57;;
2026-08-09 11:17:32;68;27.72382618788967;57;;
2026-08-09 11:18:02;68.93;28.713630066143445;57;;
2026-08-09 11:18:32;68.77;28.54175529036053;57;;
2026-08-09 11:19:02;68.45;28.199986527647344;57;;
2026-08-09 11:19:32;68.75;28.520317423134436;57;;
2026-08-09 11:20:02;68.81;28.584661996635408;57;;
2026-08-09 11:20:32;68.62;28.38122274350484;57;;
2026-08-09 11:21:02;68.87;28.649099522289724;57;;
2026-08-09 11:21:32;68.62;28.38122274350484;57;;
2026-08-09 11:22:02;68.54;28.295842460994237;57;;
2026-08-09 11:22:33;68.66;28.42397470374144;57;;
2026-08-09 11:23:03;68.68;28.44536614715779;57;;
2026-08-09 11:23:33;68.43;28.17871349804393;57;;
2026-08-09 11:24:03;68.76;28.531035066509617;57;;
2026-08-09 11:24:33;68.84;28.616869136315962;57;;
2026-08-09 11:25:03;68.68;28.44536614715779;57;;
2026-08-09 11:25:33;68.33;28.072502525040893;57;;
2026-08-09 11:26:03;68.30;28.0406893102731;57;;
2026-08-09 11:26:33;68.55;28.30650598495932;57;;
2026-08-09 11:27:03;68.31;28.051291148357762;57;;
2026-08-09 11:27:33;68.25;27.987718610219932;57;;
2026-08-09 11:28:03;68.23;27.9665482866792;57;;
2026-08-09 11:28:33;68.09;27.818643086572244;57;;
2026-08-09 11:29:03;68.37;28.114956089003034;57;;
2026-08-09 11:29:33;68.51;28.2638673304076;57;;
2026-08-09 11:30:03;68.26;27.998307619197753;57;;
2026-08-09 11:30:33;68.26;27.998307619197753;57;;
2026-08-09 11:31:03;68.73;28.498889876588873;57;;
2026-08-09 11:31:33;68.91;28.69210954542566;57;;
2026-08-09 11:32:03;68.94;28.724394204860353;57;;
2026-08-09 11:32:33;69.48;29.309505906643988;57;;
2026-08-09 11:33:03;69.91;29.78085340600966;57;;
2026-08-09 11:33:33;69.73;29.58295801800191;57;;
2026-08-09 11:34:03;69;28.7890333534471;57;;
2026-08-09 11:34:33;68.73;28.498889876588873;57;;
2026-08-09 11:35:03;69.30;29.11362783927221;57;;
2026-08-09 11:35:33;70;29.88011879843229;57;;
2026-08-09 11:36:03;70.97;30.96348722544451;57;;
2026-08-09 11:36:33;70.93;30.91832157087669;57;;
2026-08-09 11:37:03;69.69;29.539096176696784;57;;
2026-08-09 11:37:33;68.95;28.73516092955711;57;;
2026-08-09 11:38:03;68.93;28.713630066143445;57;;
2026-08-09 11:38:33;68;27.72382618788967;57;;
2026-08-09 11:39:03;68.01;27.734351165639637;57;;
2026-08-09 11:39:34;68;27.72382618788967;57;;
2026-08-09 11:40:04;68;27.72382618788967;57;;
2026-08-09 11:40:34;68.02;27.744878700982586;57;;
2026-08-09 11:41:04;68.01;27.734351165639637;57;;
2026-08-09 11:41:34;68;27.72382618788967;57;;
2026-08-09 11:42:04;68.01;27.734351165639637;57;;
2026-08-09 11:42:34;68.08;27.808097639549736;57;;
2026-08-09 11:43:04;68.05;27.77647665561509;57;;
2026-08-09 11:43:34;68.20;27.934812032831854;57;;
2026-08-09 11:44:04;68.44;28.189348727494416;57;;
2026-08-09 11:44:34;68.18;27.91366734768617;57;;
2026-08-09 11:45:04;68.22;27.955966971506463;57;;
2026-08-09 11:45:34;68.05;27.77647665561509;57;;
2026-08-09 11:46:04;68.12;27.850294789038053;57;;
2026-08-09 11:46:34;68.26;27.998307619197753;57;;
2026-08-09 11:47:04;68.12;27.850294789038053;57;;
2026-08-09 11:47:34;68.02;27.744878700982586;57;;
2026-08-09 11:48:04;68.01;27.734351165639637;57;;
2026-08-09 11:48:34;68.01;27.734351165639637;57;;
2026-08-09 11:49:04;68.02;27.744878700982586;57;;
2026-08-09 11:49:34;68.08;27.808097639549736;57;;
2026-08-09 11:50:04;68.26;27.998307619197753;57;;
2026-08-09 11:50:34;68.08;27.808097639549736;57;;
2026-08-09 11:51:04;68.08;27.808097639549736;57;;
2026-08-09 11:51:34;68.47;28.22126984128126;57;;
2026-08-09 11:52:04;68.58;28.338512002438;57;;
2026-08-09 11:52:34;68.05;27.77647665561509;57;;
2026-08-09 11:53:04;68.01;27.734351165639637;57;;
2026-08-09 11:53:34;68.12;27.850294789038053;57;;
2026-08-09 11:54:04;68.34;28.083112064249402;57;;
2026-08-09 11:54:34;68.09;27.818643086572244;57;;
2026-08-09 11:55:04;68.06;27.78701442437579;57;;
2026-08-09 11:55:34;68.23;27.9665482866792;57;;
2026-08-09 11:56:05;68.12;27.850294789038053;57;;
2026-08-09 11:56:35;68.16;27.8925329136308;57;;
2026-08-09 11:57:05;68.13;27.860850478008366;57;;
2026-08-09 11:57:35;68.23;27.9665482866792;57;;
2026-08-09 11:58:05;68.51;28.2638673304076;57;;
2026-08-09 11:58:35;68.56;28.31717208298474;57;;
2026-08-09 11:59:05;68.41;28.157450750029486;57;;
2026-08-09 11:59:35;68.31;28.051291148357762;57;;
2026-08-09 12:00:05;68.18;27.91366734768617;57;;
2026-08-09 12:00:35;68.08;27.808097639549736;57;;
2026-08-09 12:01:05;68.38;28.12557590064715;57;;
2026-08-09 12:01:35;68.26;27.998307619197753;57;;
2026-08-09 12:02:05;68.08;27.808097639549736;57;;
2026-08-09 12:02:35;68.02;27.744878700982586;57;;
2026-08-09 12:03:05;68.01;27.734351165639637;57;;
2026-08-09 12:03:35;68;27.72382618788967;57;;
2026-08-09 12:04:05;68.01;27.734351165639637;57;;
2026-08-09 12:04:35;68.01;27.734351165639637;57;;
2026-08-09 12:05:05;68.01;27.734351165639637;57;;
2026-08-09 12:05:35;68.01;27.734351165639637;57;;
2026-08-09 12:06:05;68.01;27.734351165639637;57;;
2026-08-09 12:06:35;68;27.72382618788967;57;;
2026-08-09 12:07:05;68.01;27.734351165639637;57;;
2026-08-09 12:07:35;68;27.72382618788967;57;;
2026-08-09 12:08:05;68;27.72382618788967;57;;
2026-08-09 12:08:35;68.01;27.734351165639637;57;;
2026-08-09 12:09:05;68.16;27.8925329136308;57;;
2026-08-09 12:09:35;68.66;28.42397470374144;57;;
2026-08-09 12:10:05;69;28.7890333534471;57;;
2026-08-09 12:10:35;68.56;28.31717208298474;57;;
2026-08-09 12:11:05;68.02;27.744878700982586;57;;
2026-08-09 12:11:35;68.05;27.77647665561509;57;;
2026-08-09 12:12:05;68.11;27.839741661011704;57;;
2026-08-09 12:12:36;68.23;27.9665482866792;57;;
2026-08-09 12:13:06;68;27.72382618788967;57;;
2026-08-09 12:13:36;68;27.72382618788967;57;;
2026-08-09 12:14:06;68.01;27.734351165639637;57;;
2026-08-09 12:14:36;68.01;27.734351165639637;57;;
2026-08-09 12:15:06;68;27.72382618788967;57;;
2026-08-09 12:15:36;68;27.72382618788967;57;;
2026-08-09 12:16:06;68.01;27.734351165639637;57;;
2026-08-09 12:16:36;68.01;27.734351165639637;57;;
2026-08-09 12:17:06;68.01;27.734351165639637;57;;
2026-08-09 12:17:36;68.01;27.734351165639637;57;;
2026-08-09 12:18:06;68.01;27.734351165639637;57;;
2026-08-09 12:18:36;68.01;27.734351165639637;57;;
2026-08-09 12:19:06;68;27.72382618788967;57;;
2026-08-09 12:19:36;68;27.72382618788967;57;;
2026-08-09 12:20:06;68;27.72382618788967;57;;
2026-08-09 12:20:36;68;27.72382618788967;57;;
2026-08-09 12:21:06;68;27.72382618788967;57;;
2026-08-09 12:21:36;68;27.72382618788967;57;;
2026-08-09 12:22:06;68;27.72382618788967;57;;
2026-08-09 12:22:36;68;27.72382618788967;57;;
2026-08-09 12:23:06;68;27.72382618788967;57;;
2026-08-09 12:23:36;68;27.72382618788967;57;;
2026-08-09 12:24:06;68;27.72382618788967;57;;
2026-08-09 12:24:36;68;27.72382618788967;57;;
2026-08-09 12:25:06;68;27.72382618788967;57;;
2026-08-09 12:25:36;68;27.72382618788967;57;;
2026-08-09 12:26:06;68;27.72382618788967;57;;
2026-08-09 12:26:36;68;27.72382618788967;57;;
2026-08-09 12:27:06;68;27.72382618788967;57;;
2026-08-09 12:27:36;68;27.72382618788967;57;;
2026-08-09 12:28:06;68;27.72382618788967;57;;
2026-08-09 12:28:36;68;27.72382618788967;57;;
2026-08-09 12:29:07;68;27.72382618788967;57;;
2026-08-09 12:29:37;68;27.72382618788967;57;;
2026-08-09 12:30:07;68;27.72382618788967;57;;
2026-08-09 12:30:37;68;27.72382618788967;57;;
2026-08-09 12:31:07;68;27.72382618788967;57;;
2026-08-09 12:31:37;68;27.72382618788967;57;;
2026-08-09 12:32:07;68;27.72382618788967;57;;
2026-08-09 12:32:37;68;27.72382618788967;57;;
2026-08-09 12:33:07;68;27.72382618788967;57;;
2026-08-09 12:33:37;68;27.72382618788967;57;;
2026-08-09 12:34:07;68;27.72382618788967;57;;
2026-08-09 12:34:37;68;27.72382618788967;57;;
2026-08-09 12:35:07;68;27.72382618788967;57;;
2026-08-09 12:35:37;68;27.72382618788967;57;;
2026-08-09 12:36:07;68;27.72382618788967;57;;
2026-08-09 12:36:37;68;27.72382618788967;57;;
2026-08-09 12:37:07;68;27.72382618788967;57;;
2026-08-09 12:37:37;68;27.72382618788967;57;;
2026-08-09 12:38:07;67.98;27.702783903950483;57;;
2026-08-09 12:38:37;68;27.72382618788967;57;;
2026-08-09 12:39:07;67.98;27.702783903950483;57;;
2026-08-09 12:39:37;68;27.72382618788967;57;;
2026-08-09 12:40:07;68;27.72382618788967;57;;
2026-08-09 12:40:37;68;27.72382618788967;57;;
2026-08-09 12:41:07;68;27.72382618788967;57;;
2026-08-09 12:41:37;67.98;27.702783903950483;57;;
2026-08-09 12:42:07;68;27.72382618788967;57;;
2026-08-09 12:42:37;68;27.72382618788967;57;;
2026-08-09 12:43:07;68;27.72382618788967;57;;
2026-08-09 12:43:37;68;27.72382618788967;57;;
2026-08-09 12:44:07;68;27.72382618788967;57;;
2026-08-09 12:44:37;68;27.72382618788967;57;;
2026-08-09 12:45:07;68;27.72382618788967;57;;
2026-08-09 12:45:37;68;27.72382618788967;57;;
2026-08-09 12:46:08;67.98;27.702783903950483;57;;
2026-08-09 12:46:38;68;27.72382618788967;57;;
2026-08-09 12:47:08;68;27.72382618788967;57;;
2026-08-09 12:47:38;67.98;27.702783903950483;57;;
2026-08-09 12:48:08;67.97;27.6922665971522;57;;
2026-08-09 12:48:38;67.98;27.702783903950483;57;;
2026-08-09 12:49:08;67.98;27.702783903950483;57;;
2026-08-09 12:49:38;67.97;27.6922665971522;57;;
2026-08-09 12:50:08;67.94;27.66073001378858;57;;
2026-08-09 12:50:38;68;27.72382618788967;57;;
2026-08-09 12:51:08;67.98;27.702783903950483;57;;
2026-08-09 12:51:38;67.98;27.702783903950483;57;;
2026-08-09 12:52:08;67.98;27.702783903950483;57;;
2026-08-09 12:52:38;68;27.72382618788967;57;;
2026-08-09 12:53:08;67.98;27.702783903950483;57;;
2026-08-09 12:53:38;67.98;27.702783903950483;57;;
2026-08-09 12:54:08;68;27.72382618788967;57;;
2026-08-09 12:54:38;68;27.72382618788967;57;;
2026-08-09 12:55:08;68;27.72382618788967;57;;
2026-08-09 12:55:38;68;27.72382618788967;57;;
2026-08-09 12:56:08;67.98;27.702783903950483;57;;
2026-08-09 12:56:38;67.98;27.702783903950483;57;;
2026-08-09 12:57:08;67.94;27.66073001378858;57;;
2026-08-09 12:57:38;67.94;27.66073001378858;57;;
2026-08-09 12:58:08;67.98;27.702783903950483;57;;
2026-08-09 12:58:38;67.97;27.6922665971522;57;;
2026-08-09 12:59:08;67.98;27.702783903950483;57;;
2026-08-09 12:59:38;68;27.72382618788967;57;;
2026-08-09 13:00:08;67.98;27.702783903950483;57;;
2026-08-09 13:00:38;67.98;27.702783903950483;57;;
2026-08-09 13:01:08;68;27.72382618788967;57;;
2026-08-09 13:01:38;67.94;27.66073001378858;57;;
2026-08-09 13:02:08;67.97;27.6922665971522;57;;
2026-08-09 13:02:39;67.91;27.62921642957785;57;;
2026-08-09 13:03:09;67.91;27.62921642957785;57;;
2026-08-09 13:03:39;67.83;27.5452925828116;57;;
2026-08-09 13:04:09;67.97;27.6922665971522;57;;
2026-08-09 13:04:39;67.94;27.66073001378858;57;;
2026-08-09 13:05:09;67.90;27.618717011009732;57;;
2026-08-09 13:05:39;67.69;27.398818782714326;57;;
2026-08-09 13:06:09;67.79;27.50339191988548;57;;
2026-08-09 13:06:39;67.73;27.440617446297484;57;;
2026-08-09 13:07:09;67.90;27.618717011009732;57;;
2026-08-09 13:07:39;67.98;27.702783903950483;57;;
2026-08-09 13:08:09;67.98;27.702783903950483;57;;
2026-08-09 13:08:39;67.97;27.6922665971522;57;;
2026-08-09 13:09:09;67.93;27.650222930662867;57;;
2026-08-09 13:09:39;67.91;27.62921642957785;57;;
2026-08-09 13:10:09;67.87;27.58723407955006;57;;
2026-08-09 13:10:39;67.83;27.5452925828116;57;;
2026-08-09 13:11:09;67.81;27.52433714833915;57;;
2026-08-09 13:11:39;67.76;27.471993208165674;57;;
2026-08-09 13:12:09;67.93;27.650222930662867;57;;
2026-08-09 13:12:39;67.91;27.62921642957785;57;;
2026-08-09 13:13:09;67.87;27.58723407955006;57;;
2026-08-09 13:13:39;67.73;27.440617446297484;57;;
2026-08-09 13:14:09;67.75;27.461532071298347;57;;
2026-08-09 13:14:39;67.79;27.50339191988548;57;;
2026-08-09 13:15:09;67.79;27.50339191988548;57;;
2026-08-09 13:15:39;67.69;27.398818782714326;57;;
2026-08-09 13:16:09;67.66;27.3674965385633;57;;
2026-08-09 13:16:39;67.45;27.148882199331968;57;;
2026-08-09 13:17:09;67.11;26.79730936797151;57;;
2026-08-09 13:17:39;67.08;26.76642883815038;57;;
2026-08-09 13:18:09;67.16;26.848827526532336;57;;
2026-08-09 13:18:39;67.18;26.869452510134412;57;;
2026-08-09 13:19:10;67.34;27.03481724327115;57;;
2026-08-09 13:19:40;67.48;27.180044158468732;57;;
2026-08-09 13:20:10;67.77;27.48245689501647;57;;
2026-08-09 13:20:40;67.63;27.33619721689244;57;;
2026-08-09 13:21:10;67.73;27.440617446297484;57;;
2026-08-09 13:21:40;67.66;27.3674965385633;57;;
2026-08-09 13:22:10;67.66;27.3674965385633;57;;
2026-08-09 13:22:40;67.76;27.471993208165674;57;;
2026-08-09 13:23:10;67.62;27.32576920213447;57;;
2026-08-09 13:23:40;67.91;27.62921642957785;57;;
2026-08-09 13:24:10;67.90;27.618717011009732;57;;
2026-08-09 13:24:40;67.98;27.702783903950483;57;;
2026-08-09 13:25:10;67.94;27.66073001378858;57;;
2026-08-09 13:25:40;67.73;27.440617446297484;57;;
2026-08-09 13:26:10;67.76;27.471993208165674;57;;
2026-08-09 13:26:40;67.69;27.398818782714326;57;;
2026-08-09 13:27:10;67.63;27.33619721689244;57;;
2026-08-09 13:27:40;67.61;27.31534373310257;57;;
2026-08-09 13:28:10;67.73;27.440617446297484;57;;
2026-08-09 13:28:40;67.76;27.471993208165674;57;;
2026-08-09 13:29:10;67.68;27.388375487214986;57;;
2026-08-09 13:29:40;67.61;27.31534373310257;57;;
2026-08-09 13:30:10;67.56;27.263254563195826;57;;
2026-08-09 13:30:40;67.69;27.398818782714326;57;;
2026-08-09 13:31:10;67.77;27.48245689501647;57;;
2026-08-09 13:31:40;67.52;27.221629019337332;57;;
2026-08-09 13:32:10;67.38;27.076259866779825;57;;
2026-08-09 13:32:40;67.45;27.148882199331968;57;;
2026-08-09 13:33:10;67.06;26.74585446542996;57;;
2026-08-09 13:33:40;67.05;26.735571072308225;57;;
2026-08-09 13:34:10;67.04;26.725290207607834;57;;
2026-08-09 13:34:40;67.09;26.77671981835545;57;;
2026-08-09 13:35:10;67.48;27.180044158468732;57;;
2026-08-09 13:35:40;67.87;27.58723407955006;57;;
2026-08-09 13:36:11;67.91;27.62921642957785;57;;
2026-08-09 13:36:41;67.95;27.671239652375753;57;;
2026-08-09 13:37:11;67.93;27.650222930662867;57;;
2026-08-09 13:37:41;67.87;27.58723407955006;57;;
2026-08-09 13:38:11;67.59;27.294500431001246;57;;
2026-08-09 13:38:41;67.16;26.848827526532336;57;;
2026-08-09 13:39:11;67.12;26.80760793798904;57;;
2026-08-09 13:39:41;67.23;26.921059290818896;57;;
2026-08-09 13:40:11;67.63;27.33619721689244;57;;
2026-08-09 13:40:41;67.73;27.440617446297484;57;;
2026-08-09 13:41:11;67.63;27.33619721689244;57;;
2026-08-09 13:41:41;67.56;27.263254563195826;57;;
2026-08-09 13:42:11;67.37;27.065895404010362;57;;
2026-08-09 13:42:41;67.69;27.398818782714326;57;;
2026-08-09 13:43:11;67.66;27.3674965385633;57;;
2026-08-09 13:43:41;67.83;27.5452925828116;57;;
2026-08-09 13:44:11;67.73;27.440617446297484;57;;
2026-08-09 13:44:41;67.69;27.398818782714326;57;;
2026-08-09 13:45:11;67.76;27.471993208165674;57;;
2026-08-09 13:45:41;67.65;27.35706088480285;57;;
2026-08-09 13:46:11;67.62;27.32576920213447;57;;
2026-08-09 13:46:41;67.52;27.221629019337332;57;;
2026-08-09 13:47:11;67.58;27.28408259732384;57;;
2026-08-09 13:47:41;67.62;27.32576920213447;57;;
2026-08-09 13:48:11;67.56;27.263254563195826;57;;
2026-08-09 13:48:41;67.50;27.200831504744702;57;;
2026-08-09 13:49:11;67.48;27.180044158468732;57;;
2026-08-09 13:49:41;67.58;27.28408259732384;57;;
2026-08-09 13:50:11;67.59;27.294500431001246;57;;
2026-08-09 13:50:41;67.51;27.211228990849516;57;;
2026-08-09 13:51:11;67.47;27.16965429769;57;;
2026-08-09 13:51:41;67.50;27.200831504744702;57;;
2026-08-09 13:52:11;67.48;27.180044158468732;57;;
2026-08-09 13:52:42;67.56;27.263254563195826;57;;
2026-08-09 13:53:12;67.51;27.211228990849516;57;;
2026-08-09 13:53:42;67.62;27.32576920213447;57;;
2026-08-09 13:54:12;67.47;27.16965429769;57;;
2026-08-09 13:54:42;67.37;27.065895404010362;57;;
2026-08-09 13:55:12;67.18;26.869452510134412;57;;
2026-08-09 13:55:42;67.27;26.962390323404904;57;;
2026-08-09 13:56:12;67.47;27.16965429769;57;;
2026-08-09 13:56:42;67.50;27.200831504744702;57;;
2026-08-09 13:57:12;67.55;27.252844362137367;57;;
2026-08-09 13:57:42;67.51;27.211228990849516;57;;
2026-08-09 13:58:12;67.26;26.95205376337475;57;;
2026-08-09 13:58:42;67.47;27.16965429769;57;;
2026-08-09 13:59:12;67.52;27.221629019337332;57;;
2026-08-09 13:59:42;67.61;27.31534373310257;57;;
2026-08-09 14:00:12;67.26;26.95205376337475;57;;
2026-08-09 14:00:42;67.30;26.99341521527894;57;;
2026-08-09 14:01:12;67.47;27.16965429769;57;;
2026-08-09 14:01:42;67.54;27.242436704677385;57;;
2026-08-09 14:02:12;67.45;27.148882199331968;57;;
2026-08-09 14:02:42;67.55;27.252844362137367;57;;
2026-08-09 14:03:12;67.38;27.076259866779825;57;;
2026-08-09 14:03:42;67.69;27.398818782714326;57;;
2026-08-09 14:04:12;67.25;26.941719738135987;57;;
2026-08-09 14:04:42;67.33;27.024462931202407;57;;
2026-08-09 14:05:12;67.62;27.32576920213447;57;;
2026-08-09 14:05:42;67.58;27.28408259732384;57;;
2026-08-09 14:06:12;67.38;27.076259866779825;57;;
2026-08-09 14:06:42;67.73;27.440617446297484;57;;
2026-08-09 14:07:12;67.63;27.33619721689244;57;;
2026-08-09 14:07:42;67.58;27.28408259732384;57;;
2026-08-09 14:08:12;67.61;27.31534373310257;57;;
2026-08-09 14:08:42;67.18;26.869452510134412;57;;
2026-08-09 14:09:13;67.62;27.32576920213447;57;;
2026-08-09 14:09:43;67.45;27.148882199331968;57;;
2026-08-09 14:10:13;67.41;27.107368486908584;57;;
2026-08-09 14:10:43;67.30;26.99341521527894;57;;
2026-08-09 14:11:13;67.16;26.848827526532336;57;;
2026-08-09 14:11:43;67.34;27.03481724327115;57;;
2026-08-09 14:12:13;67.09;26.77671981835545;57;;
2026-08-09 14:12:43;67.23;26.921059290818896;57;;
2026-08-09 14:13:13;67.18;26.869452510134412;57;;
2026-08-09 14:13:43;67.11;26.79730936797151;57;;
2026-08-09 14:14:13;67.16;26.848827526532336;57;;
2026-08-09 14:14:43;67.01;26.694462781003104;57;;
2026-08-09 14:15:13;67.05;26.735571072308225;57;;
2026-08-09 14:15:43;67.30;26.99341521527894;57;;
2026-08-09 14:16:13;67.41;27.107368486908584;57;;
2026-08-09 14:16:43;67.25;26.941719738135987;57;;
2026-08-09 14:17:13;67.16;26.848827526532336;57;;
2026-08-09 14:17:43;67.04;26.725290207607834;57;;
2026-08-09 14:18:13;67.23;26.921059290818896;57;;
2026-08-09 14:18:43;67.40;27.096996407925293;57;;
2026-08-09 14:19:13;67.33;27.024462931202407;57;;
2026-08-09 14:19:43;67.31;27.003761917509884;57;;
2026-08-09 14:20:13;67.33;27.024462931202407;57;;
2026-08-09 14:20:43;67.30;26.99341521527894;57;;
2026-08-09 14:21:13;67.33;27.024462931202407;57;;
2026-08-09 14:21:43;67.37;27.065895404010362;57;;
2026-08-09 14:22:13;67.30;26.99341521527894;57;;
2026-08-09 14:22:43;67.29;26.983071049053496;57;;
2026-08-09 14:23:13;67.23;26.921059290818896;57;;
2026-08-09 14:23:43;67.27;26.962390323404904;57;;
2026-08-09 14:24:13;67.16;26.848827526532336;57;;
2026-08-09 14:24:43;67.18;26.869452510134412;57;;
2026-08-09 14:25:13;67.34;27.03481724327115;57;;
2026-08-09 14:25:43;67.01;26.694462781003104;57;;
2026-08-09 14:26:14;67;26.684192026956463;57;;
2026-08-09 14:26:44;67.12;26.80760793798904;57;;
2026-08-09 14:27:14;67.22;26.91073286813364;57;;
2026-08-09 14:27:44;67.25;26.941719738135987;57;;
2026-08-09 14:28:14;67;26.684192026956463;57;;
2026-08-09 14:28:44;67.26;26.95205376337475;57;;
2026-08-09 14:29:14;67.44;27.138499961145172;57;;
2026-08-09 14:29:44;67.12;26.80760793798904;57;;
2026-08-09 14:30:14;67.33;27.024462931202407;57;;
2026-08-09 14:30:44;67.76;27.471993208165674;57;;
2026-08-09 14:31:14;67.76;27.471993208165674;57;;
2026-08-09 14:31:44;67.70;27.409264626068126;57;;
2026-08-09 14:32:14;67.12;26.80760793798904;57;;
2026-08-09 14:32:44;67.15;26.838518832518904;57;;
2026-08-09 14:33:14;67.16;26.848827526532336;57;;
2026-08-09 14:33:44;67.23;26.921059290818896;57;;
2026-08-09 14:34:14;67.37;27.065895404010362;57;;
2026-08-09 14:34:44;67.40;27.096996407925293;57;;
2026-08-09 14:35:14;67.51;27.211228990849516;57;;
2026-08-09 14:35:44;67.43;27.12812026321483;57;;
2026-08-09 14:36:14;67.27;26.962390323404904;57;;
2026-08-09 14:36:44;67.25;26.941719738135987;57;;
2026-08-09 14:37:14;67.25;26.941719738135987;57;;
2026-08-09 14:37:44;67.26;26.95205376337475;57;;
2026-08-09 14:38:14;67.27;26.962390323404904;57;;
2026-08-09 14:38:44;67.30;26.99341521527894;57;;
2026-08-09 14:39:14;67.23;26.921059290818896;57;;
2026-08-09 14:39:44;67.36;27.055533479371512;57;;
2026-08-09 14:40:14;67.27;26.962390323404904;57;;
2026-08-09 14:40:44;67.26;26.95205376337475;57;;
2026-08-09 14:41:14;67.31;27.003761917509884;57;;
2026-08-09 14:41:44;67.31;27.003761917509884;57;;
2026-08-09 14:42:14;67.30;26.99341521527894;57;;
2026-08-09 14:42:45;67.31;27.003761917509884;57;;
2026-08-09 14:43:15;67.38;27.076259866779825;57;;
2026-08-09 14:43:45;67.37;27.065895404010362;57;;
2026-08-09 14:44:15;67.37;27.065895404010362;57;;
2026-08-09 14:44:45;67.45;27.148882199331968;57;;
2026-08-09 14:45:15;67.37;27.065895404010362;57;;
2026-08-09 14:45:45;67.31;27.003761917509884;57;;
2026-08-09 14:46:15;67.40;27.096996407925293;57;;
2026-08-09 14:46:45;67.58;27.28408259732384;57;;
2026-08-09 14:47:15;67.51;27.211228990849516;57;;
2026-08-09 14:47:45;67.51;27.211228990849516;57;;
2026-08-09 14:48:15;67.48;27.180044158468732;57;;
2026-08-09 14:48:45;67.41;27.107368486908584;57;;
2026-08-09 14:49:15;67.45;27.148882199331968;57;;
2026-08-09 14:49:45;67.41;27.107368486908584;57;;
2026-08-09 14:50:15;67.23;26.921059290818896;57;;
2026-08-09 14:50:45;67.27;26.962390323404904;57;;
2026-08-09 14:51:15;67.29;26.983071049053496;57;;
2026-08-09 14:51:45;67.37;27.065895404010362;57;;
2026-08-09 14:52:15;67.41;27.107368486908584;57;;
2026-08-09 14:52:45;67.44;27.138499961145172;57;;
2026-08-09 14:53:15;67.58;27.28408259732384;57;;
2026-08-09 14:53:45;67.62;27.32576920213447;57;;
2026-08-09 14:54:15;67.66;27.3674965385633;57;;
2026-08-09 14:54:45;67.83;27.5452925828116;57;;
2026-08-09 14:55:15;67.76;27.471993208165674;57;;
2026-08-09 14:55:45;67.81;27.52433714833915;57;;
2026-08-09 14:56:15;67.97;27.6922665971522;57;;
2026-08-09 14:56:45;67.98;27.702783903950483;57;;
2026-08-09 14:57:15;67.95;27.671239652375753;57;;
2026-08-09 14:57:45;67.95;27.671239652375753;57;;
2026-08-09 14:58:15;67.94;27.66073001378858;57;;
2026-08-09 14:58:45;67.98;27.702783903950483;57;;
2026-08-09 14:59:16;67.97;27.6922665971522;57;;
2026-08-09 14:59:46;67.87;27.58723407955006;57;;
2026-08-09 15:00:16;67.86;27.57674487613044;57;;
2026-08-09 15:00:46;67.80;27.513863258512124;57;;
2026-08-09 15:01:16;67.77;27.48245689501647;57;;
2026-08-09 15:01:46;67.58;27.28408259732384;57;;
2026-08-09 15:02:16;67.27;26.962390323404904;57;;
2026-08-09 15:02:46;67.27;26.962390323404904;57;;
2026-08-09 15:03:16;67.20;26.890087623192453;57;;
2026-08-09 15:03:46;67.16;26.848827526532336;57;;
2026-08-09 15:04:16;67.30;26.99341521527894;57;;
2026-08-09 15:04:46;67.19;26.87976880032974;57;;
2026-08-09 15:05:16;67.23;26.921059290818896;57;;
2026-08-09 15:05:46;67.26;26.95205376337475;57;;
2026-08-09 15:06:16;67.37;27.065895404010362;57;;
2026-08-09 15:06:46;67.37;27.065895404010362;57;;
2026-08-09 15:07:16;67.36;27.055533479371512;57;;
2026-08-09 15:07:46;67.37;27.065895404010362;57;;
2026-08-09 15:08:16;67.65;27.35706088480285;57;;
2026-08-09 15:08:46;67.58;27.28408259732384;57;;
2026-08-09 15:09:16;67.75;27.461532071298347;57;;
2026-08-09 15:09:46;67.48;27.180044158468732;57;;
2026-08-09 15:10:16;67.69;27.398818782714326;57;;
2026-08-09 15:10:46;67.23;26.921059290818896;57;;
2026-08-09 15:11:16;67.72;27.430163957555585;57;;
2026-08-09 15:11:46;67.72;27.430163957555585;57;;
2026-08-09 15:12:16;67.48;27.180044158468732;57;;
2026-08-09 15:12:46;67.62;27.32576920213447;57;;
2026-08-09 15:13:16;67.70;27.409264626068126;57;;
2026-08-09 15:13:46;67.69;27.398818782714326;57;;
2026-08-09 15:14:16;67.68;27.388375487214986;57;;
2026-08-09 15:14:46;67.77;27.48245689501647;57;;
2026-08-09 15:15:16;67.41;27.107368486908584;57;;
2026-08-09 15:15:47;67.40;27.096996407925293;57;;
2026-08-09 15:16:17;67.68;27.388375487214986;57;;
2026-08-09 15:16:47;67.80;27.513863258512124;57;;
2026-08-09 15:17:17;67.41;27.107368486908584;57;;
2026-08-09 15:17:47;67.45;27.148882199331968;57;;
2026-08-09 15:18:17;67.52;27.221629019337332;57;;
2026-08-09 15:18:47;67.55;27.252844362137367;57;;
2026-08-09 15:19:17;67.59;27.294500431001246;57;;
2026-08-09 15:19:47;67.62;27.32576920213447;57;;
2026-08-09 15:20:17;67.58;27.28408259732384;57;;
2026-08-09 15:20:47;67.58;27.28408259732384;57;;
2026-08-09 15:21:17;67.61;27.31534373310257;57;;
2026-08-09 15:21:47;67.66;27.3674965385633;57;;
2026-08-09 15:22:17;67.66;27.3674965385633;57;;
2026-08-09 15:22:47;67.51;27.211228990849516;57;;
2026-08-09 15:23:17;67.51;27.211228990849516;57;;
2026-08-09 15:23:47;67.41;27.107368486908584;57;;
2026-08-09 15:24:17;67.51;27.211228990849516;57;;
2026-08-09 15:24:47;67.33;27.024462931202407;57;;
2026-08-09 15:25:17;67.27;26.962390323404904;57;;
2026-08-09 15:25:47;67.37;27.065895404010362;57;;
2026-08-09 15:26:17;67.48;27.180044158468732;57;;
2026-08-09 15:26:47;67.09;26.77671981835545;57;;
2026-08-09 15:27:17;67.04;26.725290207607834;57;;
2026-08-09 15:27:47;67.05;26.735571072308225;57;;
2026-08-09 15:28:17;67.01;26.694462781003104;57;;
2026-08-09 15:28:47;67.02;26.704736062258416;57;;
2026-08-09 15:29:17;67.02;26.704736062258416;57;;
2026-08-09 15:29:47;67.01;26.694462781003104;57;;
2026-08-09 15:30:17;67.08;26.76642883815038;57;;
2026-08-09 15:30:47;67.16;26.848827526532336;57;;
2026-08-09 15:31:17;67.20;26.890087623192453;57;;
2026-08-09 15:31:47;67.23;26.921059290818896;57;;
2026-08-09 15:32:17;67.48;27.180044158468732;57;;
2026-08-09 15:32:48;67.72;27.430163957555585;57;;
2026-08-09 15:33:18;67.93;27.650222930662867;57;;
2026-08-09 15:33:48;67.95;27.671239652375753;57;;
2026-08-09 15:34:18;67.88;27.597725836300206;57;;
2026-08-09 15:34:48;67.84;27.555774128065547;57;;
2026-08-09 15:35:18;67.58;27.28408259732384;57;;
2026-08-09 15:35:48;67.23;26.921059290818896;57;;
2026-08-09 15:36:18;67.69;27.398818782714326;57;;
2026-08-09 15:36:48;67.77;27.48245689501647;57;;
2026-08-09 15:37:18;67.75;27.461532071298347;57;;
2026-08-09 15:37:48;67.50;27.200831504744702;57;;
2026-08-09 15:38:18;67.08;26.76642883815038;57;;
2026-08-09 15:38:48;67.04;26.725290207607834;57;;
2026-08-09 15:39:18;67.13;26.817909038550546;57;;
2026-08-09 15:39:48;67.09;26.77671981835545;57;;
2026-08-09 15:40:18;67.12;26.80760793798904;57;;
2026-08-09 15:40:48;67.06;26.74585446542996;57;;
2026-08-09 15:41:18;67.12;26.80760793798904;57;;
2026-08-09 15:41:48;67.23;26.921059290818896;57;;
2026-08-09 15:42:18;67.38;27.076259866779825;57;;
2026-08-09 15:42:48;67.44;27.138499961145172;57;;
2026-08-09 15:43:18;67.58;27.28408259732384;57;;
2026-08-09 15:43:48;67.66;27.3674965385633;57;;
2026-08-09 15:44:18;67.30;26.99341521527894;57;;
2026-08-09 15:44:48;67.16;26.848827526532336;57;;
2026-08-09 15:45:18;67.69;27.398818782714326;57;;
2026-08-09 15:45:48;67.95;27.671239652375753;57;;
2026-08-09 15:46:18;67.68;27.388375487214986;57;;
2026-08-09 15:46:48;67.87;27.58723407955006;57;;
2026-08-09 15:47:18;67.80;27.513863258512124;57;;
2026-08-09 15:47:48;67.87;27.58723407955006;57;;
2026-08-09 15:48:18;67.87;27.58723407955006;57;;
2026-08-09 15:48:48;67.80;27.513863258512124;57;;
2026-08-09 15:49:19;67.87;27.58723407955006;57;;
2026-08-09 15:49:49;67.86;27.57674487613044;57;;
2026-08-09 15:50:19;67.88;27.597725836300206;57;;
2026-08-09 15:50:49;67.87;27.58723407955006;57;;
2026-08-09 15:51:19;67.83;27.5452925828116;57;;
2026-08-09 15:51:49;67.76;27.471993208165674;57;;
2026-08-09 15:52:19;67.83;27.5452925828116;57;;
2026-08-09 15:52:49;67.69;27.398818782714326;57;;
2026-08-09 15:53:19;67.55;27.252844362137367;57;;
2026-08-09 15:53:49;67.66;27.3674965385633;57;;
2026-08-09 15:54:19;67.73;27.440617446297484;57;;
2026-08-09 15:54:49;67.58;27.28408259732384;57;;
2026-08-09 15:55:19;67.62;27.32576920213447;57;;
2026-08-09 15:55:49;67.70;27.409264626068126;57;;
2026-08-09 15:56:19;67.52;27.221629019337332;57;;
2026-08-09 15:56:49;67.47;27.16965429769;57;;
2026-08-09 15:57:19;67.41;27.107368486908584;57;;
2026-08-09 15:57:49;67.29;26.983071049053496;57;;
