"date Y-m-d m:s";gas adc;LPG PPM;Theoretical Warmup;Warmup End;Curve: Power-law (9)
2026-08-08 12:37:17;72;17.62819466155868;75;;
2026-08-08 12:37:47;70.87;17.62819466155868;74.8891457023139;;
2026-08-08 12:38:17;69.18;17.62819466155868;74.77871480974805;;
2026-08-08 12:38:47;69.22;17.62819466155868;74.66870612949306;;
2026-08-08 12:39:17;70.80;17.62819466155868;74.5591184709019;;
2026-08-08 12:39:47;69.20;17.62819466155868;74.4499506454882;;69.20
2026-08-08 12:40:17;67.43;17.62819466155868;74.34120146692453;;
2026-08-08 12:40:47;66.18;17.62819466155868;74.23286975104065;;
2026-08-08 12:41:17;65.06;17.62819466155868;74.12495431582171;;
2026-08-08 12:41:47;64.19;17.62819466155868;74.0174539814066;;
2026-08-08 12:42:17;63.97;17.62819466155868;73.91036757008611;;
2026-08-08 12:42:47;63.13;17.62819466155868;73.80369390630119;;
2026-08-08 12:43:17;63.02;17.62819466155868;73.69743181664134;;
2026-08-08 12:43:47;65.11;17.62819466155868;73.59158012984265;;
2026-08-08 12:44:17;67.36;17.62819466155868;73.48613767678624;;
2026-08-08 12:44:47;68.76;17.62819466155868;73.3811032904964;;
2026-08-08 12:45:17;69.87;17.62819466155868;73.27647580613889;;
2026-08-08 12:45:47;70.72;17.62819466155868;73.17225406101916;;
2026-08-08 12:46:18;71;17.62819466155868;73.06843689458063;;
2026-08-08 12:46:48;71.15;17.62819466155868;72.96502314840296;;
2026-08-08 12:47:18;71.97;17.62819466155868;72.8620116662002;;
2026-08-08 12:47:48;72;17.62819466155868;72.75940129381922;;
2026-08-08 12:48:18;72.13;17.62819466155868;72.65719087923775;;
2026-08-08 12:48:48;72.58;17.649391806668117;72.55537927256279;;
2026-08-08 12:49:18;72.91;18.023414372157685;72.45396532602875;;
2026-08-08 12:49:48;72.12;17.62819466155868;72.35294789399583;;
2026-08-08 12:50:18;71.12;17.62819466155868;72.25232583294812;;
2026-08-08 12:50:48;70.37;17.62819466155868;72.15209800149192;;
2026-08-08 12:51:18;69.20;17.62819466155868;72.05226326035404;;
2026-08-08 12:51:48;69.23;17.62819466155868;71.9528204723799;;
2026-08-08 12:52:18;70.25;17.62819466155868;71.85376850253196;;
2026-08-08 12:52:48;70.93;17.62819466155868;71.75510621788783;;
2026-08-08 12:53:18;70.16;17.62819466155868;71.65683248763855;;
2026-08-08 12:53:48;68.75;17.62819466155868;71.55894618308687;;
2026-08-08 12:54:18;67.76;17.62819466155868;71.46144617764548;;
2026-08-08 12:54:49;66.97;17.62819466155868;71.36433134683523;;
2026-08-08 12:55:19;66.18;17.62819466155868;71.26760056828338;;
2026-08-08 12:55:49;65.77;17.62819466155868;71.1712527217219;;
2026-08-08 12:56:19;65.08;17.62819466155868;71.07528668898561;;
2026-08-08 12:56:49;64.69;17.62819466155868;70.97970135401056;;
2026-08-08 12:57:19;64.02;17.62819466155868;70.88449560283213;;
2026-08-08 12:57:49;63.29;17.62819466155868;70.78966832358338;;
2026-08-08 12:58:19;62.90;17.62819466155868;70.69521840649327;;
2026-08-08 12:58:49;62.09;17.62819466155868;70.6011447438848;;
2026-08-08 12:59:19;61.79;17.62819466155868;70.50744623017346;;
2026-08-08 12:59:49;61.08;17.62819466155868;70.41412176186526;;
2026-08-08 13:00:19;60.81;17.62819466155868;70.3211702375551;;
2026-08-08 13:00:49;60.20;17.62819466155868;70.22859055792492;;
2026-08-08 13:01:19;60;17.62819466155868;70.1363816257421;;
2026-08-08 13:01:49;59.86;17.62819466155868;70.04454234585748;;
2026-08-08 13:02:19;59.18;17.62819466155868;69.95307162520378;;
2026-08-08 13:02:50;59;17.62819466155868;69.86196837279373;;
2026-08-08 13:03:20;58.93;17.62819466155868;69.77123149971838;;
2026-08-08 13:03:50;58.56;17.62819466155868;69.68085991914529;;
2026-08-08 13:04:20;58.15;17.62819466155868;69.5908525463168;;
2026-08-08 13:04:50;58;17.62819466155868;69.50120829854824;;
2026-08-08 13:05:20;57.93;17.62819466155868;69.41192609522619;;
2026-08-08 13:05:50;57.70;17.62819466155868;69.32300485780672;;
2026-08-08 13:06:20;57.36;17.62819466155868;69.23444350981359;;
2026-08-08 13:06:50;57.09;17.62819466155868;69.14624097683654;;
2026-08-08 13:07:20;57;17.62819466155868;69.05839618652946;;
2026-08-08 13:07:50;57;17.62819466155868;68.97090806860871;;
2026-08-08 13:08:20;56.97;17.62819466155868;68.8837755548513;;
2026-08-08 13:08:50;56.91;17.62819466155868;68.79699757909307;;
2026-08-08 13:09:20;56.70;17.62819466155868;68.7105730772271;;
2026-08-08 13:09:50;56.45;17.62819466155868;68.62450098720171;;
2026-08-08 13:10:20;56.38;17.62819466155868;68.53878024901893;;
2026-08-08 13:10:50;56.22;17.62819466155868;68.45340980473253;;
2026-08-08 13:11:20;56.13;17.62819466155868;68.36838859844636;;
2026-08-08 13:11:51;57.63;17.62819466155868;68.28371557631262;;
2026-08-08 13:12:21;60.16;17.62819466155868;68.19938968652997;;
2026-08-08 13:12:51;61.75;17.62819466155868;68.11540987934187;;
2026-08-08 13:13:21;62.58;17.62819466155868;68.03177510703473;;
2026-08-08 13:13:51;62.04;17.62819466155868;67.94848432393623;;
2026-08-08 13:14:21;61.06;17.62819466155868;67.86553648641345;;
2026-08-08 13:14:51;60.15;17.62819466155868;67.7829305528712;;
2026-08-08 13:15:21;59.41;17.62819466155868;67.70066548375017;;
2026-08-08 13:15:51;58.90;17.62819466155868;67.61874024152519;;
2026-08-08 13:16:21;58.31;17.62819466155868;67.53715379070348;;
2026-08-08 13:16:51;58;17.62819466155868;67.45590509782282;;
2026-08-08 13:17:21;57.83;17.62819466155868;67.37499313144988;;
2026-08-08 13:17:51;57.25;17.62819466155868;67.29441686217831;;
2026-08-08 13:18:21;57;17.62819466155868;67.21417526262711;;
2026-08-08 13:18:51;56.97;17.62819466155868;67.13426730743873;;
2026-08-08 13:19:21;56.75;17.62819466155868;67.05469197327741;;
2026-08-08 13:19:51;56.45;17.62819466155868;66.97544823882731;;
2026-08-08 13:20:22;56.15;17.62819466155868;66.8965350847908;;
2026-08-08 13:20:52;56.02;17.62819466155868;66.81795149388665;;
2026-08-08 13:21:22;56;17.62819466155868;66.73969645084829;;
2026-08-08 13:21:52;55.99;17.62819466155868;66.66176894242199;;
2026-08-08 13:22:22;55.93;17.62819466155868;66.58416795736511;;
2026-08-08 13:22:52;55.81;17.62819466155868;66.50689248644437;;
2026-08-08 13:23:22;55.63;17.62819466155868;66.42994152243395;;
2026-08-08 13:23:52;55.33;17.62819466155868;66.35331406011383;;
2026-08-08 13:24:22;55.59;17.62819466155868;66.27700909626797;;
2026-08-08 13:24:52;55.40;17.62819466155868;66.20102562968255;;
2026-08-08 13:25:22;55.11;17.62819466155868;66.12536266114414;;
2026-08-08 13:25:52;55.06;17.62819466155868;66.05001919343796;;
2026-08-08 13:26:22;55.02;17.62819466155868;65.97499423134616;;
2026-08-08 13:26:52;56.45;17.62819466155868;65.90028678164589;;
2026-08-08 13:27:22;58.74;17.62819466155868;65.8258958531077;;
2026-08-08 13:27:52;59.61;17.62819466155868;65.75182045649358;;
2026-08-08 13:28:22;58.50;17.62819466155868;65.67805960455536;;
2026-08-08 13:28:53;57.84;17.62819466155868;65.60461231203276;;
2026-08-08 13:29:23;57.11;17.62819466155868;65.53147759565174;;
2026-08-08 13:29:53;56.90;17.62819466155868;65.45865447412265;;
2026-08-08 13:30:23;56.72;17.62819466155868;65.38614196813847;;
2026-08-08 13:30:53;58.86;17.62819466155868;65.31393910037302;;
2026-08-08 13:31:23;60.86;17.62819466155868;65.24204489547917;;
2026-08-08 13:31:53;62.47;17.62819466155868;65.17045838008708;;
2026-08-08 13:32:23;63.68;17.62819466155868;65.09917858280241;;
2026-08-08 13:32:53;63.93;17.62819466155868;65.02820453420449;;
2026-08-08 13:33:23;63.09;17.62819466155868;64.95753526684462;;
2026-08-08 13:33:53;62.20;17.62819466155868;64.88716981524422;;
2026-08-08 13:34:23;61.24;17.62819466155868;64.81710721589307;;
2026-08-08 13:34:53;60.65;17.62819466155868;64.7473465072475;;
2026-08-08 13:35:23;60.08;17.62819466155868;64.67788672972867;;
2026-08-08 13:35:53;59.47;17.62819466155868;64.6087269257207;;
2026-08-08 13:36:23;58.88;17.62819466155868;64.5398661395689;;
2026-08-08 13:36:53;58.25;17.62819466155868;64.47130341757806;;
2026-08-08 13:37:23;57.99;17.62819466155868;64.40303780801055;;
2026-08-08 13:37:54;57.70;17.62819466155868;64.33506836108464;;
2026-08-08 13:38:24;57.24;17.62819466155868;64.26739412897263;;
2026-08-08 13:38:54;56.99;17.62819466155868;64.20001416579906;;
2026-08-08 13:39:24;56.90;17.62819466155868;64.13292752763903;;
2026-08-08 13:39:54;56.52;17.62819466155868;64.06613327251625;;
2026-08-08 13:40:24;56.18;17.62819466155868;63.99963046040139;;
2026-08-08 13:40:54;56;17.62819466155868;63.9334181532102;;
2026-08-08 13:41:24;55.99;17.62819466155868;63.86749541480175;;
2026-08-08 13:41:54;55.93;17.62819466155868;63.801861310976655;;
2026-08-08 13:42:24;55.70;17.62819466155868;63.736514909475254;;
2026-08-08 13:42:54;55.47;17.62819466155868;63.67145527997584;;
2026-08-08 13:43:24;55.15;17.62819466155868;63.60668149409285;;
2026-08-08 13:43:54;55.02;17.62819466155868;63.54219262537508;;
2026-08-08 13:44:24;55;17.62819466155868;63.47798774930391;;
2026-08-08 13:44:54;55;17.62819466155868;63.41406594329146;;
2026-08-08 13:45:24;54.99;17.62819466155868;63.350426286678854;;
2026-08-08 13:45:54;54.97;17.62819466155868;63.28706786073441;;
2026-08-08 13:46:25;54.95;17.62819466155868;63.22398974865179;;
2026-08-08 13:46:55;54.90;17.62819466155868;63.16119103554829;;
2026-08-08 13:47:25;54.77;17.62819466155868;63.09867080846299;;
2026-08-08 13:47:55;54.70;17.62819466155868;63.036428156354965;;
2026-08-08 13:48:25;54.56;17.62819466155868;62.97446217010151;;
2026-08-08 13:48:55;54.38;17.62819466155868;62.91277194249629;;
2026-08-08 13:49:25;54.34;17.62819466155868;62.85135656824764;;
2026-08-08 13:49:55;54.22;17.62819466155868;62.790215143976646;;
2026-08-08 13:50:25;54.18;17.62819466155868;62.72934676821545;;
2026-08-08 13:50:55;54.13;17.62819466155868;62.66875054140538;;
2026-08-08 13:51:25;54.04;17.62819466155868;62.6084255658952;;
2026-08-08 13:51:55;54.04;17.62819466155868;62.548370945939276;;
2026-08-08 13:52:25;54.02;17.62819466155868;62.488585787695804;;
2026-08-08 13:52:55;54.02;17.62819466155868;62.42906919922497;;
2026-08-08 13:53:25;54;17.62819466155868;62.3698202904872;;
2026-08-08 13:53:55;54;17.62819466155868;62.31083817334131;;
2026-08-08 13:54:25;54;17.62819466155868;62.25212196154275;;
2026-08-08 13:54:56;53.99;17.62819466155868;62.19367077074177;;
2026-08-08 13:55:26;53.97;17.62819466155868;62.1354837184816;;
2026-08-08 13:55:56;53.97;17.62819466155868;62.07755992419672;;
2026-08-08 13:56:26;53.97;17.62819466155868;62.019898509210975;;
2026-08-08 13:56:56;53.93;17.62819466155868;61.96249859673582;;
2026-08-08 13:57:26;53.86;17.62819466155868;61.905359311868494;;
2026-08-08 13:57:56;53.88;17.62819466155868;61.848479781590214;;
2026-08-08 13:58:26;53.88;17.62819466155868;61.79185913476441;;
2026-08-08 13:58:56;53.77;17.62819466155868;61.73549650213485;;
2026-08-08 13:59:26;53.79;17.62819466155868;61.67939101632389;;
2026-08-08 13:59:56;53.68;17.62819466155868;61.62354181183065;;
2026-08-08 14:00:26;53.72;17.62819466155868;61.567948025029196;;
2026-08-08 14:00:56;53.63;17.62819466155868;61.51260879416676;;
2026-08-08 14:01:26;53.68;17.62819466155868;61.457523259361885;;
2026-08-08 14:01:56;53.54;17.62819466155868;61.40269056260267;;
2026-08-08 14:02:26;53.52;17.62819466155868;61.34810984774495;;
2026-08-08 14:02:56;53.49;17.62819466155868;61.29378026051043;;
2026-08-08 14:03:26;53.36;17.62819466155868;61.23970094848495;;
2026-08-08 14:03:57;53.34;17.62819466155868;61.18587106111666;;
2026-08-08 14:04:27;53.36;17.62819466155868;61.13228974971414;;
2026-08-08 14:04:57;53.25;17.62819466155868;61.07895616744471;;
2026-08-08 14:05:27;53.27;17.62819466155868;61.025869469332505;;
2026-08-08 14:05:57;53.33;17.62819466155868;60.97302881225672;;
2026-08-08 14:06:27;53.27;17.62819466155868;60.92043335494981;;
2026-08-08 14:06:57;53.15;17.62819466155868;60.86808225799562;;
2026-08-08 14:07:27;53.15;17.62819466155868;60.81597468382763;;
2026-08-08 14:07:57;53.16;17.62819466155868;60.76410979672712;;
2026-08-08 14:08:27;53.13;17.62819466155868;60.71248676282135;;
2026-08-08 14:08:57;53.09;17.62819466155868;60.66110475008173;;
2026-08-08 14:09:27;53.13;17.62819466155868;60.60996292832207;;
2026-08-08 14:09:57;53.13;17.62819466155868;60.55906046919668;;
2026-08-08 14:10:27;53.04;17.62819466155868;60.5083965461986;;
2026-08-08 14:10:57;53.08;17.62819466155868;60.457970334657794;;
2026-08-08 14:11:27;53.08;17.62819466155868;60.40778101173931;;
2026-08-08 14:11:57;53.06;17.62819466155868;60.357827756441466;;
2026-08-08 14:12:27;53.08;17.62819466155868;60.30810974959404;;
2026-08-08 14:12:58;53.06;17.62819466155868;60.258626173856456;;
2026-08-08 14:13:28;53.06;17.62819466155868;60.20937621371593;;
2026-08-08 14:13:58;53.02;17.62819466155868;60.160359055485706;;
2026-08-08 14:14:28;53.02;17.62819466155868;60.1115738873032;;
2026-08-08 14:14:58;53.04;17.62819466155868;60.06301989912821;;
2026-08-08 14:15:28;53.04;17.62819466155868;60.01469628274103;;
2026-08-08 14:15:58;53;17.62819466155868;59.96660223174071;;
2026-08-08 14:16:28;53.02;17.62819466155868;59.91873694154319;;
2026-08-08 14:16:58;53;17.62819466155868;59.871099609379485;;
2026-08-08 14:17:28;53;17.62819466155868;59.82368943429388;;
2026-08-08 14:17:58;53;17.62819466155868;59.77650561714207;;
2026-08-08 14:18:28;53;17.62819466155868;59.72954736058937;;
2026-08-08 14:18:58;53;17.62819466155868;59.6828138691089;;
2026-08-08 14:19:28;53;17.62819466155868;59.63630434897969;;
2026-08-08 14:19:58;53;17.62819466155868;59.59001800828498;;
2026-08-08 14:20:28;53;17.62819466155868;59.54395405691026;;
2026-08-08 14:20:58;53;17.62819466155868;59.49811170654154;;
2026-08-08 14:21:29;52.99;17.62819466155868;59.45249017066349;;
2026-08-08 14:21:59;52.99;17.62819466155868;59.407088664557605;;
2026-08-08 14:22:29;52.97;17.62819466155868;59.361906405300395;;
2026-08-08 14:22:59;52.99;17.62819466155868;59.31694261176155;;
2026-08-08 14:23:29;52.99;17.62819466155868;59.272196504602114;;
2026-08-08 14:23:59;52.99;17.62819466155868;59.227667306272664;;
2026-08-08 14:24:29;52.97;17.62819466155868;59.183354241011465;;
2026-08-08 14:24:59;53;17.62819466155868;59.139256534842644;;
2026-08-08 14:25:29;52.97;17.62819466155868;59.09537341557439;;
2026-08-08 14:25:59;52.97;17.62819466155868;59.051704112797076;;
2026-08-08 14:26:29;52.97;17.62819466155868;59.00824785788146;;
2026-08-08 14:26:59;52.95;17.62819466155868;58.96500388397685;;
2026-08-08 14:27:29;52.97;17.62819466155868;58.92197142600928;;
2026-08-08 14:27:59;52.95;17.62819466155868;58.87914972067965;;
2026-08-08 14:28:29;52.93;17.62819466155868;58.836538006461915;;
2026-08-08 14:28:59;52.95;17.62819466155868;58.794135523601255;;
2026-08-08 14:29:29;52.88;17.62819466155868;58.75194151411223;;
2026-08-08 14:29:59;52.90;17.62819466155868;58.70995522177696;;
2026-08-08 14:30:30;52.91;17.62819466155868;58.66817589214327;;
2026-08-08 14:31:00;52.86;17.62819466155868;58.62660277252287;;
2026-08-08 14:31:30;52.86;17.62819466155868;58.585235111989526;;
2026-08-08 14:32:00;52.91;17.62819466155868;58.5440721613772;;
2026-08-08 14:32:30;52.84;17.62819466155868;58.50311317327826;;
2026-08-08 14:33:00;52.88;17.62819466155868;58.46235740204156;;
2026-08-08 14:33:30;52.86;17.62819466155868;58.42180410377072;;
2026-08-08 14:34:00;52.86;17.62819466155868;58.38145253632216;;
2026-08-08 14:34:30;52.86;17.62819466155868;58.34130195930337;;
2026-08-08 14:35:00;52.83;17.62819466155868;58.30135163407102;;
2026-08-08 14:35:30;52.81;17.62819466155868;58.261600823729104;;
2026-08-08 14:36:00;52.81;17.62819466155868;58.22204879312716;;
2026-08-08 14:36:30;52.81;17.62819466155868;58.182694808858365;;
2026-08-08 14:37:00;52.86;17.62819466155868;58.143538139257736;;
2026-08-08 14:37:30;52.84;17.62819466155868;58.10457805440028;;
2026-08-08 14:38:00;52.81;17.62819466155868;58.06581382609914;;
2026-08-08 14:38:30;52.83;17.62819466155868;58.02724472790376;;
2026-08-08 14:39:00;52.84;17.62819466155868;57.98887003509808;;
2026-08-08 14:39:31;52.77;17.62819466155868;57.950689024698605;;
2026-08-08 14:40:01;52.84;17.62819466155868;57.91270097545265;;
2026-08-08 14:40:31;52.88;17.62819466155868;57.87490516783645;;
2026-08-08 14:41:01;52.88;17.62819466155868;57.83730088405332;;
2026-08-08 14:41:31;52.81;17.62819466155868;57.799887408031836;;
2026-08-08 14:42:01;52.79;17.62819466155868;57.76266402542395;;
2026-08-08 14:42:31;52.81;17.62819466155868;57.725630023603166;;
2026-08-08 14:43:01;52.77;17.62819466155868;57.6887846916627;;
2026-08-08 14:43:31;52.77;17.62819466155868;57.652127320413626;;
2026-08-08 14:44:01;52.75;17.62819466155868;57.61565720238301;;
2026-08-08 14:44:31;52.77;17.62819466155868;57.579373631812096;;
2026-08-08 14:45:01;52.81;17.62819466155868;57.54327590465444;;
2026-08-08 14:45:31;52.72;17.62819466155868;57.50736331857406;;
2026-08-08 14:46:01;52.77;17.62819466155868;57.47163517294358;;
2026-08-08 14:46:31;52.77;17.62819466155868;57.436090768842384;;
2026-08-08 14:47:01;52.68;17.62819466155868;57.400729409054804;;
2026-08-08 14:47:31;52.74;17.62819466155868;57.365550398068194;;
2026-08-08 14:48:02;52.75;17.62819466155868;57.33055304207115;;
2026-08-08 14:48:32;52.68;17.62819466155868;57.2957366489516;;
2026-08-08 14:49:02;52.72;17.62819466155868;57.261100528295025;;
2026-08-08 14:49:32;52.70;17.62819466155868;57.2266439913825;;
2026-08-08 14:50:02;52.68;17.62819466155868;57.19236635118895;;
2026-08-08 14:50:32;52.61;17.62819466155868;57.15826692238122;;
2026-08-08 14:51:02;52.72;17.62819466155868;57.12434502131627;;
2026-08-08 14:51:32;52.65;17.62819466155868;57.09059996603928;;
2026-08-08 14:52:02;52.59;17.62819466155868;57.0570310762818;;
2026-08-08 14:52:32;52.63;17.62819466155868;57.02363767345996;;
2026-08-08 14:53:02;52.54;17.62819466155868;56.990419080672496;;
2026-08-08 14:53:32;52.56;17.62819466155868;56.957374622699;;
2026-08-08 14:54:02;52.54;17.62819466155868;56.92450362599799;;
2026-08-08 14:54:32;52.49;17.62819466155868;56.89180541870512;;
2026-08-08 14:55:02;52.50;17.62819466155868;56.85927933063124;;
2026-08-08 14:55:32;52.47;17.62819466155868;56.8269246932606;;
2026-08-08 14:56:02;52.52;17.62819466155868;56.794740839748975;;
2026-08-08 14:56:32;52.47;17.62819466155868;56.7627271049218;;
2026-08-08 14:57:03;52.47;17.62819466155868;56.73088282527229;;
2026-08-08 14:57:33;52.49;17.62819466155868;56.699207338959624;;
2026-08-08 14:58:03;52.40;17.62819466155868;56.66769998580704;;
2026-08-08 14:58:33;52.43;17.62819466155868;56.63636010730001;;
2026-08-08 14:59:03;52.45;17.62819466155868;56.60518704658432;;
2026-08-08 14:59:33;52.36;17.62819466155868;56.57418014846429;;
2026-08-08 15:00:03;52.34;17.62819466155868;56.54333875940084;;
2026-08-08 15:00:33;52.38;17.62819466155868;56.51266222750966;;
2026-08-08 15:01:03;52.36;17.62819466155868;56.482149902559314;;
2026-08-08 15:01:33;52.34;17.62819466155868;56.45180113596944;;
2026-08-08 15:02:03;52.38;17.62819466155868;56.4216152808088;;
2026-08-08 15:02:33;52.49;17.62819466155868;56.391591691793465;;
2026-08-08 15:03:03;52.36;17.62819466155868;56.36172972528496;;
2026-08-08 15:03:33;52.27;17.62819466155868;56.33202873928834;;
2026-08-08 15:04:03;52.31;17.62819466155868;56.30248809345037;;
2026-08-08 15:04:33;52.31;17.62819466155868;56.273107149057665;;
2026-08-08 15:05:03;52.31;17.62819466155868;56.24388526903476;;
2026-08-08 15:05:33;52.36;17.62819466155868;56.214821817942315;;
2026-08-08 15:06:04;52.31;17.62819466155868;56.18591616197518;;
2026-08-08 15:06:34;52.22;17.62819466155868;56.15716766896056;;
2026-08-08 15:07:04;52.29;17.62819466155868;56.128575708356166;;
2026-08-08 15:07:34;52.34;17.62819466155868;56.10013965124827;;
2026-08-08 15:08:04;52.29;17.62819466155868;56.07185887034991;;
2026-08-08 15:08:34;52.20;17.62819466155868;56.04373273999897;;
2026-08-08 15:09:04;52.25;17.62819466155868;56.01576063615633;;
2026-08-08 15:09:34;52.18;17.62819466155868;55.98794193640396;;
2026-08-08 15:10:04;52.25;17.62819466155868;55.960276019943116;;
2026-08-08 15:10:34;52.25;17.62819466155868;55.93276226759237;;
2026-08-08 15:11:04;52.25;17.62819466155868;55.90540006178582;;
2026-08-08 15:11:34;52.18;17.62819466155868;55.87818878657114;;
2026-08-08 15:12:04;52.20;17.62819466155868;55.85112782760776;;
2026-08-08 15:12:34;52.22;17.62819466155868;55.82421657216498;;
2026-08-08 15:13:04;52.25;17.62819466155868;55.797454409120064;;
2026-08-08 15:13:34;52.27;17.62819466155868;55.77084072895638;;
2026-08-08 15:14:04;52.24;17.62819466155868;55.744374923761534;;
2026-08-08 15:14:34;52.20;17.62819466155868;55.71805638722547;;
2026-08-08 15:15:05;52.27;17.62819466155868;55.69188451463857;;
2026-08-08 15:15:35;52.27;17.62819466155868;55.66585870288986;;
2026-08-08 15:16:05;52.22;17.62819466155868;55.639978350465015;;
2026-08-08 15:16:35;52.25;17.62819466155868;55.61424285744455;;
2026-08-08 15:17:05;52.13;17.62819466155868;55.58865162550194;;
2026-08-08 15:17:35;52.25;17.62819466155868;55.563204057901686;;
2026-08-08 15:18:05;52.18;17.62819466155868;55.53789955949748;;
2026-08-08 15:18:35;52.15;17.62819466155868;55.51273753673031;;
2026-08-08 15:19:05;52.13;17.62819466155868;55.487717397626554;;
2026-08-08 15:19:35;52.16;17.62819466155868;55.46283855179613;;
2026-08-08 15:20:05;52.20;17.62819466155868;55.43810041043057;;
2026-08-08 15:20:35;52.13;17.62819466155868;55.41350238630118;;
2026-08-08 15:21:05;52.20;17.62819466155868;55.38904389375712;;
2026-08-08 15:21:35;52.16;17.62819466155868;55.364724348723506;;
2026-08-08 15:22:05;52.13;17.62819466155868;55.34054316869958;;
2026-08-08 15:22:35;52.15;17.62819466155868;55.31649977275676;;
2026-08-08 15:23:05;52.15;17.62819466155868;55.29259358153677;;
2026-08-08 15:23:36;52.15;17.62819466155868;55.268824017249784;;
2026-08-08 15:24:06;52.15;17.62819466155868;55.24519050367248;;
2026-08-08 15:24:36;52.18;17.62819466155868;55.2216924661462;;
2026-08-08 15:25:06;52.15;17.62819466155868;55.19832933157502;;
2026-08-08 15:25:36;52.13;17.62819466155868;55.175100528423876;;
2026-08-08 15:26:06;52.18;17.62819466155868;55.15200548671668;;
2026-08-08 15:26:36;52.15;17.62819466155868;55.129043638034425;;
2026-08-08 15:27:06;52.09;17.62819466155868;55.10621441551326;;
2026-08-08 15:27:36;52.16;17.62819466155868;55.083517253842636;;
2026-08-08 15:28:06;52.11;17.62819466155868;55.0609515892634;;
2026-08-08 15:28:36;52.15;17.62819466155868;55.03851685956588;;
2026-08-08 15:29:06;52.15;17.62819466155868;55.01621250408803;;
2026-08-08 15:29:36;52.13;17.62819466155868;54.99403796371349;;
2026-08-08 15:30:06;52.13;17.62819466155868;54.971992680869704;;
2026-08-08 15:30:36;52.11;17.62819466155868;54.95007609952604;;
2026-08-08 15:31:06;52.09;17.62819466155868;54.92828766519189;;
2026-08-08 15:31:36;52.08;17.62819466155868;54.90662682491472;;
2026-08-08 15:32:06;52.09;17.62819466155868;54.885093027278245;;
2026-08-08 15:32:37;52.13;17.62819466155868;54.86368572240048;;
2026-08-08 15:33:07;52.08;17.62819466155868;54.84240436193188;;
2026-08-08 15:33:37;52.09;17.62819466155868;54.82124839905337;;
2026-08-08 15:34:07;52.09;17.62819466155868;54.800217288474514;;
2026-08-08 15:34:37;52.09;17.62819466155868;54.77931048643159;;
2026-08-08 15:35:07;52.11;17.62819466155868;54.758527450685676;;
2026-08-08 15:35:37;52.11;17.62819466155868;54.73786764052075;;
2026-08-08 15:36:07;52.15;17.62819466155868;54.7173305167418;;
2026-08-08 15:36:37;52.11;17.62819466155868;54.696915541672894;;
2026-08-08 15:37:07;52.16;17.62819466155868;54.6766221791553;;
2026-08-08 15:37:37;52.13;17.62819466155868;54.65644989454558;;
2026-08-08 15:38:07;52.06;17.62819466155868;54.63639815471366;;
2026-08-08 15:38:37;52.15;17.62819466155868;54.616466428040944;;
2026-08-08 15:39:07;52.11;17.62819466155868;54.5966541844184;;
2026-08-08 15:39:37;52.06;17.62819466155868;54.57696089524464;;
2026-08-08 15:40:07;52.09;17.62819466155868;54.55738603342403;;
2026-08-08 15:40:37;52.09;17.62819466155868;54.53792907336479;;
2026-08-08 15:41:07;52.08;17.62819466155868;54.518589490977064;;
2026-08-08 15:41:38;52.08;17.62819466155868;54.49936676367098;;
2026-08-08 15:42:08;52.11;17.62819466155868;54.4802603703548;;
2026-08-08 15:42:38;52.06;17.62819466155868;54.46126979143298;;
2026-08-08 15:43:08;52.09;17.62819466155868;54.44239450880426;;
2026-08-08 15:43:38;52.08;17.62819466155868;54.42363400585974;;
2026-08-08 15:44:08;52.08;17.62819466155868;54.404987767480975;;
2026-08-08 15:44:38;52.06;17.62819466155868;54.386455280038064;;
2026-08-08 15:45:08;52.06;17.62819466155868;54.36803603138773;;
2026-08-08 15:45:38;52.06;17.62819466155868;54.34972951087142;;
2026-08-08 15:46:08;52.04;17.62819466155868;54.33153520931336;;
2026-08-08 15:46:38;52.08;17.62819466155868;54.313452619018655;;
2026-08-08 15:47:08;52.04;17.62819466155868;54.295481233771376;;
2026-08-08 15:47:38;52.04;17.62819466155868;54.27762054883264;;
2026-08-08 15:48:08;52.04;17.62819466155868;54.25987006093868;;
2026-08-08 15:48:38;52.06;17.62819466155868;54.24222926829895;;
2026-08-08 15:49:08;52.04;17.62819466155868;54.22469767059416;;
2026-08-08 15:49:38;52.08;17.62819466155868;54.207274768974415;;
2026-08-08 15:50:08;52.06;17.62819466155868;54.18996006605725;;
2026-08-08 15:50:39;52.02;17.62819466155868;54.17275306592572;;
2026-08-08 15:51:09;52.04;17.62819466155868;54.155653274126486;;
2026-08-08 15:51:39;52.04;17.62819466155868;54.13866019766789;;
2026-08-08 15:52:09;52.06;17.62819466155868;54.121773345018006;;
2026-08-08 15:52:39;52.06;17.62819466155868;54.104992226102766;;
2026-08-08 15:53:09;52.08;17.62819466155868;54.088316352303984;;
2026-08-08 15:53:39;52.08;17.62819466155868;54.071745236457474;;
2026-08-08 15:54:09;52.04;17.62819466155868;54.05527839285107;;
2026-08-08 15:54:39;52.06;17.62819466155868;54.03891533722277;;
2026-08-08 15:55:09;52.02;17.62819466155868;54.02265558675874;;
2026-08-08 15:55:39;52.04;17.62819466155868;54.00649866009144;;
2026-08-08 15:56:09;52.06;17.62819466155868;53.990444077297646;;
2026-08-08 15:56:39;52.04;17.62819466155868;53.974491359896575;;
2026-08-08 15:57:09;52.02;17.62819466155868;53.95864003084791;;
2026-08-08 15:57:39;52.04;17.62819466155868;53.942889614549884;;
2026-08-08 15:58:09;52.02;17.62819466155868;53.927239636837356;;
2026-08-08 15:58:39;52.04;17.62819466155868;53.911689624979886;;
2026-08-08 15:59:10;52.06;17.62819466155868;53.896239107679754;;
2026-08-08 15:59:40;52.04;17.62819466155868;53.88088761507011;;
2026-08-08 16:00:10;52.04;17.62819466155868;53.865634678712944;;
2026-08-08 16:00:40;52.04;17.62819466155868;53.85047983159725;;
2026-08-08 16:01:10;52.04;17.62819466155868;53.83542260813701;;
2026-08-08 16:01:40;52.04;17.62819466155868;53.82046254416928;;
2026-08-08 16:02:10;52.06;17.62819466155868;53.805599176952306;;
2026-08-08 16:02:40;52.02;17.62819466155868;53.7908320451635;;
2026-08-08 16:03:10;52.02;17.62819466155868;53.77616068889757;;
2026-08-08 16:03:40;52.08;17.62819466155868;53.76158464966455;;
2026-08-08 16:04:10;52.02;17.62819466155868;53.74710347038786;;
2026-08-08 16:04:40;52.06;17.62819466155868;53.7327166954024;;
2026-08-08 16:05:10;52.06;17.62819466155868;53.71842387045257;;
2026-08-08 16:05:40;52.06;17.62819466155868;53.70422454269032;;
2026-08-08 16:06:10;52.04;17.62819466155868;53.69011826067327;;
2026-08-08 16:06:40;52.04;17.62819466155868;53.67610457436271;;
2026-08-08 16:07:10;52.02;17.62819466155868;53.66218303512167;;
2026-08-08 16:07:40;52.06;17.62819466155868;53.64835319571299;;
2026-08-08 16:08:11;52.06;17.62819466155868;53.63461461029737;;
2026-08-08 16:08:41;52.99;17.62819466155868;53.620966834431414;;
2026-08-08 16:09:11;54.11;18.06407141721084;53.60740942506569;;
2026-08-08 16:09:41;54;17.97983399746518;53.593941940542805;;
2026-08-08 16:10:11;53.75;17.774393741744763;53.58056394059542;;
2026-08-08 16:10:41;53.31;17.62819466155868;53.56727498634431;;
2026-08-08 16:11:11;53.06;17.62819466155868;53.55407464029646;;
2026-08-08 16:11:41;53;17.62819466155868;53.54096246634306;;
2026-08-08 16:12:11;52.99;17.62819466155868;53.527938029757564;;
2026-08-08 16:12:41;52.99;17.62819466155868;53.51500089719379;;
2026-08-08 16:13:11;52.95;17.62819466155868;53.502150636683886;;
2026-08-08 16:13:41;52.90;17.62819466155868;53.48938681763646;;
2026-08-08 16:14:11;52.88;17.62819466155868;53.47670901083457;;
2026-08-08 16:14:41;52.86;17.62819466155868;53.46411678843379;;
2026-08-08 16:15:11;52.79;17.62819466155868;53.45160972396027;;
2026-08-08 16:15:41;52.77;17.62819466155868;53.43918739230875;;
2026-08-08 16:16:11;52.68;17.62819466155868;53.42684936974064;;
2026-08-08 16:16:41;52.70;17.62819466155868;53.414595233882025;;
2026-08-08 16:17:12;52.56;17.62819466155868;53.40242456372176;;
2026-08-08 16:17:42;52.58;17.62819466155868;53.39033693960944;;
2026-08-08 16:18:12;52.52;17.62819466155868;53.37833194325352;;
2026-08-08 16:18:42;52.43;17.62819466155868;53.3664091577193;;
2026-08-08 16:19:12;52.47;17.62819466155868;53.35456816742699;;
2026-08-08 16:19:42;52.47;17.62819466155868;53.34280855814974;;
2026-08-08 16:20:12;52.33;17.62819466155868;53.331129917011694;;
2026-08-08 16:20:42;52.38;17.62819466155868;53.319531832486;;
2026-08-08 16:21:12;52.31;17.62819466155868;53.30801389439287;;
2026-08-08 16:21:42;52.25;17.62819466155868;53.296575693897616;;
2026-08-08 16:22:12;52.20;17.62819466155868;53.285216823508684;;
2026-08-08 16:22:42;52.29;17.62819466155868;53.273936877075684;;
2026-08-08 16:23:12;52.20;17.62819466155868;53.26273544978741;;
2026-08-08 16:23:42;52.20;17.62819466155868;53.25161213816991;;
2026-08-08 16:24:12;52.20;17.62819466155868;53.2405665400845;;
2026-08-08 16:24:42;52.20;17.62819466155868;53.229598254725786;;
2026-08-08 16:25:12;52.13;17.62819466155868;53.21870688261971;;
2026-08-08 16:25:42;52.18;17.62819466155868;53.20789202562159;;
2026-08-08 16:26:13;52.15;17.62819466155868;53.1971532869141;;
2026-08-08 16:26:43;52.18;17.62819466155868;53.18649027100538;;
2026-08-08 16:27:13;52.11;17.62819466155868;53.175902583726995;;
2026-08-08 16:27:43;52.09;17.62819466155868;53.165389832232;;
2026-08-08 16:28:13;52.13;17.62819466155868;53.154951624992954;;
2026-08-08 16:28:43;52.11;17.62819466155868;53.14458757179994;;
2026-08-08 16:29:13;52.11;17.62819466155868;53.13429728375861;;
2026-08-08 16:29:43;52.13;17.62819466155868;53.1240803732882;;
2026-08-08 16:30:13;52.11;17.62819466155868;53.11393645411956;;
2026-08-08 16:30:43;52.18;17.62819466155868;53.10386514129315;;
2026-08-08 16:31:13;52.06;17.62819466155868;53.09386605115711;;
2026-08-08 16:31:43;52.06;17.62819466155868;53.083938801365235;;
2026-08-08 16:32:13;52.06;17.62819466155868;53.074083010875036;;
2026-08-08 16:32:43;52.08;17.62819466155868;53.064298299945726;;
2026-08-08 16:33:13;52.06;17.62819466155868;53.054584290136276;;
2026-08-08 16:33:43;52.06;17.62819466155868;53.044940604303406;;
2026-08-08 16:34:13;52.08;17.62819466155868;53.035366866599595;;
2026-08-08 16:34:43;52.08;17.62819466155868;53.02586270247114;;
2026-08-08 16:35:14;52.08;17.62819466155868;53.016427738656134;;
2026-08-08 16:35:44;52.06;17.62819466155868;53.00706160318251;;
2026-08-08 16:36:14;52.04;17.62819466155868;52.997763925366016;;
2026-08-08 16:36:44;52.04;17.62819466155868;52.98853433580828;;
2026-08-08 16:37:14;52.06;17.62819466155868;52.9793724663948;;
2026-08-08 16:37:44;52.09;17.62819466155868;52.970277950292946;;
2026-08-08 16:38:14;52.04;17.62819466155868;52.961250421949984;;
2026-08-08 16:38:44;52.06;17.62819466155868;52.95228951709108;;
2026-08-08 16:39:14;52.04;17.62819466155868;52.94339487271734;;
2026-08-08 16:39:44;52.04;17.62819466155868;52.93456612710377;;
2026-08-08 16:40:14;52.06;17.62819466155868;52.92580291979734;;
2026-08-08 16:40:44;52.06;17.62819466155868;52.91710489161493;;
2026-08-08 16:41:14;52.09;17.62819466155868;52.9084716846414;;
2026-08-08 16:41:44;52.04;17.62819466155868;52.899902942227556;;
2026-08-08 16:42:14;52.02;17.62819466155868;52.89139830898817;;
2026-08-08 16:42:44;52.06;17.62819466155868;52.88295743079999;;
2026-08-08 16:43:14;52.06;17.62819466155868;52.874579954799735;;
2026-08-08 16:43:45;52.02;17.62819466155868;52.86626552938208;;
2026-08-08 16:44:15;52.02;17.62819466155868;52.85801380419773;;
2026-08-08 16:44:45;52.04;17.62819466155868;52.84982443015132;;
2026-08-08 16:45:15;52.04;17.62819466155868;52.8416970593995;;
2026-08-08 16:45:45;52.02;17.62819466155868;52.8336313453489;;
2026-08-08 16:46:15;52.02;17.62819466155868;52.82562694265412;;
2026-08-08 16:46:45;52.04;17.62819466155868;52.817683507215754;;
2026-08-08 16:47:15;52.06;17.62819466155868;52.809800696178385;;
2026-08-08 16:47:45;52.04;17.62819466155868;52.801978167928546;;
2026-08-08 16:48:15;52.02;17.62819466155868;52.79421558209278;;
2026-08-08 16:48:45;52.02;17.62819466155868;52.78651259953557;;
2026-08-08 16:49:15;52.04;17.62819466155868;52.77886888235738;;
2026-08-08 16:49:45;52.04;17.62819466155868;52.77128409389263;;
2026-08-08 16:50:15;52.02;17.62819466155868;52.76375789870769;;
2026-08-08 16:50:45;52.02;17.62819466155868;52.75628996259886;;
2026-08-08 16:51:15;52.02;17.62819466155868;52.748879952590414;;
2026-08-08 16:51:45;52.04;17.62819466155868;52.7415275369325;;
2026-08-08 16:52:15;52.02;17.62819466155868;52.73423238509924;;
2026-08-08 16:52:46;52.02;17.62819466155868;52.72699416778661;;
2026-08-08 16:53:16;52;17.62819466155868;52.719812556910504;;
2026-08-08 16:53:46;52.02;17.62819466155868;52.712687225604704;;
2026-08-08 16:54:16;52.02;17.62819466155868;52.705617848218836;;
2026-08-08 16:54:46;52;17.62819466155868;52.698604100316395;;
2026-08-08 16:55:16;52.02;17.62819466155868;52.69164565867272;;
2026-08-08 16:55:46;52.02;17.62819466155868;52.684742201272954;;
2026-08-08 16:56:16;52.02;17.62819466155868;52.677893407310066;;
2026-08-08 16:56:46;52.06;17.62819466155868;52.671098957182785;;
2026-08-08 16:57:16;52.02;17.62819466155868;52.66435853249364;;
2026-08-08 16:57:46;52;17.62819466155868;52.65767181604688;;
2026-08-08 16:58:16;52.02;17.62819466155868;52.65103849184651;;
2026-08-08 16:58:46;52.02;17.62819466155868;52.644458245094235;;
2026-08-08 16:59:16;52;17.62819466155868;52.63793076218744;;
2026-08-08 16:59:46;52;17.62819466155868;52.63145573071717;;
2026-08-08 17:00:16;52;17.62819466155868;52.62503283946614;;
2026-08-08 17:00:46;52.02;17.62819466155868;52.61866177840663;;
2026-08-08 17:01:16;52;17.62819466155868;52.61234223869857;;
2026-08-08 17:01:47;52.02;17.62819466155868;52.6060739126874;;
2026-08-08 17:02:17;52;17.62819466155868;52.59985649390214;;
2026-08-08 17:02:47;52.02;17.62819466155868;52.5936896770533;;
2026-08-08 17:03:17;52;17.62819466155868;52.587573158030864;;
2026-08-08 17:03:47;52;17.62819466155868;52.58150663390228;;
2026-08-08 17:04:17;52;17.62819466155868;52.57548980291041;;
2026-08-08 17:04:47;52;17.62819466155868;52.56952236447152;;
2026-08-08 17:05:17;52.02;17.62819466155868;52.563604019173205;;
2026-08-08 17:05:47;52;17.62819466155868;52.55773446877241;;
2026-08-08 17:06:17;52;17.62819466155868;52.55191341619335;;
2026-08-08 17:06:47;52;17.62819466155868;52.54614056552551;;
2026-08-08 17:07:17;52;17.62819466155868;52.54041562202159;;
2026-08-08 17:07:47;52.02;17.62819466155868;52.53473829209546;;
2026-08-08 17:08:17;52;17.62819466155868;52.529108283320156;;
2026-08-08 17:08:47;52.02;17.62819466155868;52.5235253044258;;
2026-08-08 17:09:17;52;17.62819466155868;52.517989065297606;;
2026-08-08 17:09:47;52;17.62819466155868;52.51249927697377;;
2026-08-08 17:10:17;52;17.62819466155868;52.507055651643526;;
2026-08-08 17:10:48;52.02;17.62819466155868;52.501657902645015;;
2026-08-08 17:11:18;52;17.62819466155868;52.496305744463285;;
2026-08-08 17:11:48;52;17.62819466155868;52.49099889272826;;
2026-08-08 17:12:18;52;17.62819466155868;52.485737064212636;;
2026-08-08 17:12:48;52;17.62819466155868;52.48051997682992;;
2026-08-08 17:13:18;52.02;17.62819466155868;52.47534734963231;;
2026-08-08 17:13:48;52;17.62819466155868;52.470218902808675;;
2026-08-08 17:14:18;52;17.62819466155868;52.465134357682516;;
2026-08-08 17:14:48;52;17.62819466155868;52.460093436709904;;
2026-08-08 17:15:18;52;17.62819466155868;52.45509586347744;;
2026-08-08 17:15:48;52;17.62819466155868;52.45014136270018;;
2026-08-08 17:16:18;52;17.62819466155868;52.44522966021962;;
2026-08-08 17:16:48;52.02;17.62819466155868;52.4403604830016;;
2026-08-08 17:17:18;52;17.62819466155868;52.435533559134285;;
2026-08-08 17:17:48;52;17.62819466155868;52.430748617826104;;
2026-08-08 17:18:18;52;17.62819466155868;52.42600538940368;;
2026-08-08 17:18:48;52;17.62819466155868;52.42130360530976;;
2026-08-08 17:19:18;52;17.62819466155868;52.41664299810122;;
2026-08-08 17:19:49;52.02;17.62819466155868;52.41202330144692;;
2026-08-08 17:20:19;52;17.62819466155868;52.40744425012572;;
2026-08-08 17:20:49;52;17.62819466155868;52.402905580024374;;
2026-08-08 17:21:19;52;17.62819466155868;52.39840702813547;;
2026-08-08 17:21:49;52;17.62819466155868;52.3939483325554;;
2026-08-08 17:22:19;52.02;17.62819466155868;52.38952923248226;;
2026-08-08 17:22:49;52;17.62819466155868;52.38514946821381;;
2026-08-08 17:23:19;52.02;17.62819466155868;52.38080878114538;;
2026-08-08 17:23:49;52;17.62819466155868;52.376506913767855;;
2026-08-08 17:24:19;52.02;17.62819466155868;52.372243609665546;;
2026-08-08 17:24:49;52;17.62819466155868;52.36801861351416;;
2026-08-08 17:25:19;52;17.62819466155868;52.36383167107872;;
2026-08-08 17:25:49;52;17.62819466155868;52.3596825292115;;
2026-08-08 17:26:19;52;17.62819466155868;52.35557093584993;;
2026-08-08 17:26:49;52;17.62819466155868;52.35149664001458;;
2026-08-08 17:27:19;52;17.62819466155868;52.34745939180701;;
2026-08-08 17:27:49;52;17.62819466155868;52.34345894240776;;
2026-08-08 17:28:20;52;17.62819466155868;52.339495044074226;;
2026-08-08 17:28:50;52;17.62819466155868;52.33556745013863;;
2026-08-08 17:29:20;52;17.62819466155868;52.33167591500591;;
2026-08-08 17:29:50;52;17.62819466155868;52.327820194151656;;
2026-08-08 17:30:20;52;17.62819466155868;52.324000044120005;;
2026-08-08 17:30:50;52;17.62819466155868;52.32021522252161;;
2026-08-08 17:31:20;52;17.62819466155868;52.31646548803151;;
2026-08-08 17:31:50;52;17.62819466155868;52.31275060038707;;
2026-08-08 17:32:20;52;17.62819466155868;52.309070320385906;;
2026-08-08 17:32:50;52;17.62819466155868;52.30542440988378;;
2026-08-08 17:33:20;52;17.62819466155868;52.30181263179251;;
2026-08-08 17:33:50;52;17.62819466155868;52.298234750077924;;
2026-08-08 17:34:20;52;17.62819466155868;52.29469052975773;;
2026-08-08 17:34:50;52;17.62819466155868;52.29117973689944;;
2026-08-08 17:35:20;52;17.62819466155868;52.28770213861829;;
2026-08-08 17:35:50;52;17.62819466155868;52.28425750307515;;
2026-08-08 17:36:20;52;17.62819466155868;52.28084559947441;;
2026-08-08 17:36:50;52.02;17.62819466155868;52.277466198061894;;
2026-08-08 17:37:21;52;17.62819466155868;52.2741190701228;;
2026-08-08 17:37:51;52;17.62819466155868;52.27080398797956;;
2026-08-08 17:38:21;52;17.62819466155868;52.26752072498977;;
2026-08-08 17:38:51;52;17.62819466155868;52.264269055544084;;
2026-08-08 17:39:21;52;17.62819466155868;52.26104875506412;;
2026-08-08 17:39:51;52;17.62819466155868;52.25785960000034;;
2026-08-08 17:40:21;52;17.62819466155868;52.25470136783;;
2026-08-08 17:40:51;52.02;17.62819466155868;52.251573837055;;
2026-08-08 17:41:21;52.02;17.62819466155868;52.24847678719979;;
2026-08-08 17:41:51;52;17.62819466155868;52.2454099988093;;
2026-08-08 17:42:21;52.02;17.62819466155868;52.24237325344678;;
2026-08-08 17:42:51;52;17.62819466155868;52.23936633369175;;
2026-08-08 17:43:21;52;17.62819466155868;52.236389023137846;;
2026-08-08 17:43:51;52;17.62819466155868;52.23344110639076;;
2026-08-08 17:44:21;52;17.62819466155868;52.23052236906608;;
2026-08-08 17:44:51;52;17.62819466155868;52.22763259778723;;
2026-08-08 17:45:21;52;17.62819466155868;52.2247715801833;;
2026-08-08 17:45:51;52;17.62819466155868;52.22193910488701;;
2026-08-08 17:46:22;52;17.62819466155868;52.21913496153252;;
2026-08-08 17:46:52;52;17.62819466155868;52.216358940753366;;
2026-08-08 17:47:22;52;17.62819466155868;52.213610834180315;;
2026-08-08 17:47:52;52;17.62819466155868;52.21089043443929;;
2026-08-08 17:48:22;52;17.62819466155868;52.208197535149196;;
2026-08-08 17:48:52;52;17.62819466155868;52.20553193091983;;
2026-08-08 17:49:22;52;17.62819466155868;52.20289341734978;;
2026-08-08 17:49:52;52;17.62819466155868;52.20028179102426;;
2026-08-08 17:50:22;52;17.62819466155868;52.19769684951303;;
2026-08-08 17:50:52;52;17.62819466155868;52.195138391368246;;
2026-08-08 17:51:22;52;17.62819466155868;52.19260621612233;;
2026-08-08 17:51:52;52;17.62819466155868;52.190100124285884;;
2026-08-08 17:52:22;52;17.62819466155868;52.18761991734551;;
2026-08-08 17:52:52;52;17.62819466155868;52.185165397761715;;
2026-08-08 17:53:22;52;17.62819466155868;52.18273636896679;;
2026-08-08 17:53:52;52;17.62819466155868;52.180332635362646;;
2026-08-08 17:54:22;52;17.62819466155868;52.1779540023187;;
2026-08-08 17:54:52;52;17.62819466155868;52.17560027616975;;
2026-08-08 17:55:23;52;17.62819466155868;52.173271264213845;;
2026-08-08 17:55:53;52;17.62819466155868;52.17096677471011;;
2026-08-08 17:56:23;52;17.62819466155868;52.168686616876656;;
2026-08-08 17:56:53;52;17.62819466155868;52.16643060088842;;
2026-08-08 17:57:23;52;17.62819466155868;52.16419853787503;;
2026-08-08 17:57:53;52;17.62819466155868;52.16199023991867;;
2026-08-08 17:58:23;52;17.62819466155868;52.15980552005194;;
2026-08-08 17:58:53;52;17.62819466155868;52.15764419225568;;
2026-08-08 17:59:23;52;17.62819466155868;52.155506071456884;;
2026-08-08 17:59:53;52;17.62819466155868;52.15339097352652;;
2026-08-08 18:00:23;52;17.62819466155868;52.15129871527737;;
2026-08-08 18:00:53;52;17.62819466155868;52.14922911446193;;
2026-08-08 18:01:23;52;17.62819466155868;52.14718198977022;;
2026-08-08 18:01:53;52;17.62819466155868;52.14515716082764;;
2026-08-08 18:02:23;52;17.62819466155868;52.14315444819284;;
2026-08-08 18:02:53;52;17.62819466155868;52.14117367335555;;
2026-08-08 18:03:23;52;17.62819466155868;52.139214658734446;;
2026-08-08 18:03:53;52;17.62819466155868;52.13727722767495;;
2026-08-08 18:04:24;52;17.62819466155868;52.13536120444712;;
2026-08-08 18:04:54;52;17.62819466155868;52.1334664142435;;
2026-08-08 18:05:24;52;17.62819466155868;52.13159268317691;;
2026-08-08 18:05:54;52;17.62819466155868;52.129739838278326;;
2026-08-08 18:06:24;52;17.62819466155868;52.1279077074947;;
2026-08-08 18:06:54;52;17.62819466155868;52.12609611968683;;
2026-08-08 18:07:24;52;17.62819466155868;52.124304904627145;;
2026-08-08 18:07:54;52;17.62819466155868;52.12253389299758;;
2026-08-08 18:08:24;52;17.62819466155868;52.12078291638741;;
2026-08-08 18:08:54;52;17.62819466155868;52.11905180729105;;
2026-08-08 18:09:24;52;17.62819466155868;52.11734039910593;;
2026-08-08 18:09:54;52;17.62819466155868;52.115648526130265;;
2026-08-08 18:10:24;52;17.62819466155868;52.11397602356096;;
2026-08-08 18:10:54;52;17.62819466155868;52.112322727491375;;
2026-08-08 18:11:24;52;17.62819466155868;52.11068847490919;;
2026-08-08 18:11:54;52;17.62819466155868;52.10907310369419;;
2026-08-08 18:12:24;52;17.62819466155868;52.10747645261613;;
2026-08-08 18:12:54;52;17.62819466155868;52.10589836133255;;
2026-08-08 18:13:25;52;17.62819466155868;52.104338670386554;;
2026-08-08 18:13:55;52;17.62819466155868;52.10279722120468;;
2026-08-08 18:14:25;52;17.62819466155868;52.10127385609471;;
2026-08-08 18:14:55;52;17.62819466155868;52.099768418243436;;
2026-08-08 18:15:25;52;17.62819466155868;52.098280751714555;;
2026-08-08 18:15:55;52;17.62819466155868;52.09681070144642;;
2026-08-08 18:16:25;52;17.62819466155868;52.095358113249894;;
2026-08-08 18:16:55;52;17.62819466155868;52.09392283380611;;
2026-08-08 18:17:25;52;17.62819466155868;52.09250471066435;;
2026-08-08 18:17:55;52;17.62819466155868;52.09110359223979;;
2026-08-08 18:18:25;52;17.62819466155868;52.089719327811345;;
2026-08-08 18:18:55;52;17.62819466155868;52.08835176751947;;
2026-08-08 18:19:25;52;17.62819466155868;52.087000762363935;;
2026-08-08 18:19:55;52;17.62819466155868;52.085666164201676;;
2026-08-08 18:20:25;52;17.62819466155868;52.084347825744565;;
2026-08-08 18:20:55;52;17.62819466155868;52.0830456005572;;
2026-08-08 18:21:25;52;17.62819466155868;52.081759343054735;;
2026-08-08 18:21:56;52;17.62819466155868;52.08048890850066;;
2026-08-08 18:22:26;52;17.62819466155868;52.079234153004606;;
2026-08-08 18:22:56;52;17.62819466155868;52.07799493352012;;
2026-08-08 18:23:26;52;17.62819466155868;52.07677110784246;;
2026-08-08 18:23:56;52;17.62819466155868;52.07556253460643;;
2026-08-08 18:24:26;52;17.62819466155868;52.07436907328411;;
2026-08-08 18:24:56;52;17.62819466155868;52.07319058418269;;
2026-08-08 18:25:26;52;17.62819466155868;52.07202692844221;;
2026-08-08 18:25:56;52;17.62819466155868;52.07087796803341;;
2026-08-08 18:26:26;52;17.62819466155868;52.069743565755445;;
2026-08-08 18:26:56;52;17.62819466155868;52.06862358523373;;
2026-08-08 18:27:26;52;17.62819466155868;52.067517890917664;;
2026-08-08 18:27:56;52;17.62819466155868;52.066426348078465;;
2026-08-08 18:28:26;52;17.62819466155868;52.065348822806904;;
2026-08-08 18:28:56;52;17.62819466155868;52.064285182011105;;
2026-08-08 18:29:26;52;17.62819466155868;52.0632352934143;;
2026-08-08 18:29:56;52;17.62819466155868;52.062199025552644;;
2026-08-08 18:30:26;52;17.62819466155868;52.061176247772934;;
2026-08-08 18:30:57;52;17.62819466155868;52.06016683023042;;
2026-08-08 18:31:27;52;17.62819466155868;52.05917064388655;;
2026-08-08 18:31:57;52;17.62819466155868;52.05818756050675;;
2026-08-08 18:32:27;52;17.62819466155868;52.0572174526582;;
2026-08-08 18:32:57;52;17.62819466155868;52.05626019370755;;
2026-08-08 18:33:27;52;17.62819466155868;52.05531565781877;;
2026-08-08 18:33:57;52;17.62819466155868;52.0543837199508;;
2026-08-08 18:34:27;52;17.62819466155868;52.05346425585542;;
2026-08-08 18:34:57;52;17.62819466155868;52.05255714207492;;
2026-08-08 18:35:27;52;17.62819466155868;52.051662255939924;;
2026-08-08 18:35:57;52;17.62819466155868;52.05077947556709;;
2026-08-08 18:36:27;52;17.62819466155868;52.049908679856905;;
2026-08-08 18:36:57;52;17.62819466155868;52.049049748491406;;
2026-08-08 18:37:27;52;17.62819466155868;52.04820256193195;;
2026-08-08 18:37:57;52;17.62819466155868;52.047367001416966;;
2026-08-08 18:38:27;52;17.62819466155868;52.04654294895967;;
2026-08-08 18:38:57;52;17.62819466155868;52.04573028734584;;
2026-08-08 18:39:27;52;17.62819466155868;52.044928900131566;;
2026-08-08 18:39:58;52;17.62819466155868;52.04413867164096;;
2026-08-08 18:40:28;52;17.62819466155868;52.04335948696392;;
2026-08-08 18:40:58;52;17.62819466155868;52.04259123195387;;
2026-08-08 18:41:28;52;17.62819466155868;52.04183379322547;;
2026-08-08 18:41:58;52;17.62819466155868;52.04108705815239;;
2026-08-08 18:42:28;52;17.62819466155868;52.040350914865016;;
2026-08-08 18:42:58;52;17.62819466155868;52.039625252248186;;
2026-08-08 18:43:28;52;17.62819466155868;52.03890995993893;;
2026-08-08 18:43:58;52;17.62819466155868;52.038204928324184;;
2026-08-08 18:44:28;52;17.62819466155868;52.03751004853853;;
2026-08-08 18:44:58;52;17.62819466155868;52.03682521246192;;
2026-08-08 18:45:28;52;17.62819466155868;52.03615031271739;;
2026-08-08 18:45:58;52;17.62819466155868;52.035485242668784;;
2026-08-08 18:46:28;52;17.62819466155868;52.03482989641848;;
2026-08-08 18:46:58;52;17.62819466155868;52.034184168805105;;
2026-08-08 18:47:28;52;17.62819466155868;52.033547955401254;;
2026-08-08 18:47:58;52;17.62819466155868;52.03292115251118;;
2026-08-08 18:48:28;52;17.62819466155868;52.032303657168555;;
2026-08-08 18:48:59;52;17.62819466155868;52.031695367134134;;
2026-08-08 18:49:29;52;17.62819466155868;52.03109618089349;;
2026-08-08 18:49:59;52;17.62819466155868;52.03050599765472;;
2026-08-08 18:50:29;52;17.62819466155868;52.029924717346134;;
2026-08-08 18:50:59;52;17.62819466155868;52.02935224061397;;
2026-08-08 18:51:29;52;17.62819466155868;52.028788468820096;;
2026-08-08 18:51:59;52;17.62819466155868;52.028233304039716;;
2026-08-08 18:52:29;52;17.62819466155868;52.027686649059056;;
2026-08-08 18:52:59;52;17.62819466155868;52.02714840737306;;
2026-08-08 18:53:29;52;17.62819466155868;52.02661848318311;;
2026-08-08 18:53:59;52;17.62819466155868;52.026096781394656;;
2026-08-08 18:54:29;52;17.62819466155868;52.025583207614986;;
2026-08-08 18:54:59;52;17.62819466155868;52.025077668150864;;
2026-08-08 18:55:29;52;17.62819466155868;52.02458007000623;;
2026-08-08 18:55:59;52;17.62819466155868;52.02409032087988;;
2026-08-08 18:56:29;52;17.62819466155868;52.02360832916315;;
2026-08-08 18:56:59;52;17.62819466155868;52.02313400393763;;
2026-08-08 18:57:29;52;17.62819466155868;52.02266725497276;;
2026-08-08 18:58:00;52;17.62819466155868;52.0222079927236;;
2026-08-08 18:58:30;52;17.62819466155868;52.021756128328455;;
2026-08-08 18:59:00;52;17.62819466155868;52.02131157360656;;
2026-08-08 18:59:30;52;17.62819466155868;52.02087424105573;;
2026-08-08 19:00:00;52;17.62819466155868;52.02044404385008;;
2026-08-08 19:00:30;52;17.62819466155868;52.020020895837625;;
2026-08-08 19:01:00;52;17.62819466155868;52.01960471153801;;
2026-08-08 19:01:30;52;17.62819466155868;52.01919540614013;;
2026-08-08 19:02:00;52;17.62819466155868;52.018792895499786;;
2026-08-08 19:02:30;52;17.62819466155868;52.018397096137406;;
2026-08-08 19:03:00;52;17.62819466155868;52.018007925235615;;
2026-08-08 19:03:30;52;17.62819466155868;52.01762530063695;;
2026-08-08 19:04:00;52;17.62819466155868;52.01724914084149;;
2026-08-08 19:04:30;52;17.62819466155868;52.01687936500453;;
2026-08-08 19:05:00;52;17.62819466155868;52.01651589293417;;
2026-08-08 19:05:30;52;17.62819466155868;52.01615864508906;;
2026-08-08 19:06:00;52;17.62819466155868;52.01580754257593;;
2026-08-08 19:06:31;52;17.62819466155868;52.01546250714731;;
2026-08-08 19:07:01;52;17.62819466155868;52.015123461199174;;
2026-08-08 19:07:31;52;17.62819466155868;52.014790327768516;;
2026-08-08 19:08:01;52;17.62819466155868;52.01446303053103;;
2026-08-08 19:08:31;52;17.62819466155868;52.01414149379875;;
2026-08-08 19:09:01;52;17.62819466155868;52.01382564251766;;
2026-08-08 19:09:31;52;17.62819466155868;52.01351540226532;;
2026-08-08 19:10:01;52;17.62819466155868;52.0132106992485;;
2026-08-08 19:10:31;52;17.62819466155868;52.01291146030083;;
2026-08-08 19:11:01;52;17.62819466155868;52.01261761288037;;
2026-08-08 19:11:31;52;17.62819466155868;52.01232908506728;;
2026-08-08 19:12:01;52;17.62819466155868;52.0120458055614;;
2026-08-08 19:12:31;52;17.62819466155868;52.0117677036799;;
2026-08-08 19:13:01;52;17.62819466155868;52.011494709354864;;
2026-08-08 19:13:31;52;17.62819466155868;52.011226753130906;;
2026-08-08 19:14:01;52;17.62819466155868;52.010963766162796;;
2026-08-08 19:14:31;52;17.62819466155868;52.01070568021304;;
2026-08-08 19:15:01;52;17.62819466155868;52.010452427649525;;
2026-08-08 19:15:32;51.99;17.62819466155868;52.01020394144306;;
2026-08-08 19:16:02;52;17.62819466155868;52.00996015516503;;
2026-08-08 19:16:32;52;17.62819466155868;52.00972100298496;;
2026-08-08 19:17:02;52;17.62819466155868;52.00948641966813;;
2026-08-08 19:17:32;52;17.62819466155868;52.009256340573145;;
2026-08-08 19:18:02;52;17.62819466155868;52.00903070164954;;
2026-08-08 19:18:32;52;17.62819466155868;52.008809439435375;;
2026-08-08 19:19:02;52;17.62819466155868;52.00859249105479;;
2026-08-08 19:19:32;52;17.62819466155868;52.008379794215614;;
2026-08-08 19:20:02;52;17.62819466155868;52.008171287206935;;
2026-08-08 19:20:32;52;17.62819466155868;52.00796690889666;;
2026-08-08 19:21:02;52;17.62819466155868;52.007766598729134;;
2026-08-08 19:21:32;52;17.62819466155868;52.007570296722655;;
2026-08-08 19:22:02;52;17.62819466155868;52.00737794346709;;
2026-08-08 19:22:32;52;17.62819466155868;52.00718948012142;;
2026-08-08 19:23:02;52;17.62819466155868;52.0070048484113;;
2026-08-08 19:23:32;52;17.62819466155868;52.00682399062662;;
2026-08-08 19:24:02;52;17.62819466155868;52.0066468496191;;
2026-08-08 19:24:33;52;17.62819466155868;52.00647336879979;;
2026-08-08 19:25:03;52;17.62819466155868;52.00630349213667;;
2026-08-08 19:25:33;52;17.62819466155868;52.00613716415214;;
2026-08-08 19:26:03;52;17.62819466155868;52.005974329920676;;
2026-08-08 19:26:33;52;17.62819466155868;52.005814935066255;;
2026-08-08 19:27:03;52;17.62819466155868;52.00565892575997;;
2026-08-08 19:27:33;52;17.62819466155868;52.00550624871754;;
2026-08-08 19:28:03;52;17.62819466155868;52.00535685119688;;
2026-08-08 19:28:33;52;17.62819466155868;52.00521068099559;;
2026-08-08 19:29:03;52;17.62819466155868;52.00506768644851;;
2026-08-08 19:29:33;52;17.62819466155868;52.00492781642527;;
2026-08-08 19:30:03;52;17.62819466155868;52.00479102032778;;
2026-08-08 19:30:33;52;17.62819466155868;52.004657248087746;;
2026-08-08 19:31:03;52;17.62819466155868;52.00452645016424;;
2026-08-08 19:31:33;52;17.62819466155868;52.00439857754118;;
2026-08-08 19:32:03;52;17.62819466155868;52.00427358172483;;
2026-08-08 19:32:33;52;17.62819466155868;52.004151414741365;;
2026-08-08 19:33:03;52;17.62819466155868;52.004032029134315;;
2026-08-08 19:33:34;52;17.62819466155868;52.00391537796212;;
2026-08-08 19:34:04;52;17.62819466155868;52.00380141479561;;
2026-08-08 19:34:34;52;17.62819466155868;52.003690093715505;;
2026-08-08 19:35:04;52;17.62819466155868;52.003581369309906;;
2026-08-08 19:35:34;52;17.62819466155868;52.0034751966718;;
2026-08-08 19:36:04;52;17.62819466155868;52.00337153139655;;
2026-08-08 19:36:34;52;17.62819466155868;52.00327032957938;;
2026-08-08 19:37:04;52;17.62819466155868;52.00317154781283;;
2026-08-08 19:37:34;52;17.62819466155868;52.00307514318429;;
2026-08-08 19:38:04;52;17.62819466155868;52.00298107327343;;
2026-08-08 19:38:34;52;17.62819466155868;52.0028892961497;;
2026-08-08 19:39:04;52;17.62819466155868;52.00279977036977;;
2026-08-08 19:39:34;52;17.62819466155868;52.002712454975054;;
2026-08-08 19:40:04;52;17.62819466155868;52.00262730948912;;
2026-08-08 19:40:34;52;17.62819466155868;52.00254429391517;;
2026-08-08 19:41:04;52;17.62819466155868;52.0024633687335;;
2026-08-08 19:41:34;52;17.62819466155868;52.00238449489894;;
2026-08-08 19:42:04;52;17.62819466155868;52.00230763383834;;
2026-08-08 19:42:35;52;17.62819466155868;52.00223274744796;;
2026-08-08 19:43:05;52;17.62819466155868;52.00215979809097;;
2026-08-08 19:43:35;52;17.62819466155868;52.00208874859486;;
2026-08-08 19:44:05;52;17.62819466155868;52.00201956224887;;
2026-08-08 19:44:35;52;17.62819466155868;52.00195220280144;;
2026-08-08 19:45:05;51.99;17.62819466155868;52.00188663445765;;
2026-08-08 19:45:35;52;17.62819466155868;52.00182282187661;;
2026-08-08 19:46:05;52;17.62819466155868;52.00176073016891;;
2026-08-08 19:46:35;51.99;17.62819466155868;52.001700324894024;;
2026-08-08 19:47:05;52;17.62819466155868;52.00164157205774;;
2026-08-08 19:47:35;52;17.62819466155868;52.00158443810955;;
2026-08-08 19:48:05;52;17.62819466155868;52.00152888994008;;
2026-08-08 19:48:35;52;17.62819466155868;52.00147489487848;;
2026-08-08 19:49:05;52;17.62819466155868;52.001422420689806;;
2026-08-08 19:49:35;52;17.62819466155868;52.00137143557246;;
2026-08-08 19:50:05;52;17.62819466155868;52.001321908155546;;
2026-08-08 19:50:35;52;17.62819466155868;52.00127380749626;;
2026-08-08 19:51:06;52;17.62819466155868;52.00122710307729;;
2026-08-08 19:51:36;52;17.62819466155868;52.001181764804194;;
2026-08-08 19:52:06;52;17.62819466155868;52.00113776300275;;
2026-08-08 19:52:36;52;17.62819466155868;52.00109506841636;;
2026-08-08 19:53:06;52;17.62819466155868;52.001053652203396;;
2026-08-08 19:53:36;52;17.62819466155868;52.00101348593458;;
2026-08-08 19:54:06;52;17.62819466155868;52.00097454159032;;
2026-08-08 19:54:36;52;17.62819466155868;52.00093679155809;;
2026-08-08 19:55:06;52;17.62819466155868;52.00090020862975;;
2026-08-08 19:55:36;52;17.62819466155868;52.00086476599894;;
2026-08-08 19:56:06;52;17.62819466155868;52.000830437258365;;
2026-08-08 19:56:36;52;17.62819466155868;52.000797196397166;;
2026-08-08 19:57:06;52;17.62819466155868;52.00076501779826;;
2026-08-08 19:57:36;52;17.62819466155868;52.00073387623563;;
2026-08-08 19:58:06;52;17.62819466155868;52.000703746871686;;
2026-08-08 19:58:36;52;17.62819466155868;52.00067460525457;;
2026-08-08 19:59:06;52;17.62819466155868;52.00064642731547;;
2026-08-08 19:59:36;52;17.62819466155868;52.00061918936593;;
2026-08-08 20:00:07;52;17.62819466155868;52.00059286809515;;
2026-08-08 20:00:37;52;17.62819466155868;52.000567440567295;;
2026-08-08 20:01:07;52;17.62819466155868;52.000542884218795;;
2026-08-08 20:01:37;52;17.62819466155868;52.000519176855605;;
2026-08-08 20:02:07;52;17.62819466155868;52.000496296650525;;
2026-08-08 20:02:37;51.99;17.62819466155868;52.000474222140475;;
2026-08-08 20:03:07;52;17.62819466155868;52.00045293222374;;
2026-08-08 20:03:37;52;17.62819466155868;52.00043240615728;;
2026-08-08 20:04:07;52;17.62819466155868;52.00041262355397;;
2026-08-08 20:04:37;52;17.62819466155868;52.00039356437987;;
2026-08-08 20:05:07;52;17.62819466155868;52.00037520895146;;
2026-08-08 20:05:37;52;17.62819466155868;52.00035753793293;;
2026-08-08 20:06:07;52;17.62819466155868;52.00034053233336;;
2026-08-08 20:06:37;52;17.62819466155868;52.00032417350404;;
2026-08-08 20:07:07;52;17.62819466155868;52.00030844313562;;
2026-08-08 20:07:37;52;17.62819466155868;52.0002933232554;;
2026-08-08 20:08:07;52;17.62819466155868;52.0002787962245;;
2026-08-08 20:08:37;52;17.62819466155868;52.00026484473512;;
2026-08-08 20:09:08;52;17.62819466155868;52.00025145180772;;
2026-08-08 20:09:38;52;17.62819466155868;52.00023860078823;;
2026-08-08 20:10:08;52;17.62819466155868;52.000226275345256;;
2026-08-08 20:10:38;52;17.62819466155868;52.00021445946725;;
2026-08-08 20:11:08;52;17.62819466155868;52.000203137459735;;
2026-08-08 20:11:38;52;17.62819466155868;52.00019229394243;;
2026-08-08 20:12:08;52;17.62819466155868;52.00018191384647;;
2026-08-08 20:12:38;52;17.62819466155868;52.00017198241154;;
2026-08-08 20:13:08;52;17.62819466155868;52.000162485183054;;
2026-08-08 20:13:38;52;17.62819466155868;52.00015340800929;;
2026-08-08 20:14:08;52;17.62819466155868;52.00014473703856;;
2026-08-08 20:14:38;52;17.62819466155868;52.00013645871633;;
2026-08-08 20:15:08;52;17.62819466155868;52.00012855978234;;
2026-08-08 20:15:38;52;17.62819466155868;52.00012102726778;;
2026-08-08 20:16:08;52;17.62819466155868;52.000113848492354;;
2026-08-08 20:16:38;52;17.62819466155868;52.00010701106142;;
2026-08-08 20:17:08;52;17.62819466155868;52.00010050286306;;
2026-08-08 20:17:38;52;17.62819466155868;52.00009431206526;;
2026-08-08 20:18:09;52;17.62819466155868;52.00008842711287;;
2026-08-08 20:18:39;52;17.62819466155868;52.000082836724815;;
2026-08-08 20:19:09;52;17.62819466155868;52.00007752989107;;
2026-08-08 20:19:39;52;17.62819466155868;52.00007249586979;;
2026-08-08 20:20:09;52;17.62819466155868;52.00006772418431;;
2026-08-08 20:20:39;52;17.62819466155868;52.00006320462027;;
2026-08-08 20:21:09;52;17.62819466155868;52.000058927222575;;
2026-08-08 20:21:39;52;17.62819466155868;52.000054882292474;;
2026-08-08 20:22:09;51.99;17.62819466155868;52.00005106038458;;
2026-08-08 20:22:39;52;17.62819466155868;52.00004745230387;;
2026-08-08 20:23:09;52;17.62819466155868;52.0000440491027;;
2026-08-08 20:23:39;52;17.62819466155868;52.0000408420778;;
2026-08-08 20:24:09;52;17.62819466155868;52.000037822767275;;
2026-08-08 20:24:39;52;17.62819466155868;52.000034982947554;;
2026-08-08 20:25:09;52;17.62819466155868;52.00003231463038;;
2026-08-08 20:25:39;52;17.62819466155868;52.00002981005977;;
2026-08-08 20:26:09;52;17.62819466155868;52.00002746170895;;
2026-08-08 20:26:39;52;17.62819466155868;52.000025262277305;;
2026-08-08 20:27:10;52;17.62819466155868;52.00002320468731;;
2026-08-08 20:27:40;51.99;17.62819466155868;52.00002128208143;;
2026-08-08 20:28:10;52;17.62819466155868;52.00001948781903;;
2026-08-08 20:28:40;52;17.62819466155868;52.00001781547331;;
2026-08-08 20:29:10;52;17.62819466155868;52.00001625882813;;
2026-08-08 20:29:40;51.99;17.62819466155868;52.00001481187493;;
2026-08-08 20:30:10;52;17.62819466155868;52.00001346880954;;
2026-08-08 20:30:40;52;17.62819466155868;52.0000122240291;;
2026-08-08 20:31:10;52;17.62819466155868;52.00001107212883;;
2026-08-08 20:31:40;52;17.62819466155868;52.00001000789889;;
2026-08-08 20:32:10;52;17.62819466155868;52.00000902632119;;
2026-08-08 20:32:40;52;17.62819466155868;52.00000812256615;;
2026-08-08 20:33:10;52;17.62819466155868;52.000007291989554;;
2026-08-08 20:33:40;52;17.62819466155868;52.000006530129255;;
2026-08-08 20:34:10;52;17.62819466155868;52.00000583270195;;
2026-08-08 20:34:40;52;17.62819466155868;52.00000519559994;;
2026-08-08 20:35:10;52;17.62819466155868;52.00000461488783;;
2026-08-08 20:35:41;52;17.62819466155868;52.000004086799244;;
2026-08-08 20:36:11;52;17.62819466155868;52.00000360773355;;
2026-08-08 20:36:41;52;17.62819466155868;52.00000317425247;;
2026-08-08 20:37:11;52;17.62819466155868;52.00000278307682;;
2026-08-08 20:37:41;52;17.62819466155868;52.0000024310831;;
2026-08-08 20:38:11;52;17.62819466155868;52.00000211530011;;
2026-08-08 20:38:41;52;17.62819466155868;52.00000183290562;;
2026-08-08 20:39:11;52;17.62819466155868;52.00000158122287;;
2026-08-08 20:39:41;52;17.62819466155868;52.0000013577172;;
2026-08-08 20:40:11;52;17.62819466155868;52.000001159992586;;
2026-08-08 20:40:41;52;17.62819466155868;52.00000098578812;;
2026-08-08 20:41:11;52;17.62819466155868;52.000000832974564;;
2026-08-08 20:41:41;52;17.62819466155868;52.0000006995508;;
2026-08-08 20:42:11;52;17.62819466155868;52.000000583640286;;
2026-08-08 20:42:41;52;17.62819466155868;52.00000048348748;;
2026-08-08 20:43:11;52;17.62819466155868;52.00000039745426;;
2026-08-08 20:43:41;52;17.62819466155868;52.00000032401626;;
2026-08-08 20:44:11;52;17.62819466155868;52.00000026175926;;
2026-08-08 20:44:42;52;17.62819466155868;52.00000020937547;;
2026-08-08 20:45:12;52;17.62819466155868;52.00000016565981;;
2026-08-08 20:45:42;52;17.62819466155868;52.00000012950618;;
2026-08-08 20:46:12;52;17.62819466155868;52.000000099903616;;
2026-08-08 20:46:42;52;17.62819466155868;52.000000075932554;;
2026-08-08 20:47:12;52;17.62819466155868;52.000000056760875;;
2026-08-08 20:47:42;52;17.62819466155868;52.00000004164005;;
2026-08-08 20:48:12;52;17.62819466155868;52.00000002990114;;
2026-08-08 20:48:42;52;17.62819466155868;52.000000020950836;;
2026-08-08 20:49:12;52;17.62819466155868;52.00000001426734;;
2026-08-08 20:49:42;52;17.62819466155868;52.000000009396324;;
2026-08-08 20:50:12;52;17.62819466155868;52.00000000594666;;
2026-08-08 20:50:42;52;17.62819466155868;52.00000000358622;;
2026-08-08 20:51:12;52;17.62819466155868;52.00000000203754;;
2026-08-08 20:51:42;52;17.62819466155868;52.00000000107335;;
2026-08-08 20:52:12;52;17.62819466155868;52.00000000051215;;
2026-08-08 20:52:42;52;17.62819466155868;52.00000000021347;;
2026-08-08 20:53:12;52;17.62819466155868;52.00000000007314;;
2026-08-08 20:53:43;51.99;17.62819466155868;52.00000000001838;;
2026-08-08 20:54:13;52;17.62819466155868;52.00000000000263;;
2026-08-08 20:54:43;52;17.62819466155868;52.00000000000009;;
2026-08-08 20:55:13;52;17.62819466155868;52;52;
2026-08-08 20:55:43;52;17.62819466155868;52;;
2026-08-08 20:56:13;52;17.62819466155868;52;;
2026-08-08 20:56:43;52;17.62819466155868;52;;
2026-08-08 20:57:13;52;17.62819466155868;52;;
2026-08-08 20:57:43;52;17.62819466155868;52;;
2026-08-08 20:58:13;52;17.62819466155868;52;;
2026-08-08 20:58:43;52;17.62819466155868;52;;
2026-08-08 20:59:13;52;17.62819466155868;52;;
2026-08-08 20:59:43;52;17.62819466155868;52;;
2026-08-08 21:00:13;52;17.62819466155868;52;;
2026-08-08 21:00:43;52;17.62819466155868;52;;
2026-08-08 21:01:13;52;17.62819466155868;52;;
2026-08-08 21:01:43;52;17.62819466155868;52;;
2026-08-08 21:02:13;52;17.62819466155868;52;;
2026-08-08 21:02:44;52;17.62819466155868;52;;
2026-08-08 21:03:14;52;17.62819466155868;52;;
2026-08-08 21:03:44;52;17.62819466155868;52;;
2026-08-08 21:04:14;52;17.62819466155868;52;;
2026-08-08 21:04:44;52;17.62819466155868;52;;
2026-08-08 21:05:14;52;17.62819466155868;52;;
2026-08-08 21:05:44;52;17.62819466155868;52;;
2026-08-08 21:06:14;52;17.62819466155868;52;;
2026-08-08 21:06:44;52;17.62819466155868;52;;
2026-08-08 21:07:14;52;17.62819466155868;52;;
2026-08-08 21:07:44;52;17.62819466155868;52;;
2026-08-08 21:08:14;52;17.62819466155868;52;;
2026-08-08 21:08:44;52;17.62819466155868;52;;
2026-08-08 21:09:14;52;17.62819466155868;52;;
2026-08-08 21:09:44;52;17.62819466155868;52;;
2026-08-08 21:10:14;52;17.62819466155868;52;;
2026-08-08 21:10:44;52;17.62819466155868;52;;
2026-08-08 21:11:14;52;17.62819466155868;52;;
2026-08-08 21:11:45;52;17.62819466155868;52;;
2026-08-08 21:12:15;52;17.62819466155868;52;;
2026-08-08 21:12:45;52;17.62819466155868;52;;
2026-08-08 21:13:15;52;17.62819466155868;52;;
2026-08-08 21:13:45;52;17.62819466155868;52;;
2026-08-08 21:14:15;52;17.62819466155868;52;;
2026-08-08 21:14:45;52;17.62819466155868;52;;
2026-08-08 21:15:15;52;17.62819466155868;52;;
2026-08-08 21:15:45;52;17.62819466155868;52;;
2026-08-08 21:16:15;52;17.62819466155868;52;;
2026-08-08 21:16:45;52;17.62819466155868;52;;
2026-08-08 21:17:15;52;17.62819466155868;52;;
2026-08-08 21:17:45;52;17.62819466155868;52;;
2026-08-08 21:18:15;52;17.62819466155868;52;;
2026-08-08 21:18:45;52;17.62819466155868;52;;
2026-08-08 21:19:15;52;17.62819466155868;52;;
2026-08-08 21:19:45;52;17.62819466155868;52;;
2026-08-08 21:20:16;52;17.62819466155868;52;;
2026-08-08 21:20:46;52;17.62819466155868;52;;
2026-08-08 21:21:16;52;17.62819466155868;52;;
2026-08-08 21:21:46;52;17.62819466155868;52;;
2026-08-08 21:22:16;52;17.62819466155868;52;;
2026-08-08 21:22:46;52;17.62819466155868;52;;
2026-08-08 21:23:16;52;17.62819466155868;52;;
2026-08-08 21:23:46;52;17.62819466155868;52;;
2026-08-08 21:24:16;52;17.62819466155868;52;;
2026-08-08 21:24:46;52;17.62819466155868;52;;
2026-08-08 21:25:16;52;17.62819466155868;52;;
2026-08-08 21:25:46;52;17.62819466155868;52;;
2026-08-08 21:26:16;52;17.62819466155868;52;;
2026-08-08 21:26:46;52;17.62819466155868;52;;
2026-08-08 21:27:16;52;17.62819466155868;52;;
2026-08-08 21:27:46;52;17.62819466155868;52;;
2026-08-08 21:28:16;52;17.62819466155868;52;;
2026-08-08 21:28:46;52;17.62819466155868;52;;
2026-08-08 21:29:17;52;17.62819466155868;52;;
2026-08-08 21:29:47;52;17.62819466155868;52;;
2026-08-08 21:30:17;52;17.62819466155868;52;;
2026-08-08 21:30:47;52;17.62819466155868;52;;
2026-08-08 21:31:17;52;17.62819466155868;52;;
2026-08-08 21:31:47;52;17.62819466155868;52;;
2026-08-08 21:32:17;52;17.62819466155868;52;;
2026-08-08 21:32:47;52;17.62819466155868;52;;
2026-08-08 21:33:17;52;17.62819466155868;52;;
2026-08-08 21:33:47;52;17.62819466155868;52;;
2026-08-08 21:34:17;52;17.62819466155868;52;;
2026-08-08 21:34:47;52;17.62819466155868;52;;
2026-08-08 21:35:17;52;17.62819466155868;52;;
2026-08-08 21:35:47;52;17.62819466155868;52;;
2026-08-08 21:36:17;52;17.62819466155868;52;;
2026-08-08 21:36:47;52;17.62819466155868;52;;
2026-08-08 21:37:17;52;17.62819466155868;52;;
2026-08-08 21:37:47;52;17.62819466155868;52;;
2026-08-08 21:38:18;52;17.62819466155868;52;;
2026-08-08 21:38:48;52;17.62819466155868;52;;
2026-08-08 21:39:18;52;17.62819466155868;52;;
2026-08-08 21:39:48;52;17.62819466155868;52;;
2026-08-08 21:40:18;52;17.62819466155868;52;;
2026-08-08 21:40:48;52;17.62819466155868;52;;
2026-08-08 21:41:18;52;17.62819466155868;52;;
2026-08-08 21:41:48;52;17.62819466155868;52;;
2026-08-08 21:42:18;52;17.62819466155868;52;;
2026-08-08 21:42:48;52;17.62819466155868;52;;
2026-08-08 21:43:18;52;17.62819466155868;52;;
2026-08-08 21:43:48;52;17.62819466155868;52;;
2026-08-08 21:44:18;52.02;17.645412386640718;52;;
2026-08-08 21:44:48;52;17.62819466155868;52;;
2026-08-08 21:45:18;52.02;17.645412386640718;52;;
2026-08-08 21:45:48;52.02;17.645412386640718;52;;
2026-08-08 21:46:18;52;17.62819466155868;52;;
2026-08-08 21:46:48;52;17.62819466155868;52;;
2026-08-08 21:47:19;52;17.62819466155868;52;;
2026-08-08 21:47:49;52.02;17.645412386640718;52;;
2026-08-08 21:48:19;52;17.62819466155868;52;;
2026-08-08 21:48:49;52.02;17.645412386640718;52;;
2026-08-08 21:49:19;52.02;17.645412386640718;52;;
2026-08-08 21:49:49;52;17.62819466155868;52;;
2026-08-08 21:50:19;52.02;17.645412386640718;52;;
2026-08-08 21:50:49;52.02;17.645412386640718;52;;
2026-08-08 21:51:19;52.02;17.645412386640718;52;;
2026-08-08 21:51:49;52.02;17.645412386640718;52;;
2026-08-08 21:52:19;52.02;17.645412386640718;52;;
2026-08-08 21:52:49;52.04;17.662640655487895;52;;
2026-08-08 21:53:19;52.04;17.662640655487895;52;;
2026-08-08 21:53:49;52.04;17.662640655487895;52;;
2026-08-08 21:54:19;52.04;17.662640655487895;52;;
2026-08-08 21:54:49;52.04;17.662640655487895;52;;
2026-08-08 21:55:19;52.06;17.679879470991366;52;;
2026-08-08 21:55:49;52.06;17.679879470991366;52;;
2026-08-08 21:56:20;52.06;17.679879470991366;52;;
2026-08-08 21:56:50;52.09;17.705757475551803;52;;
2026-08-08 21:57:20;52.06;17.679879470991366;52;;
2026-08-08 21:57:50;52.11;17.723022670345653;52;;
2026-08-08 21:58:20;52.08;17.697128836042396;52;;
2026-08-08 21:58:50;52.06;17.679879470991366;52;;
2026-08-08 21:59:20;52.09;17.705757475551803;52;;
2026-08-08 21:59:50;52.16;17.76623184955335;52;;
2026-08-08 22:00:20;52.11;17.723022670345653;52;;
2026-08-08 22:00:50;52.15;17.757584733154648;52;;
2026-08-08 22:01:20;52.18;17.783534005717133;52;;
2026-08-08 22:01:50;52.13;17.740298421915988;52;;
2026-08-08 22:02:20;52.20;17.80084672877964;52;;
2026-08-08 22:02:50;52.22;17.818170021633318;52;;
2026-08-08 22:03:20;52.24;17.835503887170795;52;;
2026-08-08 22:03:50;52.24;17.835503887170795;52;;
2026-08-08 22:04:20;52.18;17.783534005717133;52;;
2026-08-08 22:04:51;52.22;17.818170021633318;52;;
2026-08-08 22:05:21;52.36;17.939729268763465;52;;
2026-08-08 22:05:51;52.27;17.86152451558717;52;;
2026-08-08 22:06:21;52.36;17.939729268763465;52;;
2026-08-08 22:06:51;52.40;17.974555775257574;52;;
2026-08-08 22:07:21;52.38;17.95713722409509;52;;
2026-08-08 22:07:51;52.47;18.03560418828005;52;;
2026-08-08 22:08:21;52.41;17.983269025179816;52;;
2026-08-08 22:08:51;52.43;18.000703475515156;52;;
2026-08-08 22:09:21;52.47;18.03560418828005;52;;
2026-08-08 22:09:51;52.58;18.131800025699008;52;;
2026-08-08 22:10:21;52.61;18.158091013912426;52;;
2026-08-08 22:10:51;52.61;18.158091013912426;52;;
2026-08-08 22:11:21;52.68;18.219529674805585;52;;
2026-08-08 22:11:51;52.68;18.219529674805585;52;;
2026-08-08 22:12:21;52.77;18.298713762894035;52;;
2026-08-08 22:12:51;52.77;18.298713762894035;52;;
2026-08-08 22:13:21;52.77;18.298713762894035;52;;
2026-08-08 22:13:52;52.74;18.272295112232218;52;;
2026-08-08 22:14:22;52.86;18.378113560016363;52;;
2026-08-08 22:14:52;52.90;18.413471667736168;52;;
2026-08-08 22:15:22;52.88;18.39578727975819;52;;
2026-08-08 22:15:52;52.88;18.39578727975819;52;;
2026-08-08 22:16:22;52.93;18.440018258986342;52;;
2026-08-08 22:16:52;52.95;18.45772933023588;52;;
2026-08-08 22:17:22;52.97;18.475451079866946;52;;
2026-08-08 22:17:52;52.99;18.493183510778668;52;;
2026-08-08 22:18:22;52.99;18.493183510778668;52;;
2026-08-08 22:18:52;52.99;18.493183510778668;52;;
2026-08-08 22:19:22;52.99;18.493183510778668;52;;
2026-08-08 22:19:52;52.99;18.493183510778668;52;;
2026-08-08 22:20:22;53;18.502053732620773;52;;
2026-08-08 22:20:52;53;18.502053732620773;52;;
2026-08-08 22:21:22;53;18.502053732620773;52;;
2026-08-08 22:21:52;53;18.502053732620773;52;;
2026-08-08 22:22:22;53.02;18.519802190889624;52;;
2026-08-08 22:22:53;53.06;18.55533117591436;52;;
2026-08-08 22:23:23;53.06;18.55533117591436;52;;
2026-08-08 22:23:53;53.06;18.55533117591436;52;;
2026-08-08 22:24:23;53.11;18.599802565513304;52;;
2026-08-08 22:24:53;53.13;18.617609846578656;52;;
2026-08-08 22:25:23;53.18;18.662174887685843;52;;
2026-08-08 22:25:53;53.25;18.72467842857356;52;;
2026-08-08 22:26:23;53.22;18.697875121188687;52;;
2026-08-08 22:26:53;53.27;18.742560701916965;52;;
2026-08-08 22:27:23;53.31;18.778357425870052;52;;
2026-08-08 22:27:53;53.47;18.92197377757437;52;;
2026-08-08 22:28:23;53.59;19.030137620331416;52;;
2026-08-08 22:28:53;53.63;19.066278373527204;52;;
2026-08-08 22:29:23;53.66;19.093412226910168;52;;
2026-08-08 22:29:53;53.74;19.165887791388258;52;;
2026-08-08 22:30:23;53.84;19.256725111985848;52;;
2026-08-08 22:30:53;53.86;19.27492498716944;52;;
2026-08-08 22:31:23;53.84;19.256725111985848;52;;
2026-08-08 22:31:54;53.91;19.320471977298034;52;;
2026-08-08 22:32:24;53.95;19.356958247047682;52;;
2026-08-08 22:32:54;53.97;19.375217615801112;52;;
2026-08-08 22:33:24;53.99;19.393487811017692;52;;
2026-08-08 22:33:54;53.99;19.393487811017692;52;;
2026-08-08 22:34:24;54;19.402626969458513;52;;
2026-08-08 22:34:54;54;19.402626969458513;52;;
2026-08-08 22:35:24;54.02;19.420913409822976;52;;
2026-08-08 22:35:54;54.02;19.420913409822976;52;;
2026-08-08 22:36:24;54.02;19.420913409822976;52;;
2026-08-08 22:36:54;54.06;19.457518794663418;52;;
2026-08-08 22:37:24;54.09;19.485001285845073;52;;
2026-08-08 22:37:54;54.29;19.668841892932047;52;;
2026-08-08 22:38:24;54.27;19.650408951667934;52;;
2026-08-08 22:38:54;54.41;19.77966797580284;52;;
2026-08-08 22:39:24;54.47;19.835227999527053;52;;
2026-08-08 22:39:54;54.50;19.863044791364043;52;;
2026-08-08 22:40:25;54.59;19.946642404755554;52;;
2026-08-08 22:40:55;54.75;20.095806389515968;52;;
2026-08-08 22:41:25;54.84;20.18001872352668;52;;
2026-08-08 22:41:55;54.90;20.23628348604572;52;;
2026-08-08 22:42:25;54.93;20.264452858789213;52;;
2026-08-08 22:42:55;55;20.330277367105758;52;;
2026-08-08 22:43:25;54.99;20.320865636471282;52;;
2026-08-08 22:43:55;55;20.330277367105758;52;;
2026-08-08 22:44:25;55;20.330277367105758;52;;
2026-08-08 22:44:55;55;20.330277367105758;52;;
2026-08-08 22:45:25;55;20.330277367105758;52;;
2026-08-08 22:45:55;55.06;20.38680539022884;52;;
2026-08-08 22:46:25;55.22;20.538030349867142;52;;
2026-08-08 22:46:55;55.36;20.670930089749486;52;;
2026-08-08 22:47:25;55.52;20.82347730770897;52;;
2026-08-08 22:47:55;55.72;21.015156223430143;52;;
2026-08-08 22:48:25;55.77;21.06324898906642;52;;
2026-08-08 22:48:55;55.91;21.198277587168395;52;;
2026-08-08 22:49:26;55.95;21.236957127850186;52;;
2026-08-08 22:49:56;55.97;21.256313569696367;52;;
2026-08-08 22:50:26;56;21.28536908008081;52;;
2026-08-08 22:50:56;56;21.28536908008081;52;;
2026-08-08 22:51:26;56.02;21.304753323016907;52;;
2026-08-08 22:51:56;56.06;21.343555188496897;52;;
2026-08-08 22:52:26;56.09;21.37268580629416;52;;
2026-08-08 22:52:56;56.18;21.460228032658048;52;;
2026-08-08 22:53:26;56.24;21.518714926577484;52;;
2026-08-08 22:53:56;56.47;21.743845659043213;52;;
2026-08-08 22:54:26;56.54;21.812657279544514;52;;
2026-08-08 22:54:56;56.77;22.039719430757494;52;;
2026-08-08 22:55:26;56.77;22.039719430757494;52;;
2026-08-08 22:55:56;56.86;22.128974069542107;52;;
2026-08-08 22:56:26;56.97;22.23837243931722;52;;
2026-08-08 22:56:56;56.99;22.25829964853833;52;;
2026-08-08 22:57:26;56.99;22.25829964853833;52;;
2026-08-08 22:57:56;57;22.268267478396552;52;;
2026-08-08 22:58:27;57.04;22.308166974717423;52;;
2026-08-08 22:58:57;57.08;22.348111571690595;52;;
2026-08-08 22:59:27;57.18;22.448170533779884;52;;
2026-08-08 22:59:57;57.31;22.578669417720597;52;;
2026-08-08 23:00:27;57.56;22.830973147850575;52;;
2026-08-08 23:00:57;57.70;22.973037618033505;52;;
2026-08-08 23:01:27;57.83;23.105453562350352;52;;
2026-08-08 23:01:57;57.93;23.207639441739506;52;;
2026-08-08 23:02:27;57.97;23.2485936159002;52;;
2026-08-08 23:02:57;57.99;23.26908781957492;52;;
2026-08-08 23:03:27;58.02;23.299850529123592;52;;
2026-08-08 23:03:57;58.02;23.299850529123592;52;;
2026-08-08 23:04:27;58.06;23.34090744487339;52;;
2026-08-08 23:04:57;58.09;23.37173012185368;52;;
2026-08-08 23:05:27;58.22;23.505592356588558;52;;
2026-08-08 23:05:57;58.47;23.76437999187114;52;;
2026-08-08 23:06:27;58.56;23.85798257246549;52;;
2026-08-08 23:06:57;58.75;24.056353040196864;52;;
2026-08-08 23:07:28;58.86;24.171674435519726;52;;
2026-08-08 23:07:58;58.93;24.245242556834928;52;;
2026-08-08 23:08:28;58.97;24.287345021295796;52;;
2026-08-08 23:08:58;58.99;24.30841359168891;52;;
2026-08-08 23:09:28;59;24.31895221272115;52;;
2026-08-08 23:09:58;59;24.31895221272115;52;;
2026-08-08 23:10:28;59;24.31895221272115;52;;
2026-08-08 23:10:58;59.04;24.361135611055317;52;;
2026-08-08 23:11:28;59.15;24.477378661511402;52;;
2026-08-08 23:11:58;59.40;24.74287166149979;52;;
2026-08-08 23:12:28;59.52;24.870953046753694;52;;
2026-08-08 23:12:58;59.75;25.117614316347993;52;;
2026-08-08 23:13:28;59.84;25.214554007727138;52;;
2026-08-08 23:13:58;59.97;25.35499594952922;52;;
2026-08-08 23:14:28;59.99;25.3766462868622;52;;
2026-08-08 23:14:58;60;25.387475846974766;52;;
2026-08-08 23:15:28;60;25.387475846974766;52;;
2026-08-08 23:15:58;60.06;25.452514711299354;52;;
2026-08-08 23:16:29;60.06;25.452514711299354;52;;
2026-08-08 23:16:59;60.20;25.60468244986169;52;;
2026-08-08 23:17:29;60.31;25.724646404096088;52;;
2026-08-08 23:17:59;60.45;25.877842304113397;52;;
2026-08-08 23:18:29;60.65;26.097695094686433;52;;
2026-08-08 23:18:59;60.77;26.230173420732363;52;;
2026-08-08 23:19:29;60.90;26.374172103315676;52;;
2026-08-08 23:19:59;60.97;26.45191711667333;52;;
2026-08-08 23:20:29;60.99;26.47415665010829;52;;
2026-08-08 23:20:59;61.02;26.507538188511774;52;;
2026-08-08 23:21:29;61.04;26.52980737729962;52;;
2026-08-08 23:21:59;61.11;26.607843013129198;52;;
2026-08-08 23:22:29;61.25;26.764350922319313;52;;
2026-08-08 23:22:59;61.31;26.8316041614991;52;;
2026-08-08 23:23:29;61.54;27.09040175327846;52;;
2026-08-08 23:23:59;61.77;27.350778681243295;52;;
2026-08-08 23:24:29;61.81;27.396223179439975;52;;
2026-08-08 23:25:00;61.97;27.578480709437052;52;;
2026-08-08 23:25:30;61.95;27.55565652723806;52;;
2026-08-08 23:26:00;61.99;27.601316898036075;52;;
2026-08-08 23:26:30;62;27.612739495671796;52;;
2026-08-08 23:27:00;62.02;27.635593699488286;52;;
2026-08-08 23:27:30;62.06;27.681338151788708;52;;
2026-08-08 23:28:00;62.09;27.71567804189766;52;;
2026-08-08 23:28:30;62.18;27.818860081813483;52;;
2026-08-08 23:29:00;62.27;27.922285888600584;52;;
2026-08-08 23:29:30;62.47;28.152995137586238;52;;
2026-08-08 23:30:00;62.66;28.373287915202347;52;;
2026-08-08 23:30:30;62.77;28.501325207485337;52;;
2026-08-08 23:31:00;62.88;28.629729324414804;52;;
2026-08-08 23:31:30;62.97;28.735060432558814;52;;
2026-08-08 23:32:00;62.99;28.758500766220205;52;;
2026-08-08 23:32:30;63;28.77022549268089;52;;
2026-08-08 23:33:00;63;28.77022549268089;52;;
2026-08-08 23:33:30;63;28.77022549268089;52;;
2026-08-08 23:34:01;63;28.77022549268089;52;;
2026-08-08 23:34:31;63.02;28.79368406674274;52;;
2026-08-08 23:35:01;63.09;28.875884887430182;52;;
2026-08-08 23:35:31;63.34;29.170677606487377;52;;
2026-08-08 23:36:01;63.65;29.538871282006607;52;;
2026-08-08 23:36:31;63.74;29.646317374909376;52;;
2026-08-08 23:37:01;63.91;29.84994938541962;52;;
2026-08-08 23:37:31;63.97;29.922031555087944;52;;
2026-08-08 23:38:01;64;29.95811417181297;52;;
2026-08-08 23:38:31;64;29.95811417181297;52;;
2026-08-08 23:39:01;64.01;29.97014786611204;52;;
2026-08-08 23:39:31;64;29.95811417181297;52;;
2026-08-08 23:40:01;64.01;29.97014786611204;52;;
2026-08-08 23:40:31;64.08;30.054469940459718;52;;
2026-08-08 23:41:01;64.22;30.223567121336778;52;;
2026-08-08 23:41:31;64.29;30.30834248716938;52;;
2026-08-08 23:42:01;64.50;30.563577242902365;52;;
2026-08-08 23:42:31;64.70;30.807927621769824;52;;
2026-08-08 23:43:02;64.87;31.01660166805176;52;;
2026-08-08 23:43:32;64.91;31.065832031356933;52;;
2026-08-08 23:44:02;64.97;31.139770955630812;52;;
2026-08-08 23:44:32;65;31.176782460649928;52;;
2026-08-08 23:45:02;65.01;31.189125860093956;52;;
2026-08-08 23:45:32;65.08;31.275616930618792;52;;
2026-08-08 23:46:02;65.13;31.33748982434853;52;;
2026-08-08 23:46:32;65.23;31.461469714696552;52;;
2026-08-08 23:47:02;65.41;31.685421155787353;52;;
2026-08-08 23:47:32;65.52;31.82277968279719;52;;
2026-08-08 23:48:02;65.70;32.04836679389582;52;;
2026-08-08 23:48:32;65.77;32.13636995335726;52;;
2026-08-08 23:49:02;65.94;32.3507337655447;52;;
2026-08-08 23:49:32;65.98;32.40130460520015;52;;
2026-08-08 23:50:02;66;32.426608941927235;52;;
2026-08-08 23:50:32;66;32.426608941927235;52;;
2026-08-08 23:51:02;66.02;32.45192589398577;52;;
2026-08-08 23:51:32;66.06;32.502597656294576;52;;
2026-08-08 23:52:03;66.08;32.52795247264426;52;;
2026-08-08 23:52:33;66.19;32.66762976146487;52;;
2026-08-08 23:53:03;66.30;32.80768954070733;52;;
2026-08-08 23:53:33;66.33;32.8459541117226;52;;
2026-08-08 23:54:03;66.50;33.06332527510461;52;;
2026-08-08 23:54:33;66.68;33.29448248497149;52;;
2026-08-08 23:55:03;66.87;33.53959950354298;52;;
2026-08-08 23:55:33;66.91;33.59134960309716;52;;
2026-08-08 23:56:03;66.95;33.64315072008103;52;;
2026-08-08 23:56:33;66.98;33.68203505274397;52;;
2026-08-08 23:57:03;67;33.70797389689271;52;;
2026-08-08 23:57:33;67;33.70797389689271;52;;
2026-08-08 23:58:03;67;33.70797389689271;52;;
2026-08-08 23:58:33;67.01;33.72094810682777;52;;
2026-08-08 23:59:03;67.08;33.81185698551265;52;;
2026-08-08 23:59:33;67.18;33.941998428149994;52;;
2026-08-09 00:00:03;67.43;34.26875240518609;52;;
2026-08-09 00:00:34;67.62;34.51842626704113;52;;
2026-08-09 00:01:04;67.69;34.610703872931424;52;;
2026-08-09 00:01:34;67.90;34.88848345613436;52;;
2026-08-09 00:02:04;67.98;34.994678338481805;52;;
2026-08-09 00:02:34;67.98;34.994678338481805;52;;
2026-08-09 00:03:04;67.98;34.994678338481805;52;;
2026-08-09 00:03:34;68.01;35.034554697936116;52;;
2026-08-09 00:04:04;68.01;35.034554697936116;52;;
2026-08-09 00:04:34;68.02;35.0478532788405;52;;
2026-08-09 00:05:04;68.12;35.1810168665143;52;;
2026-08-09 00:05:34;68.16;35.234372860946806;52;;
2026-08-09 00:06:04;68.27;35.381368936995806;52;;
2026-08-09 00:06:34;68.37;35.51534200484809;52;;
2026-08-09 00:07:04;68.51;35.70344948935234;52;;
2026-08-09 00:07:34;68.73;36.00033439573648;52;;
2026-08-09 00:08:04;68.81;36.108683353077545;52;;
2026-08-09 00:08:34;68.88;36.20365991990552;52;;
2026-08-09 00:09:04;68.93;36.27159824726351;52;;
2026-08-09 00:09:35;68.98;36.339618231423856;52;;
2026-08-09 00:10:05;69;36.366849099813344;52;;
2026-08-09 00:10:35;69.01;36.38046943728104;52;;
2026-08-09 00:11:05;69.02;36.394093044112715;52;;
2026-08-09 00:11:35;69.09;36.48954986660205;52;;
2026-08-09 00:12:05;69.22;36.667252342658514;52;;
2026-08-09 00:12:35;69.34;36.83177700108303;52;;
2026-08-09 00:13:05;69.58;37.162244867871856;52;;
2026-08-09 00:13:35;69.56;37.13463354142512;52;;
2026-08-09 00:14:05;69.84;37.52239132096329;52;;
2026-08-09 00:14:35;69.97;37.70330105512451;52;;
2026-08-09 00:15:05;70;37.745128781719664;52;;
2026-08-09 00:15:35;70.01;37.75907797218637;52;;
2026-08-09 00:16:05;70.02;37.77303047076793;52;;
2026-08-09 00:16:35;70.08;37.85681495442502;52;;
2026-08-09 00:17:05;70.13;37.926726401861195;52;;
2026-08-09 00:17:35;70.30;38.1650451033768;52;;
2026-08-09 00:18:05;70.48;38.41842820028266;52;;
2026-08-09 00:18:36;70.69;38.71540413109964;52;;
2026-08-09 00:19:06;70.77;38.82892443375764;52;;
2026-08-09 00:19:36;70.91;39.02809908821148;52;;
2026-08-09 00:20:06;70.98;39.12793207031094;52;;
2026-08-09 00:20:36;70.98;39.12793207031094;52;;
2026-08-09 00:21:06;71;39.156485886594055;52;;
2026-08-09 00:21:36;71;39.156485886594055;52;;
2026-08-09 00:22:06;71.01;39.17076781453915;52;;
2026-08-09 00:22:36;71.08;39.270835049590495;52;;
2026-08-09 00:23:06;71.25;39.51453910020962;52;;
2026-08-09 00:23:36;71.43;39.77363600013154;52;;
2026-08-09 00:24:06;71.51;39.88913984310157;52;;
2026-08-09 00:24:36;71.76;40.25147898977776;52;;
2026-08-09 00:25:06;71.83;40.35331184323767;52;;
2026-08-09 00:25:36;71.95;40.528267744814016;52;;
2026-08-09 00:26:06;72;40.6013098113696;52;;
2026-08-09 00:26:36;71.98;40.572082830094985;52;;
2026-08-09 00:27:06;72;40.6013098113696;52;;
2026-08-09 00:27:37;72.01;40.61592838050997;52;;
2026-08-09 00:28:07;72.02;40.63055033584215;52;;
2026-08-09 00:28:37;72.05;40.674436522913055;52;;
2026-08-09 00:29:07;72.08;40.71835319983606;52;;
2026-08-09 00:29:37;72.23;40.938394303153785;52;;
2026-08-09 00:30:07;72.36;41.12971440381475;52;;
2026-08-09 00:30:37;72.45;41.262503322991186;52;;
2026-08-09 00:31:07;72.55;41.41036990902159;52;;
2026-08-09 00:31:37;72.68;41.60310593709073;52;;
2026-08-09 00:32:07;72.76;41.72199932045792;52;;
2026-08-09 00:32:37;72.86;41.87092348391552;52;;
2026-08-09 00:33:07;72.98;42.05008390365522;52;;
2026-08-09 00:33:37;72.98;42.05008390365522;52;;
2026-08-09 00:34:07;73;42.07999189601293;52;;
2026-08-09 00:34:37;73;42.07999189601293;52;;
2026-08-09 00:35:07;73.01;42.09495102969159;52;;
2026-08-09 00:35:37;73.04;42.139848985458904;52;;
2026-08-09 00:36:07;73.12;42.25972767161729;52;;
2026-08-09 00:36:38;73.16;42.31974931882357;52;;
2026-08-09 00:37:08;73.29;42.51519897755152;52;;
2026-08-09 00:37:38;73.47;42.78678057016957;52;;
2026-08-09 00:38:08;73.58;42.95329621999864;52;;
2026-08-09 00:38:38;73.73;43.18103548514726;52;;
2026-08-09 00:39:08;73.86;43.379038089681046;52;;
2026-08-09 00:39:38;73.87;43.39429326199915;52;;
2026-08-09 00:40:08;73.98;43.562328572587106;52;;
2026-08-09 00:40:38;73.98;43.562328572587106;52;;
2026-08-09 00:41:08;74;43.59292546212719;52;;
2026-08-09 00:41:38;74.01;43.60822910369682;52;;
2026-08-09 00:42:08;74.01;43.60822910369682;52;;
2026-08-09 00:42:38;74.05;43.66947832455426;52;;
2026-08-09 00:43:08;74.11;43.76145616318708;52;;
2026-08-09 00:43:38;74.26;43.99194731885282;52;;
2026-08-09 00:44:08;74.30;44.053543620885385;52;;
2026-08-09 00:44:38;74.48;44.33141570684856;52;;
2026-08-09 00:45:09;74.62;44.54831867378835;52;;
2026-08-09 00:45:39;74.66;44.6104165164002;52;;
2026-08-09 00:46:09;74.88;44.95295372226921;52;;
2026-08-09 00:46:39;74.91;44.999794482646266;52;;
2026-08-09 00:47:09;74.94;45.04666675039999;52;;
2026-08-09 00:47:39;74.98;45.10921213746638;52;;
2026-08-09 00:48:09;74.98;45.10921213746638;52;;
2026-08-09 00:48:39;75;45.14050585105332;52;;
2026-08-09 00:49:09;75;45.14050585105332;52;;
2026-08-09 00:49:39;75;45.14050585105332;52;;
2026-08-09 00:50:09;75;45.14050585105332;52;;
2026-08-09 00:50:39;75.01;45.15615796425464;52;;
2026-08-09 00:51:09;75.09;45.281501076252304;52;;
2026-08-09 00:51:39;75.19;45.43849570941305;52;;
2026-08-09 00:52:09;75.26;45.54860089164055;52;;
2026-08-09 00:52:39;75.51;45.94324055167614;52;;
2026-08-09 00:53:09;75.51;45.94324055167614;52;;
2026-08-09 00:53:39;75.63;46.13344969935726;52;;
2026-08-09 00:54:10;75.72;46.27644006463981;52;;
2026-08-09 00:54:40;75.87;46.51539345054865;52;;
2026-08-09 00:55:10;75.93;46.61119769562707;52;;
2026-08-09 00:55:40;75.98;46.691131955492686;52;;
2026-08-09 00:56:10;76;46.72313046150427;52;;
2026-08-09 00:56:40;76;46.72313046150427;52;;
2026-08-09 00:57:10;76;46.72313046150427;52;;
2026-08-09 00:57:40;76;46.72313046150427;52;;
2026-08-09 00:58:10;76.01;46.739135030840394;52;;
2026-08-09 00:58:40;76.01;46.739135030840394;52;;
2026-08-09 00:59:10;76.01;46.739135030840394;52;;
2026-08-09 00:59:40;76.04;46.78717000897672;52;;
2026-08-09 01:00:10;76.06;46.81921105684706;52;;
2026-08-09 01:00:40;76.11;46.89937575178991;52;;
2026-08-09 01:01:10;76.13;46.93146646828919;52;;
2026-08-09 01:01:40;76.26;47.14040235121617;52;;
2026-08-09 01:02:10;76.48;47.49535520508478;52;;
2026-08-09 01:02:40;76.62;47.72213205261085;52;;
2026-08-09 01:03:11;76.63;47.738357155020964;52;;
2026-08-09 01:03:41;76.77;47.96588358289739;52;;
2026-08-09 01:04:11;76.81;48.03101979480782;52;;
2026-08-09 01:04:41;76.91;48.19411076170893;52;;
2026-08-09 01:05:11;76.95;48.25944739092196;52;;
2026-08-09 01:05:41;76.98;48.30848747770079;52;;
2026-08-09 01:06:11;77;48.341198786768274;52;;
2026-08-09 01:06:41;76.98;48.30848747770079;52;;
2026-08-09 01:07:11;77;48.341198786768274;52;;
2026-08-09 01:07:41;77;48.341198786768274;52;;
2026-08-09 01:08:11;77.01;48.35755981787454;52;;
2026-08-09 01:08:41;77.02;48.37392443389933;52;;
2026-08-09 01:09:11;77.02;48.37392443389933;52;;
2026-08-09 01:09:41;77.15;48.586990853086824;52;;
2026-08-09 01:10:11;77.12;48.537767853282055;52;;
2026-08-09 01:10:41;77.16;48.60340570026869;52;;
2026-08-09 01:11:11;77.23;48.718410200046534;52;;
2026-08-09 01:11:41;77.36;48.93245728209257;52;;
2026-08-09 01:12:12;77.48;49.13057903792102;52;;
2026-08-09 01:12:42;77.56;49.2629484750635;52;;
2026-08-09 01:13:12;77.56;49.2629484750635;52;;
2026-08-09 01:13:42;77.77;49.611517143022326;52;;
2026-08-09 01:14:12;77.80;49.6614427408742;52;;
2026-08-09 01:14:42;77.87;49.77806240945858;52;;
2026-08-09 01:15:12;77.95;49.91155921678682;52;;
2026-08-09 01:15:42;77.95;49.91155921678682;52;;
2026-08-09 01:16:12;77.98;49.96168028577125;52;;
2026-08-09 01:16:42;78;49.99511245151171;52;;
2026-08-09 01:17:12;78;49.99511245151171;52;;
2026-08-09 01:17:42;78.01;50.01183397152177;52;;
2026-08-09 01:18:12;78;49.99511245151171;52;;
2026-08-09 01:18:42;78.01;50.01183397152177;52;;
2026-08-09 01:19:12;78.01;50.01183397152177;52;;
2026-08-09 01:19:42;78.05;50.078756308608526;52;;
2026-08-09 01:20:12;78.05;50.078756308608526;52;;
2026-08-09 01:20:43;78.08;50.128986142661454;52;;
2026-08-09 01:21:13;78.11;50.17924862992607;52;;
2026-08-09 01:21:43;78.23;50.38062532987993;52;;
2026-08-09 01:22:13;78.36;50.59937400312006;52;;
2026-08-09 01:22:43;78.47;50.78494941068118;52;;
2026-08-09 01:23:13;78.55;50.92019025272882;52;;
2026-08-09 01:23:43;78.68;51.14045455586292;52;;
2026-08-09 01:24:13;78.81;51.36133612786299;52;;
2026-08-09 01:24:43;78.75;51.25931402799105;52;;
2026-08-09 01:25:13;78.86;51.44645512918382;52;;
2026-08-09 01:25:43;78.94;51.58283586189189;52;;
2026-08-09 01:26:13;78.97;51.634039065823956;52;;
2026-08-09 01:26:43;78.94;51.58283586189189;52;;
2026-08-09 01:27:13;78.98;51.651114128471214;52;;
2026-08-09 01:27:43;79;51.68527524821276;52;;
2026-08-09 01:28:13;79.01;51.70236130612123;52;;
2026-08-09 01:28:43;79;51.68527524821276;52;;
2026-08-09 01:29:13;79;51.68527524821276;52;;
2026-08-09 01:29:44;79.01;51.70236130612123;52;;
2026-08-09 01:30:14;79.01;51.70236130612123;52;;
2026-08-09 01:30:44;79.08;51.82206637951823;52;;
2026-08-09 01:31:14;79.12;51.890549982181824;52;;
2026-08-09 01:31:44;79.19;52.01053761220101;52;;
2026-08-09 01:32:14;79.16;51.95909231094303;52;;
2026-08-09 01:32:44;79.23;52.079182774379376;52;;
2026-08-09 01:33:14;79.23;52.079182774379376;52;;
2026-08-09 01:33:44;79.37;52.3199040460521;52;;
2026-08-09 01:34:14;79.58;52.6823389139994;52;;
2026-08-09 01:34:44;79.51;52.5613467100072;52;;
2026-08-09 01:35:14;79.63;52.768872583010335;52;;
2026-08-09 01:35:44;79.69;52.872834799474624;52;;
2026-08-09 01:36:14;79.76;52.99429211875094;52;;
2026-08-09 01:36:44;79.81;53.08115823360928;52;;
2026-08-09 01:37:14;79.88;53.202926144697635;52;;
2026-08-09 01:37:44;79.93;53.29001425806908;52;;
2026-08-09 01:38:14;79.93;53.29001425806908;52;;
2026-08-09 01:38:45;79.94;53.30744298946407;52;;
2026-08-09 01:39:15;79.98;53.3771949577537;52;;
2026-08-09 01:39:45;79.98;53.3771949577537;52;;
2026-08-09 01:40:15;80;53.41209317325419;52;;
2026-08-09 01:40:45;80.01;53.429547840275966;52;;
2026-08-09 01:41:15;80;53.41209317325419;52;;
2026-08-09 01:41:45;80.04;53.48193408334007;52;;
2026-08-09 01:42:15;80.05;53.49940357972575;52;;
2026-08-09 01:42:45;80.05;53.49940357972575;52;;
2026-08-09 01:43:15;80.12;53.621793911567266;52;;
2026-08-09 01:43:45;80.25;53.84957280876194;52;;
2026-08-09 01:44:15;80.33;53.990056571367084;52;;
2026-08-09 01:44:45;80.47;54.23647613748084;52;;
2026-08-09 01:45:15;80.51;54.307015799538654;52;;
2026-08-09 01:45:45;80.61;54.48362591790024;52;;
2026-08-09 01:46:15;80.66;54.572070876333896;52;;
2026-08-09 01:46:45;80.77;54.76697839512197;52;;
2026-08-09 01:47:15;80.76;54.74924084846746;52;;
2026-08-09 01:47:46;80.91;55.0156967155457;52;;
2026-08-09 01:48:16;80.88;54.96233820059907;52;;
2026-08-09 01:48:46;80.95;55.08689381536222;52;;
2026-08-09 01:49:16;80.95;55.08689381536222;52;;
2026-08-09 01:49:46;80.98;55.14033096454276;52;;
2026-08-09 01:50:16;81;55.17597446270236;52;;
2026-08-09 01:50:46;81;55.17597446270236;52;;
2026-08-09 01:51:16;81.01;55.19380183262881;52;;
2026-08-09 01:51:46;81;55.17597446270236;52;;
2026-08-09 01:52:16;81;55.17597446270236;52;;
2026-08-09 01:52:46;81.02;55.21163295033526;52;;
2026-08-09 01:53:16;81.05;55.26514879425143;52;;
2026-08-09 01:53:46;81.09;55.33655574670486;52;;
2026-08-09 01:54:16;81.12;55.39015034588235;52;;
2026-08-09 01:54:46;81.12;55.39015034588235;52;;
2026-08-09 01:55:16;81.16;55.46166234571321;52;;
2026-08-09 01:55:46;81.23;55.58695288865812;52;;
2026-08-09 01:56:17;81.36;55.82012382228931;52;;
2026-08-09 01:56:47;81.33;55.766258745245736;52;;
2026-08-09 01:57:17;81.44;55.963929594923826;52;;
2026-08-09 01:57:47;81.51;56.089957327705235;52;;
2026-08-09 01:58:17;81.61;56.270317294471894;52;;
2026-08-09 01:58:47;81.62;56.28837403320789;52;;
2026-08-09 01:59:17;81.68;56.39679371173146;52;;
2026-08-09 01:59:47;81.84;56.68657756993589;52;;
2026-08-09 02:00:17;81.88;56.759174749502016;52;;
2026-08-09 02:00:47;81.91;56.81366236141141;52;;
2026-08-09 02:01:17;81.95;56.88636550150887;52;;
2026-08-09 02:01:47;81.97;56.9227397893856;52;;
2026-08-09 02:02:17;81.98;56.94093261422949;52;;
2026-08-09 02:02:47;81.98;56.94093261422949;52;;
2026-08-09 02:03:17;82;56.977329627798014;52;;
2026-08-09 02:03:47;82;56.977329627798014;52;;
2026-08-09 02:04:17;82.01;56.99553381735059;52;;
2026-08-09 02:04:47;82.01;56.99553381735059;52;;
2026-08-09 02:05:18;82.01;56.99553381735059;52;;
2026-08-09 02:05:48;82.02;57.013741795967334;52;;
2026-08-09 02:06:18;82.01;56.99553381735059;52;;
2026-08-09 02:06:48;82.08;57.12306926120246;52;;
2026-08-09 02:07:18;82.15;57.25079051123713;52;;
2026-08-09 02:07:48;82.23;57.39698535418392;52;;
2026-08-09 02:08:18;82.26;57.45187107882914;52;;
2026-08-09 02:08:48;82.30;57.52510523886233;52;;
2026-08-09 02:09:18;82.36;57.635070519617365;52;;
2026-08-09 02:09:48;82.51;57.91058297966638;52;;
2026-08-09 02:10:18;82.61;58.09473409083203;52;;
2026-08-09 02:10:48;82.61;58.09473409083203;52;;
2026-08-09 02:11:18;82.76;58.37167600254136;52;;
2026-08-09 02:11:48;82.73;58.316218901834155;52;;
2026-08-09 02:12:18;82.86;58.55678137973884;52;;
2026-08-09 02:12:48;82.87;58.57531294446561;52;;
2026-08-09 02:13:18;82.93;58.68658266726647;52;;
2026-08-09 02:13:48;82.98;58.77941268190423;52;;
2026-08-09 02:14:19;82.97;58.76083902197388;52;;
2026-08-09 02:14:49;82.98;58.77941268190423;52;;
2026-08-09 02:15:19;82.98;58.77941268190423;52;;
2026-08-09 02:15:49;83;58.81657149018314;52;;
2026-08-09 02:16:19;83;58.81657149018314;52;;
2026-08-09 02:16:49;83;58.81657149018314;52;;
2026-08-09 02:17:19;83;58.81657149018314;52;;
2026-08-09 02:17:49;83;58.81657149018314;52;;
2026-08-09 02:18:19;83;58.81657149018314;52;;
2026-08-09 02:18:49;83;58.81657149018314;52;;
2026-08-09 02:19:19;83.01;58.835156639364335;52;;
2026-08-09 02:19:49;83;58.81657149018314;52;;
2026-08-09 02:20:19;83.02;58.85374561912845;52;;
2026-08-09 02:20:49;83.02;58.85374561912845;52;;
2026-08-09 02:21:19;83.05;58.90953554608258;52;;
2026-08-09 02:21:49;83.12;59.03984619044891;52;;
2026-08-09 02:22:19;83.15;59.095751128598856;52;;
2026-08-09 02:22:50;83.23;59.24499979646619;52;;
2026-08-09 02:23:20;83.29;59.357097555152336;52;;
2026-08-09 02:23:50;83.33;59.431906233731524;52;;
2026-08-09 02:24:20;83.41;59.581708125706804;52;;
2026-08-09 02:24:50;83.51;59.769306768854186;52;;
2026-08-09 02:25:20;83.58;59.9008549543897;52;;
2026-08-09 02:25:50;83.72;60.164518058965214;52;;
2026-08-09 02:26:20;83.65;60.03259200332279;52;;
2026-08-09 02:26:50;83.76;60.23998929180234;52;;
2026-08-09 02:27:20;83.79;60.29663326468661;52;;
2026-08-09 02:27:50;83.88;60.46677383768098;52;;
2026-08-09 02:28:20;83.91;60.52355695111093;52;;
2026-08-09 02:28:50;83.88;60.46677383768098;52;;
2026-08-09 02:29:20;83.94;60.58037487792069;52;;
2026-08-09 02:29:50;83.98;60.65618628734666;52;;
2026-08-09 02:30:20;83.98;60.65618628734666;52;;
2026-08-09 02:30:50;84;60.694115216886466;52;;
2026-08-09 02:31:20;83.98;60.65618628734666;52;;
2026-08-09 02:31:51;84;60.694115216886466;52;;
2026-08-09 02:32:21;84;60.694115216886466;52;;
2026-08-09 02:32:51;84;60.694115216886466;52;;
2026-08-09 02:33:21;84;60.694115216886466;52;;
2026-08-09 02:33:51;84;60.694115216886466;52;;
2026-08-09 02:34:21;84;60.694115216886466;52;;
2026-08-09 02:34:51;84;60.694115216886466;52;;
2026-08-09 02:35:21;84;60.694115216886466;52;;
2026-08-09 02:35:51;84;60.694115216886466;52;;
2026-08-09 02:36:21;84;60.694115216886466;52;;
2026-08-09 02:36:51;84;60.694115216886466;52;;
2026-08-09 02:37:21;84.01;60.713085489328584;52;;
2026-08-09 02:37:51;84.01;60.713085489328584;52;;
2026-08-09 02:38:21;84.01;60.713085489328584;52;;
2026-08-09 02:38:51;84.01;60.713085489328584;52;;
2026-08-09 02:39:21;84.01;60.713085489328584;52;;
2026-08-09 02:39:51;84.01;60.713085489328584;52;;
2026-08-09 02:40:21;84.01;60.713085489328584;52;;
2026-08-09 02:40:52;84.02;60.732059634110435;52;;
2026-08-09 02:41:22;84.01;60.713085489328584;52;;
2026-08-09 02:41:52;84.04;60.770019542368736;52;;
2026-08-09 02:42:22;84.01;60.713085489328584;52;;
2026-08-09 02:42:52;84.06;60.80799494501185;52;;
2026-08-09 02:43:22;84.04;60.770019542368736;52;;
2026-08-09 02:43:52;84.06;60.80799494501185;52;;
2026-08-09 02:44:22;84.08;60.845985845390764;52;;
2026-08-09 02:44:52;84.08;60.845985845390764;52;;
2026-08-09 02:45:22;84.05;60.78900530668273;52;;
2026-08-09 02:45:52;84.13;60.941030920926025;52;;
2026-08-09 02:46:22;84.20;61.07425688781667;52;;
2026-08-09 02:46:52;84.26;61.1886019000067;52;;
2026-08-09 02:47:22;84.19;61.05521296928345;52;;
2026-08-09 02:47:52;84.19;61.05521296928345;52;;
2026-08-09 02:48:22;84.19;61.05521296928345;52;;
2026-08-09 02:48:52;84.23;61.131411926897975;52;;
2026-08-09 02:49:22;84.30;61.26490955887468;52;;
2026-08-09 02:49:53;84.26;61.1886019000067;52;;
2026-08-09 02:50:23;84.43;61.51333882589909;52;;
2026-08-09 02:50:53;84.41;61.47507617230424;52;;
2026-08-09 02:51:23;84.43;61.51333882589909;52;;
2026-08-09 02:51:53;84.43;61.51333882589909;52;;
2026-08-09 02:52:23;84.50;61.64738066893067;52;;
2026-08-09 02:52:53;84.63;61.896821705012876;52;;
2026-08-09 02:53:23;84.55;61.74324162078526;52;;
2026-08-09 02:53:53;84.66;61.954478547818724;52;;
2026-08-09 02:54:23;84.63;61.896821705012876;52;;
2026-08-09 02:54:53;84.66;61.954478547818724;52;;
2026-08-09 02:55:23;84.63;61.896821705012876;52;;
2026-08-09 02:55:53;84.72;62.069897534278745;52;;
2026-08-09 02:56:23;84.68;61.992935940377215;52;;
2026-08-09 02:56:53;84.80;62.22400805140782;52;;
2026-08-09 02:57:23;84.80;62.22400805140782;52;;
2026-08-09 02:57:53;84.81;62.24328943637447;52;;
2026-08-09 02:58:23;84.87;62.35905978519893;52;;
2026-08-09 02:58:54;84.77;62.16618732781492;52;;
2026-08-09 02:59:24;84.87;62.35905978519893;52;;
2026-08-09 02:59:54;84.86;62.339754958407084;52;;
2026-08-09 03:00:24;84.83;62.281863924485435;52;;
2026-08-09 03:00:54;84.80;62.22400805140782;52;;
2026-08-09 03:01:24;84.81;62.24328943637447;52;;
2026-08-09 03:01:54;84.87;62.35905978519893;52;;
2026-08-09 03:02:24;84.86;62.339754958407084;52;;
2026-08-09 03:02:54;84.91;62.436318181011956;52;;
2026-08-09 03:03:24;84.93;62.47497083799873;52;;
2026-08-09 03:03:54;84.93;62.47497083799873;52;;
2026-08-09 03:04:24;84.94;62.49430303273553;52;;
2026-08-09 03:04:54;84.97;62.55232308697198;52;;
2026-08-09 03:05:24;84.98;62.571670929796355;52;;
2026-08-09 03:05:54;84.97;62.55232308697198;52;;
2026-08-09 03:06:24;84.98;62.571670929796355;52;;
2026-08-09 03:06:54;84.98;62.571670929796355;52;;
2026-08-09 03:07:25;84.98;62.571670929796355;52;;
2026-08-09 03:07:55;84.98;62.571670929796355;52;;
2026-08-09 03:08:25;84.98;62.571670929796355;52;;
2026-08-09 03:08:55;84.98;62.571670929796355;52;;
2026-08-09 03:09:25;85.01;62.62973793840193;52;;
2026-08-09 03:09:55;84.98;62.571670929796355;52;;
2026-08-09 03:10:25;85;62.61037835509018;52;;
2026-08-09 03:10:55;85.01;62.62973793840193;52;;
2026-08-09 03:11:25;85;62.61037835509018;52;;
2026-08-09 03:11:55;85.01;62.62973793840193;52;;
2026-08-09 03:12:25;85.01;62.62973793840193;52;;
2026-08-09 03:12:55;85.01;62.62973793840193;52;;
2026-08-09 03:13:25;85.01;62.62973793840193;52;;
2026-08-09 03:13:55;85.01;62.62973793840193;52;;
2026-08-09 03:14:25;85.01;62.62973793840193;52;;
2026-08-09 03:14:55;85.01;62.62973793840193;52;;
2026-08-09 03:15:25;85.02;62.64910143605177;52;;
2026-08-09 03:15:55;85.04;62.68784017605073;52;;
2026-08-09 03:16:26;85.05;62.707215419242296;52;;
2026-08-09 03:16:56;85.05;62.707215419242296;52;;
2026-08-09 03:17:26;85.11;62.823549129624425;52;;
2026-08-09 03:17:56;85.09;62.78475555645324;52;;
2026-08-09 03:18:26;85.08;62.76536464664115;52;;
2026-08-09 03:18:56;85.16;62.92060164457732;52;;
2026-08-09 03:19:26;85.16;62.92060164457732;52;;
2026-08-09 03:19:56;85.16;62.92060164457732;52;;
2026-08-09 03:20:26;85.23;63.05663984499308;52;;
2026-08-09 03:20:56;85.22;63.03719404890434;52;;
2026-08-09 03:21:26;85.27;63.13446226967087;52;;
2026-08-09 03:21:56;85.30;63.19287030232868;52;;
2026-08-09 03:22:26;85.41;63.40733552076311;52;;
2026-08-09 03:22:56;85.44;63.46590856656634;52;;
2026-08-09 03:23:26;85.51;63.60271666301972;52;;
2026-08-09 03:23:56;85.44;63.46590856656634;52;;
2026-08-09 03:24:26;85.55;63.68097928828056;52;;
2026-08-09 03:24:56;85.54;63.661407727343345;52;;
2026-08-09 03:25:27;85.55;63.68097928828056;52;;
2026-08-09 03:25:57;85.66;63.896526401406135;52;;
2026-08-09 03:26:27;85.66;63.896526401406135;52;;
2026-08-09 03:26:57;85.69;63.95539473117213;52;;
2026-08-09 03:27:27;85.70;63.97502539327036;52;;
2026-08-09 03:27:57;85.76;64.09289219331396;52;;
2026-08-09 03:28:27;85.76;64.09289219331396;52;;
2026-08-09 03:28:57;85.76;64.09289219331396;52;;
2026-08-09 03:29:27;85.79;64.15187885859063;52;;
2026-08-09 03:29:57;85.79;64.15187885859063;52;;
2026-08-09 03:30:27;85.83;64.2305830093349;52;;
2026-08-09 03:30:57;85.87;64.30935034342978;52;;
2026-08-09 03:31:27;85.81;64.19122303773676;52;;
2026-08-09 03:31:57;85.86;64.2896525849856;52;;
2026-08-09 03:32:27;85.87;64.30935034342978;52;;
2026-08-09 03:32:57;85.95;64.46707467003543;52;;
2026-08-09 03:33:27;85.94;64.44734529451674;52;;
2026-08-09 03:33:57;85.91;64.3881808879647;52;;
2026-08-09 03:34:28;85.94;64.44734529451674;52;;
2026-08-09 03:34:58;85.98;64.52628652252473;52;;
2026-08-09 03:35:28;85.98;64.52628652252473;52;;
2026-08-09 03:35:58;85.98;64.52628652252473;52;;
2026-08-09 03:36:28;85.98;64.52628652252473;52;;
2026-08-09 03:36:58;85.98;64.52628652252473;52;;
2026-08-09 03:37:28;85.98;64.52628652252473;52;;
2026-08-09 03:37:58;86;64.56578086669757;52;;
2026-08-09 03:38:28;86.01;64.58553397280879;52;;
2026-08-09 03:38:58;86.23;65.02110407291111;52;;
2026-08-09 03:39:28;86.15;64.8624930922224;52;;
2026-08-09 03:39:58;86.11;64.78328271581394;52;;
2026-08-09 03:40:28;86.11;64.78328271581394;52;;
2026-08-09 03:40:58;86.12;64.80307936762722;52;;
2026-08-09 03:41:28;86.08;64.72391652359458;52;;
2026-08-09 03:41:58;86.09;64.74370129422151;52;;
2026-08-09 03:42:28;86.04;64.6448170323256;52;;
2026-08-09 03:42:59;86.04;64.6448170323256;52;;
2026-08-09 03:43:29;86.05;64.66458596730463;52;;
2026-08-09 03:43:59;86.08;64.72391652359458;52;;
2026-08-09 03:44:29;86.08;64.72391652359458;52;;
2026-08-09 03:44:59;86.08;64.72391652359458;52;;
2026-08-09 03:45:29;86.09;64.74370129422151;52;;
2026-08-09 03:45:59;86.06;64.68435886055994;52;;
2026-08-09 03:46:29;86.08;64.72391652359458;52;;
2026-08-09 03:46:59;86.04;64.6448170323256;52;;
2026-08-09 03:47:29;86.09;64.74370129422151;52;;
2026-08-09 03:47:59;86.08;64.72391652359458;52;;
2026-08-09 03:48:29;86.11;64.78328271581394;52;;
2026-08-09 03:48:59;86.06;64.68435886055994;52;;
2026-08-09 03:49:29;86.12;64.80307936762722;52;;
2026-08-09 03:49:59;86.08;64.72391652359458;52;;
2026-08-09 03:50:29;86.13;64.82287998068368;52;;
2026-08-09 03:50:59;86.08;64.72391652359458;52;;
2026-08-09 03:51:29;86.12;64.80307936762722;52;;
2026-08-09 03:52:00;86.16;64.88230559155258;52;;
2026-08-09 03:52:30;86.12;64.80307936762722;52;;
2026-08-09 03:53:00;86.18;64.9219424794547;52;;
2026-08-09 03:53:30;86.13;64.82287998068368;52;;
2026-08-09 03:54:00;86.22;65.00126382410029;52;;
2026-08-09 03:54:30;86.29;65.1402288646959;52;;
2026-08-09 03:55:00;86.26;65.0806486164894;52;;
2026-08-09 03:55:30;86.23;65.02110407291111;52;;
2026-08-09 03:56:00;86.29;65.1402288646959;52;;
2026-08-09 03:56:30;86.20;64.96159522250628;52;;
2026-08-09 03:57:00;86.36;65.27938835953677;52;;
2026-08-09 03:57:30;86.37;65.29928416967546;52;;
2026-08-09 03:58:00;86.29;65.1402288646959;52;;
2026-08-09 03:58:30;86.31;65.1799688717291;52;;
2026-08-09 03:59:00;86.33;65.21972475597302;52;;
2026-08-09 03:59:30;86.45;65.45859367303845;52;;
2026-08-09 04:00:00;86.51;65.57824274904281;52;;
2026-08-09 04:00:30;86.54;65.63812098155503;52;;
2026-08-09 04:01:01;86.44;65.4386660762133;52;;
2026-08-09 04:01:31;86.45;65.45859367303845;52;;
2026-08-09 04:02:01;86.44;65.4386660762133;52;;
2026-08-09 04:02:31;86.44;65.4386660762133;52;;
2026-08-09 04:03:01;86.43;65.41874245421039;52;;
2026-08-09 04:03:31;86.48;65.51840031669451;52;;
2026-08-09 04:04:01;86.48;65.51840031669451;52;;
2026-08-09 04:04:31;86.51;65.57824274904281;52;;
2026-08-09 04:05:01;86.54;65.63812098155503;52;;
2026-08-09 04:05:31;86.59;65.73799762282589;52;;
2026-08-09 04:06:01;86.55;65.65808834996741;52;;
2026-08-09 04:06:31;86.41;65.37890713297207;52;;
2026-08-09 04:07:01;86.37;65.29928416967546;52;;
2026-08-09 04:07:31;86.36;65.27938835953677;52;;
2026-08-09 04:08:01;86.48;65.51840031669451;52;;
2026-08-09 04:08:31;86.45;65.45859367303845;52;;
2026-08-09 04:09:01;86.41;65.37890713297207;52;;
2026-08-09 04:09:31;86.44;65.4386660762133;52;;
2026-08-09 04:10:02;86.41;65.37890713297207;52;;
2026-08-09 04:10:32;86.33;65.21972475597302;52;;
2026-08-09 04:11:02;86.37;65.29928416967546;52;;
2026-08-09 04:11:32;86.29;65.1402288646959;52;;
2026-08-09 04:12:02;86.40;65.35899543288744;52;;
2026-08-09 04:12:32;86.48;65.51840031669451;52;;
2026-08-09 04:13:02;86.37;65.29928416967546;52;;
2026-08-09 04:13:32;86.38;65.3191839516637;52;;
2026-08-09 04:14:02;86.38;65.3191839516637;52;;
2026-08-09 04:14:32;86.37;65.29928416967546;52;;
2026-08-09 04:15:02;86.40;65.35899543288744;52;;
2026-08-09 04:15:32;86.41;65.37890713297207;52;;
2026-08-09 04:16:02;86.47;65.49846079285426;52;;
2026-08-09 04:16:32;86.41;65.37890713297207;52;;
2026-08-09 04:17:02;86.48;65.51840031669451;52;;
2026-08-09 04:17:32;86.48;65.51840031669451;52;;
2026-08-09 04:18:02;86.40;65.35899543288744;52;;
2026-08-09 04:18:33;86.37;65.29928416967546;52;;
2026-08-09 04:19:03;86.48;65.51840031669451;52;;
2026-08-09 04:19:33;86.47;65.49846079285426;52;;
2026-08-09 04:20:03;86.45;65.45859367303845;52;;
2026-08-09 04:20:33;86.51;65.57824274904281;52;;
2026-08-09 04:21:03;86.44;65.4386660762133;52;;
2026-08-09 04:21:33;86.47;65.49846079285426;52;;
2026-08-09 04:22:03;86.41;65.37890713297207;52;;
2026-08-09 04:22:33;86.41;65.37890713297207;52;;
2026-08-09 04:23:03;86.43;65.41874245421039;52;;
2026-08-09 04:23:33;86.37;65.29928416967546;52;;
2026-08-09 04:24:03;86.40;65.35899543288744;52;;
2026-08-09 04:24:33;86.29;65.1402288646959;52;;
2026-08-09 04:25:03;86.43;65.41874245421039;52;;
2026-08-09 04:25:33;86.41;65.37890713297207;52;;
2026-08-09 04:26:03;86.48;65.51840031669451;52;;
2026-08-09 04:26:33;86.47;65.49846079285426;52;;
2026-08-09 04:27:03;86.45;65.45859367303845;52;;
2026-08-09 04:27:34;86.45;65.45859367303845;52;;
2026-08-09 04:28:04;86.51;65.57824274904281;52;;
2026-08-09 04:28:34;86.45;65.45859367303845;52;;
2026-08-09 04:29:04;86.55;65.65808834996741;52;;
2026-08-09 04:29:34;86.47;65.49846079285426;52;;
2026-08-09 04:30:04;86.45;65.45859367303845;52;;
2026-08-09 04:30:34;86.47;65.49846079285426;52;;
2026-08-09 04:31:04;86.41;65.37890713297207;52;;
2026-08-09 04:31:34;86.51;65.57824274904281;52;;
2026-08-09 04:32:04;86.44;65.4386660762133;52;;
2026-08-09 04:32:34;86.43;65.41874245421039;52;;
2026-08-09 04:33:04;86.58;65.71801433387985;52;;
2026-08-09 04:33:34;86.47;65.49846079285426;52;;
2026-08-09 04:34:04;86.43;65.41874245421039;52;;
2026-08-09 04:34:34;86.43;65.41874245421039;52;;
2026-08-09 04:35:04;86.37;65.29928416967546;52;;
2026-08-09 04:35:34;86.45;65.45859367303845;52;;
2026-08-09 04:36:04;86.37;65.29928416967546;52;;
2026-08-09 04:36:35;86.37;65.29928416967546;52;;
2026-08-09 04:37:05;86.40;65.35899543288744;52;;
2026-08-09 04:37:35;86.44;65.4386660762133;52;;
2026-08-09 04:38:05;86.38;65.3191839516637;52;;
2026-08-09 04:38:35;86.41;65.37890713297207;52;;
2026-08-09 04:39:05;86.48;65.51840031669451;52;;
2026-08-09 04:39:35;86.44;65.4386660762133;52;;
2026-08-09 04:40:05;86.48;65.51840031669451;52;;
2026-08-09 04:40:35;86.48;65.51840031669451;52;;
2026-08-09 04:41:05;86.48;65.51840031669451;52;;
2026-08-09 04:41:35;86.52;65.59819818151766;52;;
2026-08-09 04:42:05;86.51;65.57824274904281;52;;
2026-08-09 04:42:35;86.62;65.79797137854109;52;;
2026-08-09 04:43:05;86.51;65.57824274904281;52;;
2026-08-09 04:43:35;86.51;65.57824274904281;52;;
2026-08-09 04:44:05;86.48;65.51840031669451;52;;
2026-08-09 04:44:35;86.56;65.67805969787568;52;;
2026-08-09 04:45:06;86.52;65.59819818151766;52;;
2026-08-09 04:45:36;86.58;65.71801433387985;52;;
2026-08-09 04:46:06;86.56;65.67805969787568;52;;
2026-08-09 04:46:36;86.55;65.65808834996741;52;;
2026-08-09 04:47:06;86.48;65.51840031669451;52;;
2026-08-09 04:47:36;86.55;65.65808834996741;52;;
2026-08-09 04:48:06;86.48;65.51840031669451;52;;
2026-08-09 04:48:36;86.56;65.67805969787568;52;;
2026-08-09 04:49:06;86.50;65.55829129436394;52;;
2026-08-09 04:49:36;86.52;65.59819818151766;52;;
2026-08-09 04:50:06;86.48;65.51840031669451;52;;
2026-08-09 04:50:36;86.52;65.59819818151766;52;;
2026-08-09 04:51:06;86.52;65.59819818151766;52;;
2026-08-09 04:51:36;86.51;65.57824274904281;52;;
2026-08-09 04:52:06;86.52;65.59819818151766;52;;
2026-08-09 04:52:36;86.52;65.59819818151766;52;;
2026-08-09 04:53:06;86.52;65.59819818151766;52;;
2026-08-09 04:53:36;86.45;65.45859367303845;52;;
2026-08-09 04:54:07;86.47;65.49846079285426;52;;
2026-08-09 04:54:37;86.62;65.79797137854109;52;;
2026-08-09 04:55:07;86.63;65.81797059482233;52;;
2026-08-09 04:55:37;86.58;65.71801433387985;52;;
2026-08-09 04:56:07;86.55;65.65808834996741;52;;
2026-08-09 04:56:37;86.55;65.65808834996741;52;;
2026-08-09 04:57:07;86.55;65.65808834996741;52;;
2026-08-09 04:57:37;86.65;65.85798097650036;52;;
2026-08-09 04:58:07;86.61;65.77797614473135;52;;
2026-08-09 04:58:37;86.62;65.79797137854109;52;;
2026-08-09 04:59:07;86.61;65.77797614473135;52;;
2026-08-09 04:59:37;86.62;65.79797137854109;52;;
2026-08-09 05:00:07;86.68;65.91802642818497;52;;
2026-08-09 05:00:37;86.63;65.81797059482233;52;;
2026-08-09 05:01:07;86.62;65.79797137854109;52;;
2026-08-09 05:01:37;86.59;65.73799762282589;52;;
2026-08-09 05:02:07;86.62;65.79797137854109;52;;
2026-08-09 05:02:37;86.68;65.91802642818497;52;;
2026-08-09 05:03:08;86.58;65.71801433387985;52;;
2026-08-09 05:03:38;86.62;65.79797137854109;52;;
2026-08-09 05:04:08;86.65;65.85798097650036;52;;
2026-08-09 05:04:38;86.61;65.77797614473135;52;;
2026-08-09 05:05:08;86.51;65.57824274904281;52;;
2026-08-09 05:05:38;86.51;65.57824274904281;52;;
2026-08-09 05:06:08;86.51;65.57824274904281;52;;
2026-08-09 05:06:38;86.45;65.45859367303845;52;;
2026-08-09 05:07:08;86.47;65.49846079285426;52;;
2026-08-09 05:07:38;86.41;65.37890713297207;52;;
2026-08-09 05:08:08;86.45;65.45859367303845;52;;
2026-08-09 05:08:38;86.41;65.37890713297207;52;;
2026-08-09 05:09:08;86.33;65.21972475597302;52;;
2026-08-09 05:09:38;86.43;65.41874245421039;52;;
2026-08-09 05:10:08;86.47;65.49846079285426;52;;
2026-08-09 05:10:38;86.38;65.3191839516637;52;;
2026-08-09 05:11:08;86.33;65.21972475597302;52;;
2026-08-09 05:11:38;86.38;65.3191839516637;52;;
2026-08-09 05:12:09;86.33;65.21972475597302;52;;
2026-08-09 05:12:39;86.33;65.21972475597302;52;;
2026-08-09 05:13:09;86.29;65.1402288646959;52;;
2026-08-09 05:13:39;86.37;65.29928416967546;52;;
2026-08-09 05:14:09;86.38;65.3191839516637;52;;
2026-08-09 05:14:39;86.29;65.1402288646959;52;;
2026-08-09 05:15:09;86.26;65.0806486164894;52;;
2026-08-09 05:15:39;86.29;65.1402288646959;52;;
2026-08-09 05:16:09;86.36;65.27938835953677;52;;
2026-08-09 05:16:39;86.30;65.16009688377336;52;;
2026-08-09 05:17:09;86.30;65.16009688377336;52;;
2026-08-09 05:17:39;86.31;65.1799688717291;52;;
2026-08-09 05:18:09;86.30;65.16009688377336;52;;
2026-08-09 05:18:39;86.29;65.1402288646959;52;;
2026-08-09 05:19:09;86.29;65.1402288646959;52;;
2026-08-09 05:19:39;86.27;65.10050473147824;52;;
2026-08-09 05:20:09;86.33;65.21972475597302;52;;
2026-08-09 05:20:40;86.26;65.0806486164894;52;;
2026-08-09 05:21:10;86.25;65.06079646868139;52;;
2026-08-09 05:21:40;86.26;65.0806486164894;52;;
2026-08-09 05:22:10;86.18;64.9219424794547;52;;
2026-08-09 05:22:40;86.23;65.02110407291111;52;;
2026-08-09 05:23:10;86.23;65.02110407291111;52;;
2026-08-09 05:23:40;86.20;64.96159522250628;52;;
2026-08-09 05:24:10;86.13;64.82287998068368;52;;
2026-08-09 05:24:40;86.16;64.88230559155258;52;;
2026-08-09 05:25:10;86.13;64.82287998068368;52;;
2026-08-09 05:25:40;86.16;64.88230559155258;52;;
2026-08-09 05:26:10;86.11;64.78328271581394;52;;
2026-08-09 05:26:40;86.08;64.72391652359458;52;;
2026-08-09 05:27:10;86.09;64.74370129422151;52;;
2026-08-09 05:27:40;86.11;64.78328271581394;52;;
2026-08-09 05:28:10;86.12;64.80307936762722;52;;
2026-08-09 05:28:40;86.12;64.80307936762722;52;;
2026-08-09 05:29:10;86.06;64.68435886055994;52;;
2026-08-09 05:29:41;86.01;64.58553397280879;52;;
2026-08-09 05:30:11;86.02;64.60529103550141;52;;
2026-08-09 05:30:41;86.05;64.66458596730463;52;;
2026-08-09 05:31:11;86.08;64.72391652359458;52;;
2026-08-09 05:31:41;86.02;64.60529103550141;52;;
2026-08-09 05:32:11;86.06;64.68435886055994;52;;
2026-08-09 05:32:41;86.08;64.72391652359458;52;;
2026-08-09 05:33:11;86.05;64.66458596730463;52;;
2026-08-09 05:33:41;86.02;64.60529103550141;52;;
2026-08-09 05:34:11;86.04;64.6448170323256;52;;
2026-08-09 05:34:41;86.05;64.66458596730463;52;;
2026-08-09 05:35:11;86.01;64.58553397280879;52;;
2026-08-09 05:35:41;86.05;64.66458596730463;52;;
2026-08-09 05:36:11;86.02;64.60529103550141;52;;
2026-08-09 05:36:41;86.01;64.58553397280879;52;;
2026-08-09 05:37:11;86.04;64.6448170323256;52;;
2026-08-09 05:37:41;86.04;64.6448170323256;52;;
2026-08-09 05:38:11;86.04;64.6448170323256;52;;
2026-08-09 05:38:42;86.01;64.58553397280879;52;;
2026-08-09 05:39:12;85.20;62.99831422587147;52;;
2026-08-09 05:39:42;85.68;63.9357680121106;52;;
2026-08-09 05:40:12;86.51;65.57824274904281;52;;
2026-08-09 05:40:42;87.01;66.58089602822665;52;;
2026-08-09 05:41:12;87.38;67.32929299739791;52;;
2026-08-09 05:41:42;87.88;68.34937660520427;52;;
2026-08-09 05:42:12;88;68.59569613751482;52;;
2026-08-09 05:42:42;88.05;68.69850099245794;52;;
2026-08-09 05:43:12;88.19;68.98689254712563;52;;
2026-08-09 05:43:42;88.41;69.44168334617275;52;;
2026-08-09 05:44:12;88.58;69.79445791640556;52;;
2026-08-09 05:44:42;88.76;70.16926485999342;52;;
2026-08-09 05:45:12;88.83;70.31537945633602;52;;
2026-08-09 05:45:42;88.91;70.48261219844673;52;;
2026-08-09 05:46:12;88.98;70.62915506669873;52;;
2026-08-09 05:46:42;88.98;70.62915506669873;52;;
2026-08-09 05:47:12;89;70.67106120285318;52;;
2026-08-09 05:47:43;89;70.67106120285318;52;;
2026-08-09 05:48:13;89;70.67106120285318;52;;
2026-08-09 05:48:43;89;70.67106120285318;52;;
2026-08-09 05:49:13;89;70.67106120285318;52;;
2026-08-09 05:49:43;89.01;70.69202039729056;52;;
2026-08-09 05:50:13;89.01;70.69202039729056;52;;
2026-08-09 05:50:43;89.01;70.69202039729056;52;;
2026-08-09 05:51:13;89.01;70.69202039729056;52;;
2026-08-09 05:51:43;89.01;70.69202039729056;52;;
2026-08-09 05:52:13;89.01;70.69202039729056;52;;
2026-08-09 05:52:43;89.01;70.69202039729056;52;;
2026-08-09 05:53:13;89.01;70.69202039729056;52;;
2026-08-09 05:53:43;89.01;70.69202039729056;52;;
2026-08-09 05:54:13;89.01;70.69202039729056;52;;
2026-08-09 05:54:43;89;70.67106120285318;52;;
2026-08-09 05:55:13;89;70.67106120285318;52;;
2026-08-09 05:55:43;89;70.67106120285318;52;;
2026-08-09 05:56:14;89.01;70.69202039729056;52;;
2026-08-09 05:56:44;89.01;70.69202039729056;52;;
2026-08-09 05:57:14;89.01;70.69202039729056;52;;
2026-08-09 05:57:44;89.01;70.69202039729056;52;;
2026-08-09 05:58:14;89.01;70.69202039729056;52;;
2026-08-09 05:58:44;89.01;70.69202039729056;52;;
2026-08-09 05:59:14;89.01;70.69202039729056;52;;
2026-08-09 05:59:44;89.06;70.79687765032968;52;;
2026-08-09 06:00:14;89.04;70.75492249121828;52;;
2026-08-09 06:00:44;89.04;70.75492249121828;52;;
2026-08-09 06:01:14;89.02;70.71298367654292;52;;
2026-08-09 06:01:44;89.01;70.69202039729056;52;;
2026-08-09 06:02:14;89.01;70.69202039729056;52;;
2026-08-09 06:02:44;89.01;70.69202039729056;52;;
2026-08-09 06:03:14;89;70.67106120285318;52;;
2026-08-09 06:03:44;89;70.67106120285318;52;;
2026-08-09 06:04:14;89;70.67106120285318;52;;
2026-08-09 06:04:44;89;70.67106120285318;52;;
2026-08-09 06:05:15;89;70.67106120285318;52;;
2026-08-09 06:05:45;89;70.67106120285318;52;;
2026-08-09 06:06:15;88.98;70.62915506669873;52;;
2026-08-09 06:06:45;89;70.67106120285318;52;;
2026-08-09 06:07:15;89;70.67106120285318;52;;
2026-08-09 06:07:45;88.98;70.62915506669873;52;;
2026-08-09 06:08:15;88.98;70.62915506669873;52;;
2026-08-09 06:08:45;88.98;70.62915506669873;52;;
2026-08-09 06:09:15;88.98;70.62915506669873;52;;
2026-08-09 06:09:45;88.95;70.56632648779964;52;;
2026-08-09 06:10:15;88.94;70.54539179319728;52;;
2026-08-09 06:10:45;88.91;70.48261219844673;52;;
2026-08-09 06:11:15;88.93;70.52446118039171;52;;
2026-08-09 06:11:45;88.87;70.39896319715275;52;;
2026-08-09 06:12:15;88.91;70.48261219844673;52;;
2026-08-09 06:12:45;88.87;70.39896319715275;52;;
2026-08-09 06:13:15;88.91;70.48261219844673;52;;
2026-08-09 06:13:45;88.94;70.54539179319728;52;;
2026-08-09 06:14:16;88.88;70.41986932822917;52;;
2026-08-09 06:14:46;88.91;70.48261219844673;52;;
2026-08-09 06:15:16;88.88;70.41986932822917;52;;
2026-08-09 06:15:46;88.90;70.46169382844525;52;;
2026-08-09 06:16:16;88.83;70.31537945633602;52;;
2026-08-09 06:16:46;88.80;70.25273446132336;52;;
2026-08-09 06:17:16;88.83;70.31537945633602;52;;
2026-08-09 06:17:46;88.83;70.31537945633602;52;;
2026-08-09 06:18:16;88.73;70.10670543793738;52;;
2026-08-09 06:18:46;88.73;70.10670543793738;52;;
2026-08-09 06:19:16;88.66;69.96087597928506;52;;
2026-08-09 06:19:46;88.66;69.96087597928506;52;;
2026-08-09 06:20:16;88.65;69.94005948186627;52;;
2026-08-09 06:20:46;88.58;69.79445791640556;52;;
2026-08-09 06:21:16;88.48;69.58680127849034;52;;
2026-08-09 06:21:46;88.48;69.58680127849034;52;;
2026-08-09 06:22:16;88.54;69.71134648979427;52;;
2026-08-09 06:22:47;88.48;69.58680127849034;52;;
2026-08-09 06:23:17;88.51;69.64905559936568;52;;
2026-08-09 06:23:47;88.41;69.44168334617275;52;;
2026-08-09 06:24:17;88.41;69.44168334617275;52;;
2026-08-09 06:24:47;88.41;69.44168334617275;52;;
2026-08-09 06:25:17;88.52;69.66981516565154;52;;
2026-08-09 06:25:47;88.48;69.58680127849034;52;;
2026-08-09 06:26:17;88.51;69.64905559936568;52;;
2026-08-09 06:26:47;88.41;69.44168334617275;52;;
2026-08-09 06:27:17;88.37;69.35884812054812;52;;
2026-08-09 06:27:47;88.41;69.44168334617275;52;;
2026-08-09 06:28:17;88.37;69.35884812054812;52;;
2026-08-09 06:28:47;88.27;69.15204400499888;52;;
2026-08-09 06:29:17;88.38;69.37955083998047;52;;
2026-08-09 06:29:47;88.37;69.35884812054812;52;;
2026-08-09 06:30:17;88.30;69.21404266392418;52;;
2026-08-09 06:30:47;88.33;69.27607781118655;52;;
2026-08-09 06:31:17;88.29;69.1933723905953;52;;
2026-08-09 06:31:48;88.23;69.06943586602864;52;;
2026-08-09 06:32:18;88.22;69.04879396049476;52;;
2026-08-09 06:32:48;88.16;68.92502757959235;52;;
2026-08-09 06:33:18;88.19;68.98689254712563;52;;
2026-08-09 06:33:48;88.16;68.92502757959235;52;;
2026-08-09 06:34:18;88.11;68.82200025964845;52;;
2026-08-09 06:34:48;88.13;68.8631990463086;52;;
2026-08-09 06:35:18;88.16;68.92502757959235;52;;
2026-08-09 06:35:48;88.19;68.98689254712563;52;;
2026-08-09 06:36:18;88.15;68.90441402081996;52;;
2026-08-09 06:36:48;88.19;68.98689254712563;52;;
2026-08-09 06:37:18;88.19;68.98689254712563;52;;
2026-08-09 06:37:48;88.30;69.21404266392418;52;;
2026-08-09 06:38:18;88.37;69.35884812054812;52;;
2026-08-09 06:38:48;88.48;69.58680127849034;52;;
2026-08-09 06:39:18;88.48;69.58680127849034;52;;
2026-08-09 06:39:48;88.30;69.21404266392418;52;;
2026-08-09 06:40:18;88.27;69.15204400499888;52;;
2026-08-09 06:40:49;88.23;69.06943586602864;52;;
2026-08-09 06:41:19;88.11;68.82200025964845;52;;
2026-08-09 06:41:49;88.16;68.92502757959235;52;;
2026-08-09 06:42:19;88.11;68.82200025964845;52;;
2026-08-09 06:42:49;88.08;68.76023242437194;52;;
2026-08-09 06:43:19;88.08;68.76023242437194;52;;
2026-08-09 06:43:49;88.15;68.90441402081996;52;;
2026-08-09 06:44:19;88.12;68.84259762971166;52;;
2026-08-09 06:44:49;88.11;68.82200025964845;52;;
2026-08-09 06:45:19;88.16;68.92502757959235;52;;
2026-08-09 06:45:49;88.40;69.42096845236317;52;;
2026-08-09 06:46:19;88.38;69.37955083998047;52;;
2026-08-09 06:46:49;88.34;69.29676430413086;52;;
2026-08-09 06:47:19;88.41;69.44168334617275;52;;
2026-08-09 06:47:49;88.37;69.35884812054812;52;;
2026-08-09 06:48:19;88.27;69.15204400499888;52;;
2026-08-09 06:48:49;88.16;68.92502757959235;52;;
2026-08-09 06:49:19;88.09;68.78081765740748;52;;
2026-08-09 06:49:50;88.09;68.78081765740748;52;;
2026-08-09 06:50:20;88.05;68.69850099245794;52;;
2026-08-09 06:50:50;88.08;68.76023242437194;52;;
2026-08-09 06:51:20;88.04;68.67793193612138;52;;
2026-08-09 06:51:50;88.04;68.67793193612138;52;;
2026-08-09 06:52:20;88.01;68.61624902401307;52;;
2026-08-09 06:52:50;88.05;68.69850099245794;52;;
2026-08-09 06:53:20;88.04;68.67793193612138;52;;
2026-08-09 06:53:50;88.08;68.76023242437194;52;;
2026-08-09 06:54:20;88.01;68.61624902401307;52;;
2026-08-09 06:54:50;88.02;68.63680595232769;52;;
2026-08-09 06:55:20;88.01;68.61624902401307;52;;
2026-08-09 06:55:50;88.01;68.61624902401307;52;;
2026-08-09 06:56:20;88.01;68.61624902401307;52;;
2026-08-09 06:56:50;88;68.59569613751482;52;;
2026-08-09 06:57:20;88.01;68.61624902401307;52;;
2026-08-09 06:57:51;88.02;68.63680595232769;52;;
2026-08-09 06:58:21;88.01;68.61624902401307;52;;
2026-08-09 06:58:51;88.01;68.61624902401307;52;;
2026-08-09 06:59:21;88;68.59569613751482;52;;
2026-08-09 06:59:51;88;68.59569613751482;52;;
2026-08-09 07:00:21;88.01;68.61624902401307;52;;
2026-08-09 07:00:51;88;68.59569613751482;52;;
2026-08-09 07:01:21;88.01;68.61624902401307;52;;
2026-08-09 07:01:51;88;68.59569613751482;52;;
2026-08-09 07:02:21;88;68.59569613751482;52;;
2026-08-09 07:02:51;88;68.59569613751482;52;;
2026-08-09 07:03:21;88.02;68.63680595232769;52;;
2026-08-09 07:03:51;88.02;68.63680595232769;52;;
2026-08-09 07:04:21;88.23;69.06943586602864;52;;
2026-08-09 07:04:51;87.41;67.39021443398168;52;;
2026-08-09 07:05:21;86.26;65.0806486164894;52;;
2026-08-09 07:05:51;85.70;63.97502539327036;52;;
2026-08-09 07:06:21;85.08;62.76536464664115;52;;
2026-08-09 07:06:51;85;62.61037835509018;52;;
2026-08-09 07:07:22;84.91;62.436318181011956;52;;
2026-08-09 07:07:52;84.44;61.53247598741085;52;;
2026-08-09 07:08:22;84.01;60.713085489328584;52;;
2026-08-09 07:08:52;83.81;60.33441522824255;52;;
2026-08-09 07:09:22;83.51;59.769306768854186;52;;
2026-08-09 07:09:52;83.44;59.637947303461964;52;;
2026-08-09 07:10:22;83.13;59.05847733411215;52;;
2026-08-09 07:10:52;82.95;58.72370318844984;52;;
2026-08-09 07:11:22;82.52;57.92898093985825;52;;
2026-08-09 07:11:52;82.26;57.45187107882914;52;;
2026-08-09 07:12:22;82.47;57.8370292326876;52;;
2026-08-09 07:12:52;82.77;58.390169342584926;52;;
2026-08-09 07:13:22;82.80;58.4456722879601;52;;
2026-08-09 07:13:52;82.45;57.80027520965952;52;;
2026-08-09 07:14:22;82.08;57.12306926120246;52;;
2026-08-09 07:14:52;82;56.977329627798014;52;;
2026-08-09 07:15:22;82.01;56.99553381735059;52;;
2026-08-09 07:15:52;82;56.977329627798014;52;;
2026-08-09 07:16:23;82;56.977329627798014;52;;
2026-08-09 07:16:53;82.04;57.050169122049454;52;;
2026-08-09 07:17:23;82.05;57.06838847034296;52;;
2026-08-09 07:17:53;82.02;57.013741795967334;52;;
2026-08-09 07:18:23;82.01;56.99553381735059;52;;
2026-08-09 07:18:53;82.05;57.06838847034296;52;;
2026-08-09 07:19:23;82.02;57.013741795967334;52;;
2026-08-09 07:19:53;82.01;56.99553381735059;52;;
2026-08-09 07:20:23;82;56.977329627798014;52;;
2026-08-09 07:20:53;82.01;56.99553381735059;52;;
2026-08-09 07:21:23;81.98;56.94093261422949;52;;
2026-08-09 07:21:53;81.68;56.39679371173146;52;;
2026-08-09 07:22:23;81.44;55.963929594923826;52;;
2026-08-09 07:22:53;81.73;56.4872472639505;52;;
2026-08-09 07:23:23;81.22;55.5690429724355;52;;
2026-08-09 07:23:53;80.98;55.14033096454276;52;;
2026-08-09 07:24:23;80.90;54.997906800781074;52;;
2026-08-09 07:24:54;80.97;55.12251483548633;52;;
2026-08-09 07:25:24;81.01;55.19380183262881;52;;
2026-08-09 07:25:54;81.01;55.19380183262881;52;;
2026-08-09 07:26:24;80.91;55.0156967155457;52;;
2026-08-09 07:26:54;80.41;54.130778403671506;52;;
2026-08-09 07:27:24;80.37;54.06038771568239;52;;
2026-08-09 07:27:54;80.66;54.572070876333896;52;;
2026-08-09 07:28:24;80.30;53.937347272875;52;;
2026-08-09 07:28:54;80.05;53.49940357972575;52;;
2026-08-09 07:29:24;80.23;53.81448904189749;52;;
2026-08-09 07:29:54;80.20;53.761891258618014;52;;
2026-08-09 07:30:24;80.12;53.621793911567266;52;;
2026-08-09 07:30:54;80.12;53.621793911567266;52;;
2026-08-09 07:31:24;80.05;53.49940357972575;52;;
2026-08-09 07:31:54;79.98;53.3771949577537;52;;
2026-08-09 07:32:24;79.97;53.359751408456376;52;;
2026-08-09 07:32:54;79.98;53.3771949577537;52;;
2026-08-09 07:33:24;79.63;52.768872583010335;52;;
2026-08-09 07:33:55;79.08;51.82206637951823;52;;
2026-08-09 07:34:25;78.62;51.03871746025991;52;;
2026-08-09 07:34:55;78.02;50.02855911683153;52;;
2026-08-09 07:35:25;77.23;48.718410200046534;52;;
2026-08-09 07:35:55;76.30;47.20481113664683;52;;
2026-08-09 07:36:25;76.61;47.705910519429565;52;;
2026-08-09 07:36:55;76.23;47.09213308868716;52;;
2026-08-09 07:37:25;75.41;45.785120680682255;52;;
2026-08-09 07:37:55;75.22;45.48566256480316;52;;
2026-08-09 07:38:25;76.18;47.011755383899256;52;;
2026-08-09 07:38:55;76.83;48.063609360365064;52;;
2026-08-09 07:39:25;75.97;46.67513801801616;52;;
2026-08-09 07:39:55;74.77;44.78147365692781;52;;
2026-08-09 07:40:25;73.79;43.27234871658341;52;;
2026-08-09 07:40:55;72.98;42.05008390365522;52;;
2026-08-09 07:41:25;72.26;40.98249414176473;52;;
2026-08-09 07:41:55;71.91;40.46989500300952;52;;
2026-08-09 07:42:26;71.12;39.32809001353708;52;;
2026-08-09 07:42:56;70.98;39.12793207031094;52;;
2026-08-09 07:43:26;70.63;38.63040396713062;52;;
2026-08-09 07:43:56;70.41;38.319762388007604;52;;
2026-08-09 07:44:26;71.69;40.14981157940547;52;;
2026-08-09 07:44:56;72.52;41.365974173334706;52;;
2026-08-09 07:45:26;73.27;42.4850920186752;52;;
2026-08-09 07:45:56;73.94;43.50117635680603;52;;
2026-08-09 07:46:26;72.87;41.885834701630785;52;;
2026-08-09 07:46:56;71.95;40.528267744814016;52;;
2026-08-09 07:47:26;71.19;39.428415242516536;52;;
2026-08-09 07:47:56;71.52;39.90359296906156;52;;
2026-08-09 07:48:26;72.41;41.20345200787613;52;;
2026-08-09 07:48:56;71.98;40.572082830094985;52;;
2026-08-09 07:49:26;71.08;39.270835049590495;52;;
2026-08-09 07:49:56;70.62;38.616248938234186;52;;
2026-08-09 07:50:26;70.01;37.75907797218637;52;;
2026-08-09 07:50:56;69.86;37.55018724975375;52;;
2026-08-09 07:51:27;69.33;36.81804857038714;52;;
2026-08-09 07:51:57;69.01;36.38046943728104;52;;
2026-08-09 07:52:27;68.97;36.32600769972898;52;;
2026-08-09 07:52:57;68.73;36.00033439573648;52;;
2026-08-09 07:53:27;68.37;35.51534200484809;52;;
2026-08-09 07:53:57;68.06;35.101079918149274;52;;
2026-08-09 07:54:27;68.80;36.095128321737384;52;;
2026-08-09 07:54:57;68.86;36.17650744204813;52;;
2026-08-09 07:55:27;68.20;35.28778064054055;52;;
2026-08-09 07:55:57;68.02;35.0478532788405;52;;
2026-08-09 07:56:27;68;35.02125934783133;52;;
2026-08-09 07:56:57;68;35.02125934783133;52;;
2026-08-09 07:57:27;68.02;35.0478532788405;52;;
2026-08-09 07:57:57;69.34;36.83177700108303;52;;
2026-08-09 07:58:27;69.95;37.67543243751449;52;;
2026-08-09 07:58:57;69.26;36.7220414226632;52;;
2026-08-09 07:59:27;70.34;38.221259435484036;52;;
2026-08-09 07:59:58;70.94;39.07086458524383;52;;
2026-08-09 08:00:28;70.01;37.75907797218637;52;;
2026-08-09 08:00:58;69.37;36.872981987505455;52;;
2026-08-09 08:01:28;69.05;36.43498348465778;52;;
2026-08-09 08:01:58;68.98;36.339618231423856;52;;
2026-08-09 08:02:28;68.80;36.095128321737384;52;;
2026-08-09 08:02:58;68.47;35.64963953887329;52;;
2026-08-09 08:03:28;68.09;35.1410338398807;52;;
2026-08-09 08:03:58;68.01;35.034554697936116;52;;
2026-08-09 08:04:28;68.33;35.461713863346915;52;;
2026-08-09 08:04:58;69.19;36.62619494761363;52;;
2026-08-09 08:05:28;69.04;36.42135006741449;52;;
2026-08-09 08:05:58;68.91;36.2444131202089;52;;
2026-08-09 08:06:28;68.51;35.70344948935234;52;;
2026-08-09 08:06:58;68.30;35.42152681133177;52;;
2026-08-09 08:07:28;68.22;35.31450395747341;52;;
2026-08-09 08:07:58;69.62;37.217507021013475;52;;
2026-08-09 08:08:28;70.80;38.87154960846225;52;;
2026-08-09 08:08:59;70.55;38.51725700583438;52;;
2026-08-09 08:09:29;70.18;37.99672066874088;52;;
2026-08-09 08:09:59;71.25;39.51453910020962;52;;
2026-08-09 08:10:29;72.41;41.20345200787613;52;;
2026-08-09 08:10:59;73.26;42.4700436931126;52;;
2026-08-09 08:11:29;74.05;43.66947832455426;52;;
2026-08-09 08:11:59;74.83;44.874955775498286;52;;
2026-08-09 08:12:29;75;45.14050585105332;52;;
2026-08-09 08:12:59;74.98;45.10921213746638;52;;
2026-08-09 08:13:29;74.83;44.874955775498286;52;;
2026-08-09 08:13:59;74.02;43.62353621032792;52;;
2026-08-09 08:14:29;74;43.59292546212719;52;;
2026-08-09 08:14:59;74.73;44.71922215477824;52;;
2026-08-09 08:15:29;74.97;45.09357053628393;52;;
2026-08-09 08:15:59;75.51;45.94324055167614;52;;
2026-08-09 08:16:29;74.98;45.10921213746638;52;;
2026-08-09 08:16:59;73.87;43.39429326199915;52;;
2026-08-09 08:17:30;73.11;42.24473083546376;52;;
2026-08-09 08:18:00;72.58;41.454796311373535;52;;
2026-08-09 08:18:30;71.98;40.572082830094985;52;;
2026-08-09 08:19:00;71.27;39.543273900052135;52;;
2026-08-09 08:19:30;70.93;39.05660607576268;52;;
2026-08-09 08:20:00;70.48;38.41842820028266;52;;
2026-08-09 08:20:30;70.23;38.06679780365526;52;;
2026-08-09 08:21:00;70.30;38.1650451033768;52;;
2026-08-09 08:21:30;70.43;38.34793599590578;52;;
2026-08-09 08:22:00;70.95;39.08512643904896;52;;
2026-08-09 08:22:30;70.12;37.91273748837324;52;;
2026-08-09 08:23:00;69.84;37.52239132096329;52;;
2026-08-09 08:23:30;69.30;36.776882967213766;52;;
2026-08-09 08:24:00;69.04;36.42135006741449;52;;
2026-08-09 08:24:30;68.98;36.339618231423856;52;;
2026-08-09 08:25:00;68.88;36.20365991990552;52;;
2026-08-09 08:25:30;68.55;35.75731144077196;52;;
2026-08-09 08:26:00;68.27;35.381368936995806;52;;
2026-08-09 08:26:31;68.08;35.12771263260537;52;;
2026-08-09 08:27:01;68.01;35.034554697936116;52;;
2026-08-09 08:27:31;68.01;35.034554697936116;52;;
2026-08-09 08:28:01;68.11;35.16768595645026;52;;
2026-08-09 08:28:31;68.38;35.52875715091388;52;;
2026-08-09 08:29:01;68.66;35.905700138560114;52;;
2026-08-09 08:29:31;68.91;36.2444131202089;52;;
2026-08-09 08:30:01;70.04;37.80094539382955;52;;
2026-08-09 08:30:31;70.94;39.07086458524383;52;;
2026-08-09 08:31:01;70.73;38.77213759336295;52;;
2026-08-09 08:31:31;70.13;37.926726401861195;52;;
2026-08-09 08:32:01;70.69;38.71540413109964;52;;
2026-08-09 08:32:31;70.98;39.12793207031094;52;;
2026-08-09 08:33:01;71.37;39.68714939456913;52;;
2026-08-09 08:33:31;71.91;40.46989500300952;52;;
2026-08-09 08:34:01;72.16;40.835613480384595;52;;
2026-08-09 08:34:31;72.73;41.67738869497407;52;;
2026-08-09 08:35:02;73.11;42.24473083546376;52;;
2026-08-09 08:35:32;73.08;42.199760902245565;52;;
2026-08-09 08:36:02;73;42.07999189601293;52;;
2026-08-09 08:36:32;73.04;42.139848985458904;52;;
2026-08-09 08:37:02;73.62;43.01395077879342;52;;
2026-08-09 08:37:32;74.01;43.60822910369682;52;;
2026-08-09 08:38:02;74.87;44.93734713525776;52;;
2026-08-09 08:38:32;75.12;45.328562614149995;52;;
2026-08-09 08:39:02;75.06;45.234471110277994;52;;
2026-08-09 08:39:32;75;45.14050585105332;52;;
2026-08-09 08:40:02;75.08;45.265820913467564;52;;
2026-08-09 08:40:32;75.83;46.45159474213511;52;;
2026-08-09 08:41:02;76;46.72313046150427;52;;
2026-08-09 08:41:32;76.02;46.75514314493078;52;;
2026-08-09 08:42:02;76.02;46.75514314493078;52;;
2026-08-09 08:42:32;76.29;47.18870360672235;52;;
2026-08-09 08:43:02;76.87;48.128831426775804;52;;
2026-08-09 08:43:32;77.18;48.63624616792112;52;;
2026-08-09 08:44:03;77.90;49.828096553829994;52;;
2026-08-09 08:44:33;78.30;50.49833670176854;52;;
2026-08-09 08:45:03;78.97;51.634039065823956;52;;
2026-08-09 08:45:33;79.11;51.87342357696269;52;;
2026-08-09 08:46:03;79.69;52.872834799474624;52;;
2026-08-09 08:46:33;79.98;53.3771949577537;52;;
2026-08-09 08:47:03;80.08;53.5518343207084;52;;
2026-08-09 08:47:33;80.51;54.307015799538654;52;;
2026-08-09 08:48:03;80.97;55.12251483548633;52;;
2026-08-09 08:48:33;81.01;55.19380183262881;52;;
2026-08-09 08:49:03;81.51;56.089957327705235;52;;
2026-08-09 08:49:33;81.94;56.86818403764834;52;;
2026-08-09 08:50:03;82.01;56.99553381735059;52;;
2026-08-09 08:50:33;82.15;57.25079051123713;52;;
2026-08-09 08:51:03;82.73;58.316218901834155;52;;
2026-08-09 08:51:33;82.95;58.72370318844984;52;;
2026-08-09 08:52:03;83;58.81657149018314;52;;
2026-08-09 08:52:34;83.16;59.11439378025557;52;;
2026-08-09 08:53:04;83.79;60.29663326468661;52;;
2026-08-09 08:53:34;83.98;60.65618628734666;52;;
2026-08-09 08:54:04;84;60.694115216886466;52;;
2026-08-09 08:54:34;84.05;60.78900530668273;52;;
2026-08-09 08:55:04;84.27;61.2076729894503;52;;
2026-08-09 08:55:34;84.63;61.896821705012876;52;;
2026-08-09 08:56:04;84.86;62.339754958407084;52;;
2026-08-09 08:56:34;84.98;62.571670929796355;52;;
2026-08-09 08:57:04;85;62.61037835509018;52;;
2026-08-09 08:57:34;85.01;62.62973793840193;52;;
2026-08-09 08:58:04;85.08;62.76536464664115;52;;
2026-08-09 08:58:34;85.23;63.05663984499308;52;;
2026-08-09 08:59:04;85.47;63.524517004622254;52;;
2026-08-09 08:59:34;85.66;63.896526401406135;52;;
2026-08-09 09:00:04;85.73;64.03394104201429;52;;
2026-08-09 09:00:34;85.98;64.52628652252473;52;;
2026-08-09 09:01:04;86.01;64.58553397280879;52;;
2026-08-09 09:01:35;86.23;65.02110407291111;52;;
2026-08-09 09:02:05;86.62;65.79797137854109;52;;
2026-08-09 09:02:35;86.63;65.81797059482233;52;;
2026-08-09 09:03:05;86.48;65.51840031669451;52;;
2026-08-09 09:03:35;86.47;65.49846079285426;52;;
2026-08-09 09:04:05;86.27;65.10050473147824;52;;
2026-08-09 09:04:35;86.41;65.37890713297207;52;;
2026-08-09 09:05:05;86.36;65.27938835953677;52;;
2026-08-09 09:05:35;86.48;65.51840031669451;52;;
2026-08-09 09:06:05;86.51;65.57824274904281;52;;
2026-08-09 09:06:35;86.48;65.51840031669451;52;;
2026-08-09 09:07:05;86.68;65.91802642818497;52;;
2026-08-09 09:07:35;86.83;66.21879189446938;52;;
2026-08-09 09:08:05;86.83;66.21879189446938;52;;
2026-08-09 09:08:35;86.98;66.52045542722682;52;;
2026-08-09 09:09:05;86.91;66.37956726115864;52;;
2026-08-09 09:09:35;87;66.56074516272183;52;;
2026-08-09 09:10:06;87;66.56074516272183;52;;
2026-08-09 09:10:36;87.01;66.58089602822665;52;;
2026-08-09 09:11:06;87.04;66.64137262088408;52;;
2026-08-09 09:11:36;87.01;66.58089602822665;52;;
2026-08-09 09:12:06;87;66.56074516272183;52;;
2026-08-09 09:12:36;87;66.56074516272183;52;;
2026-08-09 09:13:06;87;66.56074516272183;52;;
2026-08-09 09:13:36;87;66.56074516272183;52;;
2026-08-09 09:14:06;87;66.56074516272183;52;;
2026-08-09 09:14:36;86.98;66.52045542722682;52;;
2026-08-09 09:15:06;86.98;66.52045542722682;52;;
2026-08-09 09:15:36;86.98;66.52045542722682;52;;
2026-08-09 09:16:06;86.98;66.52045542722682;52;;
2026-08-09 09:16:36;86.94;66.43992392636423;52;;
2026-08-09 09:17:06;86.91;66.37956726115864;52;;
2026-08-09 09:17:36;86.86;66.27905270972354;52;;
2026-08-09 09:18:06;86.87;66.2991476329406;52;;
2026-08-09 09:18:36;86.88;66.31924654926672;52;;
2026-08-09 09:19:07;86.81;66.17863797537323;52;;
2026-08-09 09:19:37;86.73;66.01818188712741;52;;
2026-08-09 09:20:07;86.66;65.87799214274762;52;;
2026-08-09 09:20:37;86.91;66.37956726115864;52;;
2026-08-09 09:21:07;86.98;66.52045542722682;52;;
2026-08-09 09:21:37;87;66.56074516272183;52;;
2026-08-09 09:22:07;86.93;66.41980104243989;52;;
2026-08-09 09:22:37;86.87;66.2991476329406;52;;
2026-08-09 09:23:07;86.72;65.99814282274032;52;;
2026-08-09 09:23:37;86.61;65.77797614473135;52;;
2026-08-09 09:24:07;86.48;65.51840031669451;52;;
2026-08-09 09:24:37;86.33;65.21972475597302;52;;
2026-08-09 09:25:07;86.37;65.29928416967546;52;;
2026-08-09 09:25:37;86.12;64.80307936762722;52;;
2026-08-09 09:26:07;86.06;64.68435886055994;52;;
2026-08-09 09:26:37;86.01;64.58553397280879;52;;
2026-08-09 09:27:07;86;64.56578086669757;52;;
2026-08-09 09:27:37;86;64.56578086669757;52;;
2026-08-09 09:28:08;86;64.56578086669757;52;;
2026-08-09 09:28:38;86;64.56578086669757;52;;
2026-08-09 09:29:08;86;64.56578086669757;52;;
2026-08-09 09:29:38;86;64.56578086669757;52;;
2026-08-09 09:30:08;86;64.56578086669757;52;;
2026-08-09 09:30:38;86;64.56578086669757;52;;
2026-08-09 09:31:08;85.97;64.5065452836159;52;;
2026-08-09 09:31:38;85.94;64.44734529451674;52;;
2026-08-09 09:32:08;85.87;64.30935034342978;52;;
2026-08-09 09:32:38;85.68;63.9357680121106;52;;
2026-08-09 09:33:08;85.58;63.73971759549562;52;;
2026-08-09 09:33:38;85.52;63.62227641513539;52;;
2026-08-09 09:34:08;85.48;63.54406101755661;52;;
2026-08-09 09:34:38;85.47;63.524517004622254;52;;
2026-08-09 09:35:08;85.40;63.387819035136765;52;;
2026-08-09 09:35:38;85.23;63.05663984499308;52;;
2026-08-09 09:36:08;85.26;63.1150007766095;52;;
2026-08-09 09:36:39;85.22;63.03719404890434;52;;
2026-08-09 09:37:09;85.12;62.84295179382635;52;;
2026-08-09 09:37:39;85.12;62.84295179382635;52;;
2026-08-09 09:38:09;85.02;62.64910143605177;52;;
2026-08-09 09:38:39;85.06;62.72659457845704;52;;
2026-08-09 09:39:09;85.08;62.76536464664115;52;;
2026-08-09 09:39:39;85.08;62.76536464664115;52;;
2026-08-09 09:40:09;85.09;62.78475555645324;52;;
2026-08-09 09:40:39;85.08;62.76536464664115;52;;
2026-08-09 09:41:09;85.01;62.62973793840193;52;;
2026-08-09 09:41:39;85.01;62.62973793840193;52;;
2026-08-09 09:42:09;85.01;62.62973793840193;52;;
2026-08-09 09:42:39;85;62.61037835509018;52;;
2026-08-09 09:43:09;85.01;62.62973793840193;52;;
2026-08-09 09:43:39;85;62.61037835509018;52;;
2026-08-09 09:44:09;85.01;62.62973793840193;52;;
2026-08-09 09:44:39;85.01;62.62973793840193;52;;
2026-08-09 09:45:09;85;62.61037835509018;52;;
2026-08-09 09:45:40;85;62.61037835509018;52;;
2026-08-09 09:46:10;85.01;62.62973793840193;52;;
2026-08-09 09:46:40;85.01;62.62973793840193;52;;
2026-08-09 09:47:10;85.01;62.62973793840193;52;;
2026-08-09 09:47:40;85;62.61037835509018;52;;
2026-08-09 09:48:10;85;62.61037835509018;52;;
2026-08-09 09:48:40;85;62.61037835509018;52;;
2026-08-09 09:49:10;85;62.61037835509018;52;;
2026-08-09 09:49:40;84.98;62.571670929796355;52;;
2026-08-09 09:50:10;85;62.61037835509018;52;;
2026-08-09 09:50:40;85;62.61037835509018;52;;
2026-08-09 09:51:10;85;62.61037835509018;52;;
2026-08-09 09:51:40;85;62.61037835509018;52;;
2026-08-09 09:52:10;84.98;62.571670929796355;52;;
2026-08-09 09:52:40;84.98;62.571670929796355;52;;
2026-08-09 09:53:10;85;62.61037835509018;52;;
2026-08-09 09:53:40;85.04;62.68784017605073;52;;
2026-08-09 09:54:10;84.37;61.39859753107632;52;;
2026-08-09 09:54:41;84.93;62.47497083799873;52;;
2026-08-09 09:55:11;85.01;62.62973793840193;52;;
2026-08-09 09:55:41;85.01;62.62973793840193;52;;
2026-08-09 09:56:11;85;62.61037835509018;52;;
2026-08-09 09:56:41;85;62.61037835509018;52;;
2026-08-09 09:57:11;85;62.61037835509018;52;;
2026-08-09 09:57:41;84.98;62.571670929796355;52;;
2026-08-09 09:58:11;84.98;62.571670929796355;52;;
2026-08-09 09:58:41;84.95;62.513639138862615;52;;
2026-08-09 09:59:11;84.88;62.3783685204344;52;;
2026-08-09 09:59:41;84.87;62.35905978519893;52;;
2026-08-09 10:00:11;84.87;62.35905978519893;52;;
2026-08-09 10:00:41;84.76;62.14692156231737;52;;
2026-08-09 10:01:11;84.69;62.0121704871239;52;;
2026-08-09 10:01:41;84.88;62.3783685204344;52;;
2026-08-09 10:02:11;84.55;61.74324162078526;52;;
2026-08-09 10:02:41;84;60.694115216886466;52;;
2026-08-09 10:03:12;83.76;60.23998929180234;52;;
2026-08-09 10:03:42;83.90;60.504625379038984;52;;
2026-08-09 10:04:12;84.08;60.845985845390764;52;;
2026-08-09 10:04:42;84.20;61.07425688781667;52;;
2026-08-09 10:05:12;84.27;61.2076729894503;52;;
2026-08-09 10:05:42;84.44;61.53247598741085;52;;
2026-08-09 10:06:12;84.45;61.551617039291834;52;;
2026-08-09 10:06:42;84.40;61.45595067938166;52;;
2026-08-09 10:07:12;84.33;61.32218108874787;52;;
2026-08-09 10:07:42;84.26;61.1886019000067;52;;
2026-08-09 10:08:12;84.31;61.28399618377876;52;;
2026-08-09 10:08:42;84.12;60.92201415276162;52;;
2026-08-09 10:09:12;84.08;60.845985845390764;52;;
2026-08-09 10:09:42;84.06;60.80799494501185;52;;
2026-08-09 10:10:12;84.04;60.770019542368736;52;;
2026-08-09 10:10:42;84.05;60.78900530668273;52;;
2026-08-09 10:11:12;84.06;60.80799494501185;52;;
2026-08-09 10:11:42;84.16;60.99810449129641;52;;
2026-08-09 10:12:13;84.62;61.877610554671506;52;;
2026-08-09 10:12:43;84.05;60.78900530668273;52;;
2026-08-09 10:13:13;84.30;61.26490955887468;52;;
2026-08-09 10:13:43;84.65;61.935255701166184;52;;
2026-08-09 10:14:13;84.58;61.80080492840196;52;;
2026-08-09 10:14:43;84.43;61.51333882589909;52;;
2026-08-09 10:15:13;84.41;61.47507617230424;52;;
2026-08-09 10:15:43;84.50;61.64738066893067;52;;
2026-08-09 10:16:13;84.43;61.51333882589909;52;;
2026-08-09 10:16:43;84.26;61.1886019000067;52;;
2026-08-09 10:17:13;84.37;61.39859753107632;52;;
2026-08-09 10:17:43;84.58;61.80080492840196;52;;
2026-08-09 10:18:13;84.33;61.32218108874787;52;;
2026-08-09 10:18:43;84.16;60.99810449129641;52;;
2026-08-09 10:19:13;84.08;60.845985845390764;52;;
2026-08-09 10:19:43;84.06;60.80799494501185;52;;
2026-08-09 10:20:13;84;60.694115216886466;52;;
2026-08-09 10:20:43;84.01;60.713085489328584;52;;
2026-08-09 10:21:14;84.01;60.713085489328584;52;;
2026-08-09 10:21:44;84.01;60.713085489328584;52;;
2026-08-09 10:22:14;84;60.694115216886466;52;;
2026-08-09 10:22:44;84;60.694115216886466;52;;
2026-08-09 10:23:14;84;60.694115216886466;52;;
2026-08-09 10:23:44;84;60.694115216886466;52;;
2026-08-09 10:24:14;84;60.694115216886466;52;;
2026-08-09 10:24:44;84;60.694115216886466;52;;
2026-08-09 10:25:14;84;60.694115216886466;52;;
2026-08-09 10:25:44;84;60.694115216886466;52;;
2026-08-09 10:26:14;84;60.694115216886466;52;;
2026-08-09 10:26:44;84;60.694115216886466;52;;
2026-08-09 10:27:14;84;60.694115216886466;52;;
2026-08-09 10:27:44;84;60.694115216886466;52;;
2026-08-09 10:28:14;84;60.694115216886466;52;;
2026-08-09 10:28:44;84;60.694115216886466;52;;
2026-08-09 10:29:14;83.98;60.65618628734666;52;;
2026-08-09 10:29:44;83.98;60.65618628734666;52;;
2026-08-09 10:30:15;83.98;60.65618628734666;52;;
2026-08-09 10:30:45;83.98;60.65618628734666;52;;
2026-08-09 10:31:15;83.98;60.65618628734666;52;;
2026-08-09 10:31:45;83.95;60.59932192511714;52;;
2026-08-09 10:32:15;83.98;60.65618628734666;52;;
2026-08-09 10:32:45;83.98;60.65618628734666;52;;
2026-08-09 10:33:15;84;60.694115216886466;52;;
2026-08-09 10:33:45;84.01;60.713085489328584;52;;
2026-08-09 10:34:15;84;60.694115216886466;52;;
2026-08-09 10:34:45;84;60.694115216886466;52;;
2026-08-09 10:35:15;84;60.694115216886466;52;;
2026-08-09 10:35:45;84;60.694115216886466;52;;
2026-08-09 10:36:15;83.98;60.65618628734666;52;;
2026-08-09 10:36:45;83.98;60.65618628734666;52;;
2026-08-09 10:37:15;83.98;60.65618628734666;52;;
2026-08-09 10:37:45;83.95;60.59932192511714;52;;
2026-08-09 10:38:15;83.93;60.561431700133255;52;;
2026-08-09 10:38:46;83.79;60.29663326468661;52;;
2026-08-09 10:39:16;83.55;59.84445404281277;52;;
2026-08-09 10:39:46;83.44;59.637947303461964;52;;
2026-08-09 10:40:16;83.44;59.637947303461964;52;;
2026-08-09 10:40:46;83.55;59.84445404281277;52;;
2026-08-09 10:41:16;83.47;59.69422111779841;52;;
2026-08-09 10:41:46;83.36;59.48805310235648;52;;
2026-08-09 10:42:16;83.36;59.48805310235648;52;;
2026-08-09 10:42:46;83.38;59.525503573264146;52;;
2026-08-09 10:43:16;83.41;59.581708125706804;52;;
2026-08-09 10:43:46;83.37;59.50677641501641;52;;
2026-08-09 10:44:16;83.41;59.581708125706804;52;;
2026-08-09 10:44:46;83.37;59.50677641501641;52;;
2026-08-09 10:45:16;83.38;59.525503573264146;52;;
2026-08-09 10:45:46;83.33;59.431906233731524;52;;
2026-08-09 10:46:16;83.26;59.301031391310524;52;;
2026-08-09 10:46:46;83.12;59.03984619044891;52;;
2026-08-09 10:47:16;83.05;58.90953554608258;52;;
2026-08-09 10:47:47;83.08;58.96535996327461;52;;
2026-08-09 10:48:17;83.02;58.85374561912845;52;;
2026-08-09 10:48:47;83.38;59.525503573264146;52;;
2026-08-09 10:49:17;83.38;59.525503573264146;52;;
2026-08-09 10:49:47;83.50;59.750529579986996;52;;
2026-08-09 10:50:17;83.79;60.29663326468661;52;;
2026-08-09 10:50:47;83.73;60.183380075820835;52;;
2026-08-09 10:51:17;83.58;59.9008549543897;52;;
2026-08-09 10:51:47;83.86;60.428937763914256;52;;
2026-08-09 10:52:17;83.97;60.637227629411434;52;;
2026-08-09 10:52:47;83.26;59.301031391310524;52;;
2026-08-09 10:53:17;82.98;58.77941268190423;52;;
2026-08-09 10:53:47;82.37;57.653411376481316;52;;
2026-08-09 10:54:17;81.90;56.795496039734694;52;;
2026-08-09 10:54:47;82.02;57.013741795967334;52;;
2026-08-09 10:55:17;82.48;57.85541195619427;52;;
2026-08-09 10:55:47;82.87;58.57531294446561;52;;
2026-08-09 10:56:17;82.98;58.77941268190423;52;;
2026-08-09 10:56:48;83;58.81657149018314;52;;
2026-08-09 10:57:18;83;58.81657149018314;52;;
2026-08-09 10:57:48;83;58.81657149018314;52;;
2026-08-09 10:58:18;83;58.81657149018314;52;;
2026-08-09 10:58:48;83;58.81657149018314;52;;
2026-08-09 10:59:18;82.98;58.77941268190423;52;;
2026-08-09 10:59:48;82.98;58.77941268190423;52;;
2026-08-09 11:00:18;83;58.81657149018314;52;;
2026-08-09 11:00:48;82.98;58.77941268190423;52;;
2026-08-09 11:01:18;82.98;58.77941268190423;52;;
2026-08-09 11:01:48;83.05;58.90953554608258;52;;
2026-08-09 11:02:18;83;58.81657149018314;52;;
2026-08-09 11:02:48;83;58.81657149018314;52;;
2026-08-09 11:03:18;83;58.81657149018314;52;;
2026-08-09 11:03:48;83;58.81657149018314;52;;
2026-08-09 11:04:18;83;58.81657149018314;52;;
2026-08-09 11:04:48;83;58.81657149018314;52;;
2026-08-09 11:05:19;83;58.81657149018314;52;;
2026-08-09 11:05:49;83;58.81657149018314;52;;
2026-08-09 11:06:19;83;58.81657149018314;52;;
2026-08-09 11:06:49;83;58.81657149018314;52;;
2026-08-09 11:07:19;83;58.81657149018314;52;;
2026-08-09 11:07:49;83;58.81657149018314;52;;
2026-08-09 11:08:19;83;58.81657149018314;52;;
2026-08-09 11:08:49;82.95;58.72370318844984;52;;
2026-08-09 11:09:19;82.98;58.77941268190423;52;;
2026-08-09 11:09:49;83;58.81657149018314;52;;
2026-08-09 11:10:19;82.94;58.705141014023695;52;;
2026-08-09 11:10:49;82.91;58.64947745509409;52;;
2026-08-09 11:11:19;82.93;58.68658266726647;52;;
2026-08-09 11:11:49;82.84;58.51972972288949;52;;
2026-08-09 11:12:19;82.83;58.501209629934955;52;;
2026-08-09 11:12:49;82.70;58.2607961715318;52;;
2026-08-09 11:13:19;82.65;58.16850130255689;52;;
2026-08-09 11:13:49;82.73;58.316218901834155;52;;
2026-08-09 11:14:20;82.69;58.24232956402558;52;;
2026-08-09 11:14:50;82.73;58.316218901834155;52;;
2026-08-09 11:15:20;82.58;58.039448729936915;52;;
2026-08-09 11:15:50;82.55;57.98419768335017;52;;
2026-08-09 11:16:20;82.73;58.316218901834155;52;;
2026-08-09 11:16:50;82.98;58.77941268190423;52;;
2026-08-09 11:17:20;82.95;58.72370318844984;52;;
2026-08-09 11:17:50;82.88;58.59384833394845;52;;
2026-08-09 11:18:20;82.81;58.46418091288613;52;;
2026-08-09 11:18:50;82.77;58.390169342584926;52;;
2026-08-09 11:19:20;82.98;58.77941268190423;52;;
2026-08-09 11:19:50;83;58.81657149018314;52;;
2026-08-09 11:20:20;82.83;58.501209629934955;52;;
2026-08-09 11:20:50;82.47;57.8370292326876;52;;
2026-08-09 11:21:20;82.97;58.76083902197388;52;;
2026-08-09 11:21:50;82.98;58.77941268190423;52;;
2026-08-09 11:22:20;83;58.81657149018314;52;;
2026-08-09 11:22:50;83;58.81657149018314;52;;
2026-08-09 11:23:21;82.94;58.705141014023695;52;;
2026-08-09 11:23:51;82.87;58.57531294446561;52;;
2026-08-09 11:24:21;82.88;58.59384833394845;52;;
2026-08-09 11:24:51;82.72;58.29774084002044;52;;
2026-08-09 11:25:21;82.69;58.24232956402558;52;;
2026-08-09 11:25:51;82.63;58.131610067138446;52;;
2026-08-09 11:26:21;82.61;58.09473409083203;52;;
2026-08-09 11:26:51;82.48;57.85541195619427;52;;
2026-08-09 11:27:21;82.51;57.91058297966638;52;;
2026-08-09 11:27:51;82.41;57.726812847923384;52;;
2026-08-09 11:28:21;82.41;57.726812847923384;52;;
2026-08-09 11:28:51;82.30;57.52510523886233;52;;
2026-08-09 11:29:21;82.30;57.52510523886233;52;;
2026-08-09 11:29:51;82.23;57.39698535418392;52;;
2026-08-09 11:30:21;82.19;57.32385756054912;52;;
2026-08-09 11:30:51;82.16;57.26905158023531;52;;
2026-08-09 11:31:21;82.18;57.30558510447695;52;;
2026-08-09 11:31:52;82.12;57.19603007176103;52;;
2026-08-09 11:32:22;82.12;57.19603007176103;52;;
2026-08-09 11:32:52;82.05;57.06838847034296;52;;
2026-08-09 11:33:22;82.05;57.06838847034296;52;;
2026-08-09 11:33:52;82.02;57.013741795967334;52;;
2026-08-09 11:34:22;82.04;57.050169122049454;52;;
2026-08-09 11:34:52;82.01;56.99553381735059;52;;
2026-08-09 11:35:22;82.01;56.99553381735059;52;;
2026-08-09 11:35:52;82.01;56.99553381735059;52;;
2026-08-09 11:36:22;82.01;56.99553381735059;52;;
2026-08-09 11:36:52;82;56.977329627798014;52;;
2026-08-09 11:37:22;82;56.977329627798014;52;;
2026-08-09 11:37:52;82;56.977329627798014;52;;
2026-08-09 11:38:22;82.47;57.8370292326876;52;;
2026-08-09 11:38:52;82.65;58.16850130255689;52;;
2026-08-09 11:39:22;82.02;57.013741795967334;52;;
2026-08-09 11:39:52;82;56.977329627798014;52;;
2026-08-09 11:40:22;82.04;57.050169122049454;52;;
2026-08-09 11:40:53;82.29;57.506790998270226;52;;
2026-08-09 11:41:23;82.91;58.64947745509409;52;;
2026-08-09 11:41:53;82.62;58.11317017180401;52;;
2026-08-09 11:42:23;82.47;57.8370292326876;52;;
2026-08-09 11:42:53;81.95;56.88636550150887;52;;
2026-08-09 11:43:23;81.23;55.58695288865812;52;;
2026-08-09 11:43:53;81.41;55.9099742002556;52;;
2026-08-09 11:44:23;81.58;56.21616971174719;52;;
2026-08-09 11:44:53;81.79;56.595916188038835;52;;
2026-08-09 11:45:23;81.87;56.74101978011863;52;;
2026-08-09 11:45:53;81.97;56.9227397893856;52;;
2026-08-09 11:46:23;81.95;56.88636550150887;52;;
2026-08-09 11:46:53;81.94;56.86818403764834;52;;
2026-08-09 11:47:23;81.95;56.88636550150887;52;;
2026-08-09 11:47:53;81.95;56.88636550150887;52;;
2026-08-09 11:48:23;81.91;56.81366236141141;52;;
2026-08-09 11:48:53;81.87;56.74101978011863;52;;
2026-08-09 11:49:23;81.88;56.759174749502016;52;;
2026-08-09 11:49:54;81.90;56.795496039734694;52;;
2026-08-09 11:50:24;81.97;56.9227397893856;52;;
2026-08-09 11:50:54;81.94;56.86818403764834;52;;
2026-08-09 11:51:24;81.95;56.88636550150887;52;;
2026-08-09 11:51:54;81.94;56.86818403764834;52;;
2026-08-09 11:52:24;81.93;56.85000635995443;52;;
2026-08-09 11:52:54;81.91;56.81366236141141;52;;
2026-08-09 11:53:24;81.90;56.795496039734694;52;;
2026-08-09 11:53:54;81.87;56.74101978011863;52;;
2026-08-09 11:54:24;81.77;56.55967809790631;52;;
2026-08-09 11:54:54;81.69;56.41487686969292;52;;
2026-08-09 11:55:24;81.73;56.4872472639505;52;;
2026-08-09 11:55:54;81.69;56.41487686969292;52;;
2026-08-09 11:56:24;81.75;56.523455124312655;52;;
2026-08-09 11:56:54;81.75;56.523455124312655;52;;
2026-08-09 11:57:24;81.68;56.39679371173146;52;;
2026-08-09 11:57:54;81.62;56.28837403320789;52;;
2026-08-09 11:58:25;81.62;56.28837403320789;52;;
2026-08-09 11:58:55;81.58;56.21616971174719;52;;
2026-08-09 11:59:25;81.50;56.07194206400275;52;;
2026-08-09 11:59:55;81.58;56.21616971174719;52;;
2026-08-09 12:00:25;81.66;56.36063872163915;52;;
2026-08-09 12:00:55;81.58;56.21616971174719;52;;
2026-08-09 12:01:25;81.48;56.035922840125494;52;;
2026-08-09 12:01:55;81.61;56.270317294471894;52;;
2026-08-09 12:02:25;81.48;56.035922840125494;52;;
2026-08-09 12:02:55;81.51;56.089957327705235;52;;
2026-08-09 12:03:25;81.44;55.963929594923826;52;;
2026-08-09 12:03:55;81.37;55.83808637182652;52;;
2026-08-09 12:04:25;81.37;55.83808637182652;52;;
2026-08-09 12:04:55;81.41;55.9099742002556;52;;
2026-08-09 12:05:25;81.56;56.18009018036956;52;;
2026-08-09 12:05:55;81.62;56.28837403320789;52;;
2026-08-09 12:06:25;81.63;56.306434544879416;52;;
2026-08-09 12:06:55;81.47;56.01791887912507;52;;
2026-08-09 12:07:26;81.37;55.83808637182652;52;;
2026-08-09 12:07:56;81.41;55.9099742002556;52;;
2026-08-09 12:08:26;81.30;55.71242751689286;52;;
2026-08-09 12:08:56;81.31;55.73036749939888;52;;
2026-08-09 12:09:26;81.30;55.71242751689286;52;;
2026-08-09 12:09:56;81.19;55.51533576070137;52;;
2026-08-09 12:10:26;81.13;55.40802271634533;52;;
2026-08-09 12:10:56;81.09;55.33655574670486;52;;
2026-08-09 12:11:26;81.15;55.44377871584883;52;;
2026-08-09 12:11:56;81.08;55.31869838300985;52;;
2026-08-09 12:12:26;81.08;55.31869838300985;52;;
2026-08-09 12:12:56;81.01;55.19380183262881;52;;
2026-08-09 12:13:26;81.04;55.24730643073486;52;;
2026-08-09 12:13:56;81.01;55.19380183262881;52;;
2026-08-09 12:14:26;81;55.17597446270236;52;;
2026-08-09 12:14:56;81.01;55.19380183262881;52;;
2026-08-09 12:15:26;81.12;55.39015034588235;52;;
2026-08-09 12:15:56;81.86;56.7228685940056;52;;
2026-08-09 12:16:27;81.63;56.306434544879416;52;;
2026-08-09 12:16:57;81.66;56.36063872163915;52;;
2026-08-09 12:17:27;81.55;56.162056070573485;52;;
2026-08-09 12:17:57;81.36;55.82012382228931;52;;
2026-08-09 12:18:27;81.20;55.533234408869276;52;;
2026-08-09 12:18:57;81.27;55.658630126096256;52;;
2026-08-09 12:19:27;81.19;55.51533576070137;52;;
2026-08-09 12:19:57;81.23;55.58695288865812;52;;
2026-08-09 12:20:27;81.16;55.46166234571321;52;;
2026-08-09 12:20:57;81.05;55.26514879425143;52;;
2026-08-09 12:21:27;81.02;55.21163295033526;52;;
2026-08-09 12:21:57;81.05;55.26514879425143;52;;
2026-08-09 12:22:27;81.01;55.19380183262881;52;;
2026-08-09 12:22:57;81.01;55.19380183262881;52;;
2026-08-09 12:23:27;81;55.17597446270236;52;;
2026-08-09 12:23:57;81;55.17597446270236;52;;
2026-08-09 12:24:27;81;55.17597446270236;52;;
2026-08-09 12:24:58;81.01;55.19380183262881;52;;
2026-08-09 12:25:28;81;55.17597446270236;52;;
2026-08-09 12:25:58;81;55.17597446270236;52;;
2026-08-09 12:26:28;80.98;55.14033096454276;52;;
2026-08-09 12:26:58;81;55.17597446270236;52;;
2026-08-09 12:27:28;80.98;55.14033096454276;52;;
2026-08-09 12:27:58;80.95;55.08689381536222;52;;
2026-08-09 12:28:28;80.94;55.06908892347145;52;;
2026-08-09 12:28:58;80.98;55.14033096454276;52;;
2026-08-09 12:29:28;80.93;55.05128777647942;52;;
2026-08-09 12:29:58;80.93;55.05128777647942;52;;
2026-08-09 12:30:28;80.91;55.0156967155457;52;;
2026-08-09 12:30:58;80.83;54.87348218547202;52;;
2026-08-09 12:31:28;80.83;54.87348218547202;52;;
2026-08-09 12:31:58;80.77;54.76697839512197;52;;
2026-08-09 12:32:28;80.80;54.82021346416794;52;;
2026-08-09 12:32:58;80.84;54.891245906105304;52;;
2026-08-09 12:33:28;80.81;54.83796596491456;52;;
2026-08-09 12:33:59;80.86;54.92678457013746;52;;
2026-08-09 12:34:29;80.87;54.944559514358936;52;;
2026-08-09 12:34:59;80.76;54.74924084846746;52;;
2026-08-09 12:35:29;80.83;54.87348218547202;52;;
2026-08-09 12:35:59;80.83;54.87348218547202;52;;
2026-08-09 12:36:29;80.80;54.82021346416794;52;;
2026-08-09 12:36:59;80.69;54.62518264873096;52;;
2026-08-09 12:37:29;80.70;54.6428940415514;52;;
2026-08-09 12:37:59;80.69;54.62518264873096;52;;
2026-08-09 12:38:29;80.69;54.62518264873096;52;;
2026-08-09 12:38:59;80.70;54.6428940415514;52;;
2026-08-09 12:39:29;80.56;54.39527424274774;52;;
2026-08-09 12:39:59;80.58;54.430603722100926;52;;
2026-08-09 12:40:29;80.43;54.1659960847486;52;;
2026-08-09 12:40:59;80.51;54.307015799538654;52;;
2026-08-09 12:41:29;80.36;54.04279934840965;52;;
2026-08-09 12:41:59;80.19;53.74436609375665;52;;
2026-08-09 12:42:29;80.16;53.691812882130534;52;;
2026-08-09 12:43:00;80.20;53.761891258618014;52;;
2026-08-09 12:43:30;80.27;53.88467144186125;52;;
2026-08-09 12:44:00;80.23;53.81448904189749;52;;
2026-08-09 12:44:30;80.18;53.7268446429948;52;;
2026-08-09 12:45:00;80.12;53.621793911567266;52;;
2026-08-09 12:45:30;80.16;53.691812882130534;52;;
2026-08-09 12:46:00;80.12;53.621793911567266;52;;
2026-08-09 12:46:30;80.08;53.5518343207084;52;;
2026-08-09 12:47:00;80.12;53.621793911567266;52;;
2026-08-09 12:47:30;80.08;53.5518343207084;52;;
2026-08-09 12:48:00;80.05;53.49940357972575;52;;
2026-08-09 12:48:30;80.02;53.44700621402458;52;;
2026-08-09 12:49:00;80.05;53.49940357972575;52;;
2026-08-09 12:49:30;80.08;53.5518343207084;52;;
2026-08-09 12:50:00;80.04;53.48193408334007;52;;
2026-08-09 12:50:30;80.06;53.51687678447603;52;;
2026-08-09 12:51:00;80.06;53.51687678447603;52;;
2026-08-09 12:51:30;80.02;53.44700621402458;52;;
2026-08-09 12:52:01;80.01;53.429547840275966;52;;
2026-08-09 12:52:31;80.04;53.48193408334007;52;;
2026-08-09 12:53:01;80.05;53.49940357972575;52;;
2026-08-09 12:53:31;80.01;53.429547840275966;52;;
2026-08-09 12:54:01;80.01;53.429547840275966;52;;
2026-08-09 12:54:31;80;53.41209317325419;52;;
2026-08-09 12:55:01;80;53.41209317325419;52;;
2026-08-09 12:55:31;80;53.41209317325419;52;;
2026-08-09 12:56:01;80;53.41209317325419;52;;
2026-08-09 12:56:31;80;53.41209317325419;52;;
2026-08-09 12:57:01;80;53.41209317325419;52;;
2026-08-09 12:57:31;80;53.41209317325419;52;;
2026-08-09 12:58:01;79.98;53.3771949577537;52;;
2026-08-09 12:58:31;79.98;53.3771949577537;52;;
2026-08-09 12:59:01;80;53.41209317325419;52;;
2026-08-09 12:59:31;79.98;53.3771949577537;52;;
2026-08-09 13:00:01;79.98;53.3771949577537;52;;
2026-08-09 13:00:32;79.98;53.3771949577537;52;;
2026-08-09 13:01:02;80;53.41209317325419;52;;
2026-08-09 13:01:32;79.98;53.3771949577537;52;;
2026-08-09 13:02:02;79.98;53.3771949577537;52;;
2026-08-09 13:02:32;79.98;53.3771949577537;52;;
2026-08-09 13:03:02;79.97;53.359751408456376;52;;
2026-08-09 13:03:32;79.94;53.30744298946407;52;;
2026-08-09 13:04:02;79.95;53.32487542472079;52;;
2026-08-09 13:04:32;79.97;53.359751408456376;52;;
2026-08-09 13:05:02;79.97;53.359751408456376;52;;
2026-08-09 13:05:32;79.95;53.32487542472079;52;;
2026-08-09 13:06:02;79.93;53.29001425806908;52;;
2026-08-09 13:06:32;79.94;53.30744298946407;52;;
2026-08-09 13:07:02;79.97;53.359751408456376;52;;
2026-08-09 13:07:32;79.91;53.25516790522725;52;;
2026-08-09 13:08:02;79.93;53.29001425806908;52;;
2026-08-09 13:08:32;79.88;53.202926144697635;52;;
2026-08-09 13:09:02;79.88;53.202926144697635;52;;
2026-08-09 13:09:33;79.83;53.11593056649595;52;;
2026-08-09 13:10:03;79.81;53.08115823360928;52;;
2026-08-09 13:10:33;79.83;53.11593056649595;52;;
2026-08-09 13:11:03;79.76;52.99429211875094;52;;
2026-08-09 13:11:33;79.66;52.82083707538748;52;;
2026-08-09 13:12:03;79.62;52.7515584684691;52;;
2026-08-09 13:12:33;79.59;52.69963826787945;52;;
2026-08-09 13:13:03;79.58;52.6823389139994;52;;
2026-08-09 13:13:33;79.56;52.64775127326337;52;;
2026-08-09 13:14:03;79.66;52.82083707538748;52;;
2026-08-09 13:14:33;79.66;52.82083707538748;52;;
2026-08-09 13:15:03;79.72;52.92486576630472;52;;
2026-08-09 13:15:33;79.66;52.82083707538748;52;;
2026-08-09 13:16:03;79.58;52.6823389139994;52;;
2026-08-09 13:16:33;79.61;52.734248044705815;52;;
2026-08-09 13:17:03;79.59;52.69963826787945;52;;
2026-08-09 13:17:33;79.56;52.64775127326337;52;;
2026-08-09 13:18:03;79.48;52.50954821075011;52;;
2026-08-09 13:18:34;79.51;52.5613467100072;52;;
2026-08-09 13:19:04;79.47;52.492289414997735;52;;
2026-08-09 13:19:34;79.37;52.3199040460521;52;;
2026-08-09 13:20:04;79.31;52.21664951827965;52;;
2026-08-09 13:20:34;79.31;52.21664951827965;52;;
2026-08-09 13:21:04;79.33;52.251052977352415;52;;
2026-08-09 13:21:34;79.37;52.3199040460521;52;;
2026-08-09 13:22:04;79.26;52.130705230654215;52;;
2026-08-09 13:22:34;79.26;52.130705230654215;52;;
2026-08-09 13:23:04;79.23;52.079182774379376;52;;
2026-08-09 13:23:34;79.29;52.18226077170805;52;;
2026-08-09 13:24:04;79.16;51.95909231094303;52;;
2026-08-09 13:24:34;79.12;51.890549982181824;52;;
2026-08-09 13:25:04;79.18;51.99338550575847;52;;
2026-08-09 13:25:34;79.22;52.06201597255844;52;;
2026-08-09 13:26:04;79.12;51.890549982181824;52;;
2026-08-09 13:26:34;79.12;51.890549982181824;52;;
2026-08-09 13:27:04;79.05;51.77074220083959;52;;
2026-08-09 13:27:35;79.08;51.82206637951823;52;;
2026-08-09 13:28:05;79.01;51.70236130612123;52;;
2026-08-09 13:28:35;79.01;51.70236130612123;52;;
2026-08-09 13:29:05;79.01;51.70236130612123;52;;
2026-08-09 13:29:35;79.02;51.719451029931;52;;
2026-08-09 13:30:05;79.02;51.719451029931;52;;
2026-08-09 13:30:35;79.01;51.70236130612123;52;;
2026-08-09 13:31:05;79.04;51.75364147688305;52;;
2026-08-09 13:31:35;79.01;51.70236130612123;52;;
2026-08-09 13:32:05;79.01;51.70236130612123;52;;
2026-08-09 13:32:35;79.05;51.77074220083959;52;;
2026-08-09 13:33:05;79;51.68527524821276;52;;
2026-08-09 13:33:35;79.01;51.70236130612123;52;;
2026-08-09 13:34:05;79.01;51.70236130612123;52;;
2026-08-09 13:34:35;79.01;51.70236130612123;52;;
2026-08-09 13:35:05;79;51.68527524821276;52;;
2026-08-09 13:35:35;79.01;51.70236130612123;52;;
2026-08-09 13:36:05;79;51.68527524821276;52;;
2026-08-09 13:36:36;79.01;51.70236130612123;52;;
2026-08-09 13:37:06;79;51.68527524821276;52;;
2026-08-09 13:37:36;79;51.68527524821276;52;;
2026-08-09 13:38:06;79;51.68527524821276;52;;
2026-08-09 13:38:36;79;51.68527524821276;52;;
2026-08-09 13:39:06;79;51.68527524821276;52;;
2026-08-09 13:39:36;79;51.68527524821276;52;;
2026-08-09 13:40:06;78.98;51.651114128471214;52;;
2026-08-09 13:40:36;79;51.68527524821276;52;;
2026-08-09 13:41:06;78.98;51.651114128471214;52;;
2026-08-09 13:41:36;79;51.68527524821276;52;;
2026-08-09 13:42:06;79;51.68527524821276;52;;
2026-08-09 13:42:36;79;51.68527524821276;52;;
2026-08-09 13:43:06;79;51.68527524821276;52;;
2026-08-09 13:43:36;79;51.68527524821276;52;;
2026-08-09 13:44:06;79;51.68527524821276;52;;
2026-08-09 13:44:36;79;51.68527524821276;52;;
2026-08-09 13:45:07;79;51.68527524821276;52;;
2026-08-09 13:45:37;78.98;51.651114128471214;52;;
2026-08-09 13:46:07;78.98;51.651114128471214;52;;
2026-08-09 13:46:37;78.98;51.651114128471214;52;;
2026-08-09 13:47:07;78.98;51.651114128471214;52;;
2026-08-09 13:47:37;78.98;51.651114128471214;52;;
2026-08-09 13:48:07;78.98;51.651114128471214;52;;
2026-08-09 13:48:37;78.95;51.59989993294133;52;;
2026-08-09 13:49:07;78.97;51.634039065823956;52;;
2026-08-09 13:49:37;78.95;51.59989993294133;52;;
2026-08-09 13:50:07;78.95;51.59989993294133;52;;
2026-08-09 13:50:37;78.95;51.59989993294133;52;;
2026-08-09 13:51:07;78.95;51.59989993294133;52;;
2026-08-09 13:51:37;78.95;51.59989993294133;52;;
2026-08-09 13:52:07;78.93;51.56577545389438;52;;
2026-08-09 13:52:37;78.87;51.46348990721151;52;;
2026-08-09 13:53:07;78.93;51.56577545389438;52;;
2026-08-09 13:53:37;78.86;51.44645512918382;52;;
2026-08-09 13:54:08;78.84;51.41239655211224;52;;
2026-08-09 13:54:38;78.84;51.41239655211224;52;;
2026-08-09 13:55:08;78.87;51.46348990721151;52;;
2026-08-09 13:55:38;78.81;51.36133612786299;52;;
2026-08-09 13:56:08;78.79;51.32731413452391;52;;
2026-08-09 13:56:38;78.77;51.2933067689842;52;;
2026-08-09 13:57:08;78.79;51.32731413452391;52;;
2026-08-09 13:57:38;78.77;51.2933067689842;52;;
2026-08-09 13:58:08;78.73;51.22533590829179;52;;
2026-08-09 13:58:38;78.72;51.20835233041108;52;;
2026-08-09 13:59:08;78.69;51.157423519766645;52;;
2026-08-09 13:59:38;78.73;51.22533590829179;52;;
2026-08-09 14:00:08;78.73;51.22533590829179;52;;
2026-08-09 14:00:38;78.65;51.08956957739533;52;;
2026-08-09 14:01:08;78.69;51.157423519766645;52;;
2026-08-09 14:01:38;78.56;50.93711176610752;52;;
2026-08-09 14:02:08;78.62;51.03871746025991;52;;
2026-08-09 14:02:38;78.66;51.10652758508364;52;;
2026-08-09 14:03:09;78.62;51.03871746025991;52;;
2026-08-09 14:03:39;78.54;50.90327238654713;52;;
2026-08-09 14:04:09;78.66;51.10652758508364;52;;
2026-08-09 14:04:39;78.61;51.021774055170226;52;;
2026-08-09 14:05:09;78.61;51.021774055170226;52;;
2026-08-09 14:05:39;78.69;51.157423519766645;52;;
2026-08-09 14:06:09;78.66;51.10652758508364;52;;
2026-08-09 14:06:39;78.55;50.92019025272882;52;;
2026-08-09 14:07:09;78.62;51.03871746025991;52;;
2026-08-09 14:07:39;78.59;50.98789819348664;52;;
2026-08-09 14:08:09;78.62;51.03871746025991;52;;
2026-08-09 14:08:39;78.61;51.021774055170226;52;;
2026-08-09 14:09:09;78.47;50.78494941068118;52;;
2026-08-09 14:09:39;78.55;50.92019025272882;52;;
2026-08-09 14:10:09;78.58;50.9709657360803;52;;
2026-08-09 14:10:39;78.51;50.852540667122966;52;;
2026-08-09 14:11:09;78.63;51.05566451538974;52;;
2026-08-09 14:11:39;78.62;51.03871746025991;52;;
2026-08-09 14:12:10;78.62;51.03871746025991;52;;
2026-08-09 14:12:40;78.62;51.03871746025991;52;;
2026-08-09 14:13:10;78.63;51.05566451538974;52;;
2026-08-09 14:13:40;78.62;51.03871746025991;52;;
2026-08-09 14:14:10;78.61;51.021774055170226;52;;
2026-08-09 14:14:40;78.48;50.80184175785347;52;;
2026-08-09 14:15:10;78.50;50.83563738566838;52;;
2026-08-09 14:15:40;78.44;50.73429423123379;52;;
2026-08-09 14:16:10;78.47;50.78494941068118;52;;
2026-08-09 14:16:40;78.37;50.61622628917662;52;;
2026-08-09 14:17:10;78.37;50.61622628917662;52;;
2026-08-09 14:17:40;78.27;50.447867156761255;52;;
2026-08-09 14:18:10;78.31;50.51516715699957;52;;
2026-08-09 14:18:40;78.33;50.54883898023794;52;;
2026-08-09 14:19:10;78.25;50.41423897327285;52;;
2026-08-09 14:19:40;78.23;50.38062532987993;52;;
2026-08-09 14:20:10;78.20;50.330232120374895;52;;
2026-08-09 14:20:41;78.23;50.38062532987993;52;;
2026-08-09 14:21:11;78.19;50.313441650407604;52;;
2026-08-09 14:21:41;78.23;50.38062532987993;52;;
2026-08-09 14:22:11;78.19;50.313441650407604;52;;
2026-08-09 14:22:41;78.23;50.38062532987993;52;;
2026-08-09 14:23:11;78.19;50.313441650407604;52;;
2026-08-09 14:23:41;78.16;50.26309203443431;52;;
2026-08-09 14:24:11;78.15;50.246316092401855;52;;
2026-08-09 14:24:41;78.19;50.313441650407604;52;;
2026-08-09 14:25:11;78.26;50.431051247302406;52;;
2026-08-09 14:25:41;78.23;50.38062532987993;52;;
2026-08-09 14:26:11;78.22;50.36382395970573;52;;
2026-08-09 14:26:41;78.16;50.26309203443431;52;;
2026-08-09 14:27:11;78.16;50.26309203443431;52;;
2026-08-09 14:27:41;78.16;50.26309203443431;52;;
2026-08-09 14:28:11;78.18;50.29665481303192;52;;
2026-08-09 14:28:41;78.16;50.26309203443431;52;;
2026-08-09 14:29:11;78.16;50.26309203443431;52;;
2026-08-09 14:29:42;78.08;50.128986142661454;52;;
2026-08-09 14:30:12;78.12;50.196010050507304;52;;
2026-08-09 14:30:42;78.19;50.313441650407604;52;;
2026-08-09 14:31:12;78.22;50.36382395970573;52;;
2026-08-09 14:31:42;78.12;50.196010050507304;52;;
2026-08-09 14:32:12;78.11;50.17924862992607;52;;
2026-08-09 14:32:42;78.08;50.128986142661454;52;;
2026-08-09 14:33:12;78.06;50.09549595916661;52;;
2026-08-09 14:33:42;78.12;50.196010050507304;52;;
2026-08-09 14:34:12;78.13;50.21277510084353;52;;
2026-08-09 14:34:42;78.12;50.196010050507304;52;;
2026-08-09 14:35:12;78.12;50.196010050507304;52;;
2026-08-09 14:35:42;78.11;50.17924862992607;52;;
2026-08-09 14:36:12;78.13;50.21277510084353;52;;
2026-08-09 14:36:42;78.20;50.330232120374895;52;;
2026-08-09 14:37:12;78.16;50.26309203443431;52;;
2026-08-09 14:37:42;78.20;50.330232120374895;52;;
2026-08-09 14:38:12;78.23;50.38062532987993;52;;
2026-08-09 14:38:43;78.29;50.481509883588835;52;;
2026-08-09 14:39:13;78.26;50.431051247302406;52;;
2026-08-09 14:39:43;78.30;50.49833670176854;52;;
2026-08-09 14:40:13;78.19;50.313441650407604;52;;
2026-08-09 14:40:43;78.34;50.565680349056386;52;;
2026-08-09 14:41:13;78.31;50.51516715699957;52;;
2026-08-09 14:41:43;78.33;50.54883898023794;52;;
2026-08-09 14:42:13;78.26;50.431051247302406;52;;
2026-08-09 14:42:43;78.16;50.26309203443431;52;;
2026-08-09 14:43:13;78.16;50.26309203443431;52;;
2026-08-09 14:43:43;78.11;50.17924862992607;52;;
2026-08-09 14:44:13;78.08;50.128986142661454;52;;
2026-08-09 14:44:43;78.08;50.128986142661454;52;;
2026-08-09 14:45:13;78.08;50.128986142661454;52;;
2026-08-09 14:45:43;78.08;50.128986142661454;52;;
2026-08-09 14:46:13;78.06;50.09549595916661;52;;
2026-08-09 14:46:43;78.11;50.17924862992607;52;;
2026-08-09 14:47:13;78.05;50.078756308608526;52;;
2026-08-09 14:47:44;78.05;50.078756308608526;52;;
2026-08-09 14:48:14;78.06;50.09549595916661;52;;
2026-08-09 14:48:44;78.05;50.078756308608526;52;;
2026-08-09 14:49:14;78.08;50.128986142661454;52;;
2026-08-09 14:49:44;78.04;50.062020284969975;52;;
2026-08-09 14:50:14;78.02;50.02855911683153;52;;
2026-08-09 14:50:44;78.05;50.078756308608526;52;;
2026-08-09 14:51:14;78.12;50.196010050507304;52;;
2026-08-09 14:51:44;78.05;50.078756308608526;52;;
2026-08-09 14:52:14;78.08;50.128986142661454;52;;
2026-08-09 14:52:44;78.06;50.09549595916661;52;;
2026-08-09 14:53:14;78.16;50.26309203443431;52;;
2026-08-09 14:53:44;78.16;50.26309203443431;52;;
2026-08-09 14:54:14;78.11;50.17924862992607;52;;
2026-08-09 14:54:44;78.16;50.26309203443431;52;;
2026-08-09 14:55:14;78.15;50.246316092401855;52;;
2026-08-09 14:55:44;78.09;50.145736676408255;52;;
2026-08-09 14:56:14;78.11;50.17924862992607;52;;
2026-08-09 14:56:45;78.11;50.17924862992607;52;;
2026-08-09 14:57:15;78.12;50.196010050507304;52;;
2026-08-09 14:57:45;78.05;50.078756308608526;52;;
2026-08-09 14:58:15;78.08;50.128986142661454;52;;
2026-08-09 14:58:45;78.08;50.128986142661454;52;;
2026-08-09 14:59:15;78.04;50.062020284969975;52;;
2026-08-09 14:59:45;78.08;50.128986142661454;52;;
2026-08-09 15:00:15;78.12;50.196010050507304;52;;
2026-08-09 15:00:45;78.15;50.246316092401855;52;;
2026-08-09 15:01:15;78.16;50.26309203443431;52;;
2026-08-09 15:01:45;78.18;50.29665481303192;52;;
2026-08-09 15:02:15;78.16;50.26309203443431;52;;
2026-08-09 15:02:45;78.23;50.38062532987993;52;;
2026-08-09 15:03:15;78.19;50.313441650407604;52;;
2026-08-09 15:03:45;78.18;50.29665481303192;52;;
2026-08-09 15:04:15;78.19;50.313441650407604;52;;
2026-08-09 15:04:45;78.36;50.59937400312006;52;;
2026-08-09 15:05:15;78.37;50.61622628917662;52;;
2026-08-09 15:05:46;78.33;50.54883898023794;52;;
2026-08-09 15:06:16;78.29;50.481509883588835;52;;
2026-08-09 15:06:46;78.23;50.38062532987993;52;;
2026-08-09 15:07:16;78.22;50.36382395970573;52;;
2026-08-09 15:07:46;78.20;50.330232120374895;52;;
2026-08-09 15:08:16;78.13;50.21277510084353;52;;
2026-08-09 15:08:46;78.09;50.145736676408255;52;;
2026-08-09 15:09:16;78.06;50.09549595916661;52;;
2026-08-09 15:09:46;78.04;50.062020284969975;52;;
2026-08-09 15:10:16;78.04;50.062020284969975;52;;
2026-08-09 15:10:46;78.01;50.01183397152177;52;;
2026-08-09 15:11:16;78.04;50.062020284969975;52;;
2026-08-09 15:11:46;78.01;50.01183397152177;52;;
2026-08-09 15:12:16;78.01;50.01183397152177;52;;
2026-08-09 15:12:46;78.01;50.01183397152177;52;;
2026-08-09 15:13:16;78.01;50.01183397152177;52;;
2026-08-09 15:13:46;78.02;50.02855911683153;52;;
2026-08-09 15:14:17;78.01;50.01183397152177;52;;
2026-08-09 15:14:47;78.02;50.02855911683153;52;;
2026-08-09 15:15:17;78.04;50.062020284969975;52;;
2026-08-09 15:15:47;78.06;50.09549595916661;52;;
2026-08-09 15:16:17;78.08;50.128986142661454;52;;
2026-08-09 15:16:47;78.08;50.128986142661454;52;;
2026-08-09 15:17:17;78.08;50.128986142661454;52;;
2026-08-09 15:17:47;78.08;50.128986142661454;52;;
2026-08-09 15:18:17;78.06;50.09549595916661;52;;
2026-08-09 15:18:47;78.04;50.062020284969975;52;;
2026-08-09 15:19:17;78.08;50.128986142661454;52;;
2026-08-09 15:19:47;78.11;50.17924862992607;52;;
2026-08-09 15:20:17;78.06;50.09549595916661;52;;
2026-08-09 15:20:47;78.13;50.21277510084353;52;;
2026-08-09 15:21:17;78.06;50.09549595916661;52;;
2026-08-09 15:21:47;78.11;50.17924862992607;52;;
2026-08-09 15:22:17;78.05;50.078756308608526;52;;
2026-08-09 15:22:47;78.08;50.128986142661454;52;;
2026-08-09 15:23:18;78.08;50.128986142661454;52;;
2026-08-09 15:23:48;78.08;50.128986142661454;52;;
2026-08-09 15:24:18;78.13;50.21277510084353;52;;
2026-08-09 15:24:48;78.13;50.21277510084353;52;;
2026-08-09 15:25:18;78.12;50.196010050507304;52;;
2026-08-09 15:25:48;78.06;50.09549595916661;52;;
2026-08-09 15:26:18;78.08;50.128986142661454;52;;
2026-08-09 15:26:48;78.13;50.21277510084353;52;;
2026-08-09 15:27:18;78.08;50.128986142661454;52;;
2026-08-09 15:27:48;78.09;50.145736676408255;52;;
2026-08-09 15:28:18;78.05;50.078756308608526;52;;
2026-08-09 15:28:48;78.06;50.09549595916661;52;;
2026-08-09 15:29:18;78.08;50.128986142661454;52;;
2026-08-09 15:29:48;78.11;50.17924862992607;52;;
2026-08-09 15:30:18;78.08;50.128986142661454;52;;
2026-08-09 15:30:48;78.06;50.09549595916661;52;;
2026-08-09 15:31:18;78.05;50.078756308608526;52;;
2026-08-09 15:31:48;78.12;50.196010050507304;52;;
2026-08-09 15:32:19;78.06;50.09549595916661;52;;
2026-08-09 15:32:49;78.06;50.09549595916661;52;;
2026-08-09 15:33:19;78.04;50.062020284969975;52;;
2026-08-09 15:33:49;78.05;50.078756308608526;52;;
2026-08-09 15:34:19;78.05;50.078756308608526;52;;
2026-08-09 15:34:49;78.06;50.09549595916661;52;;
2026-08-09 15:35:19;78.02;50.02855911683153;52;;
2026-08-09 15:35:49;78.01;50.01183397152177;52;;
2026-08-09 15:36:19;78.04;50.062020284969975;52;;
2026-08-09 15:36:49;78.02;50.02855911683153;52;;
2026-08-09 15:37:19;78.05;50.078756308608526;52;;
2026-08-09 15:37:49;78.05;50.078756308608526;52;;
2026-08-09 15:38:19;78.08;50.128986142661454;52;;
2026-08-09 15:38:49;78.06;50.09549595916661;52;;
2026-08-09 15:39:19;78.08;50.128986142661454;52;;
2026-08-09 15:39:49;78.08;50.128986142661454;52;;
2026-08-09 15:40:19;78.08;50.128986142661454;52;;
2026-08-09 15:40:49;78.08;50.128986142661454;52;;
2026-08-09 15:41:20;78.06;50.09549595916661;52;;
2026-08-09 15:41:50;78.02;50.02855911683153;52;;
2026-08-09 15:42:20;78.06;50.09549595916661;52;;
2026-08-09 15:42:50;78.08;50.128986142661454;52;;
2026-08-09 15:43:20;78.08;50.128986142661454;52;;
2026-08-09 15:43:50;78.04;50.062020284969975;52;;
2026-08-09 15:44:20;78.06;50.09549595916661;52;;
2026-08-09 15:44:50;78.01;50.01183397152177;52;;
2026-08-09 15:45:20;78.02;50.02855911683153;52;;
2026-08-09 15:45:50;78.06;50.09549595916661;52;;
2026-08-09 15:46:20;78.05;50.078756308608526;52;;
2026-08-09 15:46:50;78.01;50.01183397152177;52;;
2026-08-09 15:47:20;78.01;50.01183397152177;52;;
2026-08-09 15:47:50;78.02;50.02855911683153;52;;
2026-08-09 15:48:20;78.01;50.01183397152177;52;;
2026-08-09 15:48:50;78.02;50.02855911683153;52;;
2026-08-09 15:49:20;78.06;50.09549595916661;52;;
2026-08-09 15:49:51;78.06;50.09549595916661;52;;
2026-08-09 15:50:21;78.06;50.09549595916661;52;;
2026-08-09 15:50:51;78.02;50.02855911683153;52;;
2026-08-09 15:51:21;78.06;50.09549595916661;52;;
2026-08-09 15:51:51;78.06;50.09549595916661;52;;
2026-08-09 15:52:21;78.08;50.128986142661454;52;;
2026-08-09 15:52:51;78.12;50.196010050507304;52;;
2026-08-09 15:53:21;78.08;50.128986142661454;52;;
2026-08-09 15:53:51;78.08;50.128986142661454;52;;
2026-08-09 15:54:21;78.12;50.196010050507304;52;;
2026-08-09 15:54:51;78.12;50.196010050507304;52;;
2026-08-09 15:55:21;78.13;50.21277510084353;52;;
2026-08-09 15:55:51;78.12;50.196010050507304;52;;
2026-08-09 15:56:21;78.12;50.196010050507304;52;;
2026-08-09 15:56:51;78.12;50.196010050507304;52;;
2026-08-09 15:57:21;78.11;50.17924862992607;52;;
2026-08-09 15:57:51;78.11;50.17924862992607;52;;
2026-08-09 15:58:21;78.05;50.078756308608526;52;;
2026-08-09 15:58:52;78.12;50.196010050507304;52;;
2026-08-09 15:59:22;78.05;50.078756308608526;52;;
2026-08-09 15:59:52;78.05;50.078756308608526;52;;
2026-08-09 16:00:22;78.08;50.128986142661454;52;;
2026-08-09 16:00:52;78.04;50.062020284969975;52;;
2026-08-09 16:01:22;78.02;50.02855911683153;52;;
2026-08-09 16:01:52;78.02;50.02855911683153;52;;
2026-08-09 16:02:22;78.01;50.01183397152177;52;;
2026-08-09 16:02:52;78.01;50.01183397152177;52;;
2026-08-09 16:03:22;78.04;50.062020284969975;52;;
2026-08-09 16:03:52;78.01;50.01183397152177;52;;
